# Processed by process_objs.py
# Vertices: 1236, Faces: 2472
v 19.370132 -8.699509 2.448343
v 16.663467 -8.349823 4.000000
v 16.351105 -8.181610 4.000000
v 15.828003 -7.727814 4.000000
v 15.632248 -7.455246 4.000000
v 19.159012 -8.256256 1.985195
v 15.488281 -7.162354 4.000000
v 19.188629 -7.861176 1.843210
v 19.168320 -8.001068 1.881258
v 15.400223 -6.857544 4.000000
v 19.218872 -7.717239 1.815670
v 19.307098 -7.425552 1.793352
v 19.363556 -7.282822 1.798956
v 19.427002 -7.145416 1.815670
v 15.723969 -5.571655 4.000000
v 15.828003 -5.458160 4.000000
v 19.570435 -6.895905 1.881104
v 16.351105 -5.103714 4.000000
v 16.998077 -4.936066 4.000000
v 19.727631 -6.694016 1.985195
v 19.887848 -6.553528 2.120848
v 16.998077 -4.567245 4.450403
v 19.965668 -6.509476 2.197689
v 16.998077 -4.427826 4.690304
v 20.174271 -6.490173 2.448343
v 20.231537 -6.521713 2.533836
v 20.280945 -6.571625 2.617867
v 16.998077 -4.258591 5.871304
v 20.321655 -6.639038 2.698997
v 16.998077 -4.334396 6.075256
v 20.352951 -6.722809 2.775839
v 16.998077 -4.589066 6.421530
v 20.385376 -6.933426 2.911491
v 16.998077 -4.763519 6.557894
v 16.998077 -5.191757 6.745380
v 20.376022 -7.189117 3.015581
v 20.355759 -7.328506 3.053474
v 20.325516 -7.472443 3.081015
v 16.998077 -5.700546 6.809338
v 20.237305 -7.764130 3.103333
v 16.998077 -6.817215 6.557894
v 20.180847 -7.906860 3.097731
v 16.998077 -7.089096 6.421532
v 20.117401 -8.044266 3.081015
v 16.998077 -7.348557 6.259724
v 20.048035 -8.173981 3.053474
v 16.998077 -7.812668 5.871305
v 19.816772 -8.495667 2.911491
v 16.998077 -8.009323 5.651377
v 19.736359 -8.574280 2.847076
v 16.998077 -8.177734 5.419254
v 16.998077 -8.314987 5.178934
v 19.656555 -8.636154 2.775839
v 16.998077 -8.418732 4.934549
v 16.998077 -8.487183 4.690306
v 19.504211 -8.705688 2.617867
v 16.998077 -8.519150 4.450405
v 16.998077 -8.514099 4.218975
v 16.998077 -8.472122 4.000000
v 20.040192 -6.483994 2.278818
v 19.808044 -6.615387 2.049610
v 19.647964 -6.788055 1.928703
v 19.496368 -7.015701 1.843210
v 19.258591 -7.571198 1.798956
v 19.170074 -8.368179 2.049610
v 19.191452 -8.466873 2.120848
v 19.222748 -8.550644 2.197689
v 19.263458 -8.618057 2.278818
v 19.312866 -8.667969 2.362850
v 19.434280 -8.712158 2.533836
v 19.578720 -8.680206 2.698997
v 19.896423 -8.401627 2.967981
v 19.973953 -8.293777 3.015581
v 20.285812 -7.618484 3.097731
v 23.775879 -9.052063 -0.771273
v 20.385956 -7.056671 2.967981
v 20.374313 -6.821503 2.847076
v 20.110123 -6.477524 2.362850
v 19.158447 -8.133011 1.928703
v 16.998077 -7.591141 6.075258
v 16.998077 -6.537582 6.666468
v 16.998077 -6.255035 6.745380
v 16.998077 -5.974411 6.793280
v 16.998093 -5.999939 19.000000
v 16.998077 -5.438156 6.793280
v 16.998077 -4.965576 6.666468
v 16.998077 -1.815735 7.544865
v 16.998077 -1.987335 7.133232
v 16.998077 -4.445190 6.259722
v 16.998077 -2.296997 6.204515
v 16.998077 -2.433380 5.692516
v 16.998077 -4.219055 5.651375
v 16.998077 -2.556442 5.152435
v 16.998077 -4.216492 5.419252
v 16.998077 -2.665512 4.587233
v 16.998077 -4.250916 5.178932
v 16.998077 -4.321777 4.934547
v 16.998077 -2.759979 3.999998
v 16.998077 -4.737640 4.218973
v 16.998077 5.324539 6.565584
v 16.998077 5.116196 6.461731
v 16.998077 1.987457 7.133230
v 16.998077 4.931976 6.331245
v 16.998077 2.148163 6.685631
v 16.998077 4.774994 6.176342
v 16.998077 4.647919 5.999643
v 16.998077 2.297119 6.204514
v 16.998077 4.491562 5.593153
v 16.998077 4.473434 5.139204
v 16.998077 2.556564 5.152433
v 16.998077 2.665634 4.587231
v 16.998077 4.705521 4.436674
v 16.998077 5.799133 6.686844
v 16.998093 7.000046 18.999992
v 16.998077 6.593781 6.641048
v 16.998077 6.862930 6.565584
v 16.998077 7.126617 6.461731
v 16.998077 7.380356 6.331244
v 16.998077 8.555786 4.903934
v 16.998077 8.593704 4.212595
v -1.001892 7.000046 18.999996
v 16.601944 -2.890366 3.999998
v 16.663467 -4.994812 4.000000
v 16.191040 -2.970779 3.999998
v 15.772461 -2.999847 3.999998
v 16.069931 -5.259659 4.000000
v 15.632248 -5.693558 4.000000
v 15.553497 -5.823029 4.000000
v 14.542923 -2.778397 3.999998
v 15.488281 -5.959106 4.000000
v 15.437073 -6.100830 4.000000
v 15.400223 -6.247177 4.000000
v 14.165451 -2.605957 3.999998
v 15.378006 -6.397110 4.000000
v 13.815292 -2.388474 3.999998
v 15.370575 -6.549561 4.000000
v 13.498535 -2.129715 3.999998
v 15.378006 -6.703400 4.000000
v 12.799896 -1.153519 3.999998
v 12.554443 0.000061 3.999998
v 12.582031 0.393616 3.999998
v 13.220642 1.834259 3.999996
v 15.343475 6.810013 3.999994
v 15.335876 6.656189 3.999994
v 15.343475 6.503479 3.999994
v 15.366226 6.352982 3.999994
v 16.069931 -7.972260 4.000000
v 16.998077 -8.999939 4.000002
v 15.803986 7.824570 3.999994
v 16.998077 9.000046 3.999992
v 16.657166 8.424103 3.999992
v 14.165451 2.606079 3.999996
v 15.403961 6.205795 3.999994
v 14.542923 2.778519 3.999996
v 15.603729 5.794724 3.999994
v 14.941223 2.902939 3.999996
v 16.191040 2.970901 3.999996
v 16.998077 5.017899 3.999994
v 16.998077 2.760101 3.999996
v 12.521683 8.570847 7.218966
v 13.439087 8.448624 8.135605
v 13.570831 8.470474 7.971813
v 13.794296 8.509216 7.681236
v 14.187775 8.592224 7.058613
v 14.237305 8.610489 6.921721
v 14.249054 8.624573 6.816067
v 14.223694 8.634689 6.740215
v 14.211563 8.636612 6.725794
v 14.197113 8.638290 6.713169
v 14.180328 8.639740 6.702335
v 14.161209 8.640945 6.693289
v 14.115829 8.642639 6.680550
v 14.060867 8.643387 6.674961
v 13.740082 8.636658 6.725460
v 13.239853 8.613342 6.900251
v 13.082718 8.604660 6.965372
v 12.911270 8.594727 7.039850
v 12.724609 8.583481 7.124189
v 4.998108 7.533386 14.999996
v 4.998108 -6.799942 15.000004
v -1.001892 -5.999939 19.000004
v 13.081055 8.571732 8.055082
v 19.893387 6.490219 2.011999
v 16.998077 4.847366 4.212597
v 16.998077 4.594757 4.668428
v 16.998077 4.516953 4.903936
v 20.178040 6.360413 2.331408
v 16.998077 4.464920 5.370247
v 20.240433 6.377136 2.416887
v 20.346664 6.468735 2.584049
v 16.998077 4.552902 5.804142
v 20.388611 6.541977 2.662748
v 20.446411 6.736847 2.803381
v 20.461258 6.854996 2.862806
v 20.466293 6.984207 2.913513
v 16.998077 5.553482 6.641048
v 16.998077 6.057343 6.702196
v 16.998077 6.323730 6.686844
v 20.422668 7.414536 3.005133
v 20.347626 7.711197 3.010832
v 20.241684 7.991135 2.971289
v 16.998077 7.619858 6.176340
v 16.998077 7.841064 5.999641
v 20.179413 8.118515 2.935307
v 16.998077 8.040237 5.804140
v 16.998077 8.214005 5.593151
v 19.968842 8.423813 2.770723
v 16.998077 8.359406 5.370245
v 16.998077 8.473984 5.139202
v 19.749374 8.578629 2.543205
v 16.998077 8.603455 4.668427
v 16.998077 8.616165 4.436672
v 19.680313 8.591766 2.459438
v 16.998077 8.536453 3.999992
v 19.456650 8.448090 2.124338
v 16.338470 8.264709 3.999992
v 16.051285 8.062912 3.999992
v 19.370270 8.156876 1.914173
v 19.747894 6.663849 1.885489
v 16.657166 5.080612 3.999994
v 19.678909 6.773239 1.834782
v 16.338470 5.193604 3.999994
v 16.051285 5.353607 3.999994
v 19.614105 6.895157 1.793701
v 15.922165 5.449829 3.999994
v 15.803986 5.555939 3.999994
v 19.554626 7.027435 1.762980
v 15.697571 5.671188 3.999994
v 19.501404 7.168091 1.743126
v 15.523148 5.925644 3.999994
v 15.456390 6.063004 3.999994
v 19.455780 7.313492 1.734608
v 15.366226 6.963821 3.999994
v 15.403961 7.116486 3.999994
v 15.456390 7.266907 3.999994
v 19.360214 7.899017 1.812988
v 15.603729 7.556641 3.999994
v 19.555801 8.558395 2.288857
v 19.502579 8.512497 2.205090
v 19.418884 8.366333 2.048044
v 19.389908 8.268692 1.977571
v 19.360306 8.032928 1.858984
v 19.369965 7.757553 1.777006
v 19.389404 7.611069 1.751680
v 19.418182 7.462158 1.737463
v 19.819809 6.568939 1.944914
v 19.967300 6.429092 2.085546
v 20.040253 6.386627 2.164246
v 20.110916 6.363602 2.246689
v 20.296982 6.413452 2.501606
v 23.933273 8.552963 -0.771282
v 20.422058 6.631882 2.736296
v 20.461456 7.122208 2.954594
v 20.446823 7.266495 2.985315
v 20.389404 7.563660 3.013689
v 20.298096 7.854553 2.996614
v 20.112366 8.234436 2.889311
v 20.041763 8.336807 2.834122
v 19.894928 8.493896 2.700251
v 19.821335 8.545807 2.623957
v 19.615417 8.584976 2.374147
v 13.292923 8.424988 8.312895
v 13.688980 8.490631 7.820623
v 13.887436 8.526321 7.552950
v 13.186157 8.507248 8.186306
v 13.968948 8.542023 7.435141
v 14.099060 8.569534 7.228819
v 14.247833 8.618027 6.865093
v 12.978271 8.618057 7.920065
v 14.240997 8.630112 6.774483
v 14.233505 8.632523 6.756439
v 12.878479 8.645905 7.782120
v 12.782333 8.655106 7.642138
v 12.690414 8.645615 7.501011
v 13.921219 8.641983 6.685432
v 13.514328 8.627197 6.796392
v 13.383484 8.620834 6.844049
v 12.603348 8.617462 7.359652
v 4.998093 9.000046 3.999996
v 4.998093 9.316650 -5.000005
v 4.998093 -8.999939 4.000004
v 4.998093 -9.316559 1.000004
v 4.998093 -9.999954 -4.999995
v 4.998093 -9.316574 -4.999996
v 4.053207 -10.422165 1.000006
v -3.600311 -10.801132 1.000008
v -3.108414 -11.133118 1.000008
v 3.104599 -11.133118 1.000006
v -2.586121 -11.414902 1.000008
v 2.582306 -11.414902 1.000006
v -2.038559 -11.643707 1.000008
v 1.467239 -11.817291 1.000006
v 0.885376 -11.933975 1.000006
v -0.298630 -11.992599 1.000006
v 0.294815 -11.992599 1.000006
v 5.297531 -3.186401 1.000002
v 5.546509 -3.716278 1.000002
v 5.546509 -8.283600 1.000004
v 5.742661 -4.267883 1.000002
v 5.884109 -4.835999 1.000002
v 5.742661 -7.731995 1.000004
v 4.986908 -2.666534 -8.999999
v 4.252136 -1.768738 -4.999999
v 4.240738 -1.757309 -8.999999
v 3.815353 -1.370865 -4.999999
v 3.341568 -1.017868 -4.999999
v 2.835373 -0.713196 -4.999999
v 3.331512 -1.011139 -8.999999
v 2.301651 -0.459778 -4.999999
v 2.826477 -0.708420 -8.999999
v 1.739807 -0.258316 -8.999999
v 0.588211 -0.029037 -4.999999
v 0.586197 -0.028839 -19.000000
v 4.998093 -2.683319 1.000000
v 5.541367 -3.703857 -8.999999
v 5.541367 -3.703857 -18.999998
v 5.882797 -4.829407 -18.999998
v 5.969208 -5.411850 -18.999998
v 5.969528 -6.584702 1.000002
v 5.884109 -7.163879 1.000002
v 5.739731 -4.258240 -8.999998
v 5.882797 -4.829407 -8.999998
v 5.969360 -5.413528 -8.999998
v 5.969528 -5.415176 1.000002
v 5.998093 -5.999939 1.000002
v 5.998093 -5.999954 -8.999998
v 5.882797 -7.170502 -8.999997
v 5.541367 -8.296051 -8.999996
v 5.297531 -8.813477 1.000004
v 5.289627 -8.828339 -8.999996
v 4.833145 -9.552734 -4.999996
v 4.470230 -9.999939 1.000004
v 3.596497 -10.801132 1.000006
v 3.331512 -10.988770 -8.999994
v 2.294189 -11.543228 -8.999994
v 2.034744 -11.643707 1.000006
v -0.001907 -11.999954 -8.999993
v -0.590012 -11.971069 -8.999993
v -1.172455 -11.884659 -8.999993
v -0.889191 -11.933975 1.000008
v -1.471054 -11.817291 1.000008
v -1.743622 -11.741592 -8.999993
v -2.298004 -11.543228 -8.999993
v -2.830292 -11.291489 -8.999993
v -3.335327 -10.988770 -8.999993
v -3.808273 -10.638016 -8.999993
v -4.057022 -10.422165 1.000008
v -4.474045 -9.999939 1.000006
v -4.639969 -9.806320 -8.999993
v -4.474045 -9.999954 -4.999993
v -4.990723 -9.333374 -8.999993
v -5.154266 -9.074554 -4.999993
v -5.973022 -6.588058 -8.999994
v -5.930344 -6.923843 -4.999994
v -6.001907 -5.999954 -8.999995
v -5.886612 -4.829407 -8.999995
v -5.479126 -3.550461 -4.999996
v -5.219559 -3.037491 -4.999996
v -4.990723 -2.666534 -8.999997
v -4.639969 -2.193588 -8.999997
v -4.244553 -1.757309 -8.999997
v -3.808273 -1.361893 -8.999997
v -2.768723 -0.675980 -4.999998
v -2.298004 -0.456680 -8.999998
v -1.172455 -0.115250 -8.999999
v -0.576157 -0.027496 -4.999999
v -0.590012 -0.028839 -8.999999
v -0.590012 -0.028839 -18.999998
v -1.172455 -0.115250 -18.999998
v -1.743622 -0.258316 -18.999998
v -1.743622 -0.258316 -8.999999
v -2.830292 -0.708420 -8.999998
v -3.335327 -1.011139 -8.999998
v -3.335327 -1.011139 -18.999998
v -5.293442 -3.171570 -8.999996
v -5.545181 -3.703857 -8.999996
v -5.743546 -4.258240 -8.999996
v -5.743546 -4.258240 -18.999996
v -5.886612 -4.829407 -18.999996
v -5.973022 -5.411850 -8.999995
v -5.973022 -5.411850 -18.999994
v -5.973022 -6.588058 -18.999994
v -5.886612 -7.170502 -8.999994
v -5.743546 -7.741669 -18.999994
v -5.743546 -7.741669 -8.999994
v -5.545181 -8.296051 -8.999994
v -5.293442 -8.828339 -8.999993
v -5.293442 -8.828339 -18.999994
v -4.639969 -9.806320 -18.999994
v -4.244553 -10.242599 -8.999993
v -4.244553 -10.242599 -18.999992
v -3.808273 -10.638016 -18.999992
v -2.830292 -11.291489 -18.999992
v -2.298004 -11.543228 -18.999992
v -1.172455 -11.884659 -18.999992
v -0.590012 -11.971069 -18.999992
v -0.001907 -11.999962 -18.999994
v 0.586197 -11.971069 -8.999993
v 1.168640 -11.884659 -8.999993
v 1.739807 -11.741592 -8.999994
v 1.739807 -11.741592 -18.999994
v 2.826477 -11.291489 -8.999994
v 3.331512 -10.988770 -18.999994
v 3.804459 -10.638016 -18.999994
v 3.804459 -10.638016 -8.999995
v 4.240738 -10.242599 -18.999996
v 4.240738 -10.242599 -8.999995
v 4.636154 -9.806320 -18.999996
v 4.636154 -9.806320 -8.999995
v 4.986908 -9.333374 -8.999996
v 4.986908 -9.333374 -18.999996
v 5.289627 -8.828339 -18.999996
v 5.739731 -7.741669 -8.999997
v 5.969360 -6.586380 -8.999997
v 5.998093 -5.999954 -18.999998
v 5.289627 -3.171570 -8.999999
v 5.289627 -3.171570 -18.999998
v 4.986908 -2.666534 -19.000000
v 4.636154 -2.193588 -8.999999
v 4.636154 -2.193588 -19.000000
v 4.240738 -1.757309 -19.000000
v 3.804459 -1.361893 -8.999999
v 3.804459 -1.361893 -19.000000
v 3.331512 -1.011139 -19.000000
v 2.294189 -0.456680 -8.999999
v 1.739807 -0.258316 -19.000000
v 1.168640 -0.115250 -19.000000
v 1.171463 -0.115799 -8.999999
v 0.587631 -0.028992 -8.999999
v 0.586197 -11.971069 -18.999994
v -0.001907 0.000046 -19.000000
v -1.743622 -11.741592 -18.999992
v -2.298004 -0.456680 -18.999998
v -2.830292 -0.708420 -18.999998
v -3.335327 -10.988770 -18.999992
v -3.808273 -1.361893 -18.999998
v -4.244553 -1.757309 -18.999998
v -4.639969 -2.193588 -18.999996
v -4.990723 -2.666534 -18.999996
v -4.990723 -9.333374 -18.999994
v -5.293442 -3.171570 -18.999996
v -5.545181 -3.703857 -18.999996
v -5.545181 -8.296051 -18.999994
v -5.886612 -7.170502 -18.999994
v -6.001907 -5.999954 -18.999994
v 1.168640 -11.884659 -18.999994
v 2.294189 -11.543228 -18.999994
v 2.294189 -0.456680 -19.000000
v 2.826477 -11.291489 -18.999994
v 2.826477 -0.708420 -19.000000
v 5.541367 -8.296051 -18.999996
v 5.739731 -7.741669 -18.999996
v 5.739731 -4.258240 -18.999998
v 5.882797 -7.170502 -18.999998
v 5.969208 -6.588058 -18.999998
v -15.529770 -9.999954 -4.999990
v -25.001877 -9.999939 15.000011
v 4.998108 -9.999939 15.000004
v 4.470230 -9.999954 -4.999995
v 4.657059 -9.780701 -4.999995
v -0.576157 0.027588 -4.999999
v -1.145142 -0.109879 -4.999999
v -1.703613 -0.246338 -4.999999
v -2.246475 -0.435608 -4.999998
v -2.246475 0.435699 -4.999999
v -2.768723 0.676071 -4.999999
v -3.265579 -0.965225 -4.999998
v -3.732452 -1.300705 -4.999998
v -4.165085 -1.679321 -4.999997
v -4.559509 2.097702 -4.999999
v -4.559509 -2.097610 -4.999997
v -4.912064 -2.551712 -4.999997
v -15.091751 2.551804 -4.999997
v -15.444305 2.097702 -4.999996
v -15.444305 -2.097610 -4.999994
v -16.271362 1.300797 -4.999996
v -16.271362 -1.300705 -4.999994
v -16.738235 0.965317 -4.999995
v -16.738235 -0.965225 -4.999994
v -17.235092 0.676071 -4.999995
v -17.757339 0.435699 -4.999995
v -18.300201 0.246429 -4.999995
v -17.757339 -0.435608 -4.999994
v -18.300201 -0.246338 -4.999994
v -19.427658 0.027588 -4.999994
v -19.427658 -0.027496 -4.999994
v -14.524689 -3.550461 -4.999994
v -5.688431 -4.085922 -4.999996
v -5.845505 -4.638962 -4.999995
v -5.948944 -5.204483 -4.999995
v -5.997772 -5.777328 -4.999995
v -14.012253 -6.352203 -4.999992
v -5.991562 -6.352203 -4.999994
v -14.073471 -6.923843 -4.999992
v -5.814713 -7.487000 -4.999994
v -14.578934 -8.567322 -4.999991
v -5.645706 -8.036514 -4.999994
v -5.424881 -8.567322 -4.999993
v -14.849548 -9.074554 -4.999991
v -15.167465 -9.553574 -4.999991
v -4.836349 -9.553574 -4.999993
v -14.784256 3.037582 -4.999997
v -5.479126 3.550552 -5.000000
v -14.315384 4.085999 -4.999998
v -5.688431 4.085999 -5.000000
v -5.948944 5.204559 -5.000000
v -5.997772 5.777405 -5.000001
v -14.006042 5.777405 -4.999999
v -5.991562 6.352280 -5.000001
v -14.073471 6.923920 -4.999999
v -5.645706 8.036591 -5.000002
v -14.358109 8.036591 -5.000000
v -5.424881 8.567398 -5.000002
v -5.154266 9.074631 -5.000002
v -4.836349 9.553650 -5.000003
v 4.470230 10.000046 0.999994
v -4.057022 10.422272 0.999996
v 4.053207 10.422272 0.999994
v 3.596497 10.801239 0.999994
v -3.108414 11.133224 0.999996
v -2.586121 11.415009 0.999996
v -2.038559 11.643814 0.999996
v 2.034744 11.643814 0.999994
v -0.889191 11.934082 0.999996
v 1.467239 11.817398 0.999994
v 5.297531 8.813583 0.999996
v 5.297531 3.186523 0.999998
v 5.884109 7.163986 0.999996
v 5.969528 5.415283 0.999996
v 4.986908 9.333450 -9.000005
v 4.833145 9.552811 -5.000005
v 4.657059 9.780777 -5.000005
v 4.636154 9.806396 -9.000005
v 4.470230 10.000031 -5.000005
v 4.240738 10.242676 -9.000005
v 3.804459 10.638092 -9.000005
v 3.104599 11.133224 0.999994
v 2.582306 11.415009 0.999994
v 2.294189 11.543304 -9.000005
v 1.739807 11.741669 -9.000005
v 1.168640 11.884735 -9.000005
v 0.885376 11.934082 0.999994
v 0.294815 11.992706 0.999994
v -0.298630 11.992706 0.999994
v -1.471054 11.817398 0.999996
v -2.830292 11.291565 -9.000004
v -3.600311 10.801239 0.999996
v -3.808273 10.638092 -9.000003
v -4.244553 10.242676 -9.000003
v -4.639969 9.806396 -9.000003
v -5.545181 8.296127 -9.000002
v -5.814713 7.487076 -5.000001
v -5.930344 6.923920 -5.000001
v -5.973022 6.588135 -9.000001
v -5.886612 4.829483 -9.000000
v -5.845505 4.639038 -5.000000
v -5.743546 4.258316 -9.000000
v -5.545181 3.703949 -9.000000
v -5.219559 3.037582 -4.999999
v -4.990723 2.666626 -8.999999
v -4.912064 2.551804 -4.999999
v -4.639969 2.193680 -8.999999
v -4.244553 1.757401 -8.999999
v -4.165085 1.679413 -4.999999
v -3.732452 1.300797 -4.999999
v -3.265579 0.965317 -4.999999
v -3.335327 1.011230 -8.999999
v -2.830292 0.708511 -8.999999
v -1.703613 0.246429 -4.999999
v -1.743622 0.258408 -8.999999
v -1.145142 0.109970 -4.999999
v -0.590012 0.028931 -8.999999
v -1.172455 0.115341 -8.999999
v -1.743622 0.258408 -18.999998
v -2.298004 0.456772 -18.999998
v -2.298004 0.456772 -8.999999
v -2.830292 0.708511 -18.999998
v -3.335327 1.011230 -18.999998
v -3.808273 1.361984 -8.999999
v -4.990723 2.666626 -19.000000
v -5.293442 3.171661 -19.000000
v -5.293442 3.171661 -8.999999
v -5.973022 5.411926 -19.000000
v -6.001907 6.000031 -19.000000
v -5.973022 5.411926 -9.000000
v -6.001907 6.000031 -9.000001
v -5.886612 7.170578 -19.000002
v -5.886612 7.170578 -9.000001
v -5.743546 7.741745 -9.000002
v -5.743546 7.741745 -19.000002
v -5.545181 8.296127 -19.000002
v -5.293442 8.828415 -9.000002
v -4.990723 9.333450 -9.000003
v -3.808273 10.638092 -19.000004
v -3.335327 10.988846 -9.000004
v -2.830292 11.291565 -19.000004
v -2.298004 11.543304 -19.000004
v -2.298004 11.543304 -9.000004
v -1.743622 11.741669 -9.000005
v -1.172455 11.884735 -19.000004
v -1.172455 11.884735 -9.000005
v -0.590012 11.971146 -19.000004
v -0.590012 11.971146 -9.000005
v -0.001907 12.000031 -19.000006
v -0.001907 12.000031 -9.000005
v 0.586197 11.971146 -19.000006
v 0.586197 11.971146 -9.000005
v 2.826477 11.291565 -9.000005
v 2.826477 11.291565 -19.000006
v 3.331512 10.988846 -9.000005
v 4.240738 10.242676 -19.000006
v 4.636154 9.806396 -19.000006
v 4.986908 9.333450 -19.000006
v 5.541367 8.296127 -19.000004
v 5.289627 8.828415 -9.000005
v 5.541367 8.296127 -9.000005
v 5.969208 6.588135 -19.000004
v 5.998093 6.000031 -19.000004
v 5.998093 6.000031 -9.000004
v 5.969360 5.413605 -9.000003
v 4.998093 9.316666 0.999994
v 5.546509 8.283707 0.999996
v 5.739731 7.741745 -9.000004
v 5.742661 7.732101 0.999996
v 5.882797 7.170578 -9.000004
v 5.969360 6.586456 -9.000004
v 5.969528 6.584808 0.999996
v 5.998093 6.000046 0.999996
v 5.884109 4.836105 0.999996
v 5.882797 4.829483 -9.000003
v 5.742661 4.267990 0.999998
v 5.546509 3.716400 0.999998
v 5.739731 4.258316 -9.000003
v 4.998093 2.683441 0.999998
v 5.289627 3.171661 -9.000002
v 4.998093 2.683426 -5.000002
v 3.815353 1.370956 -5.000001
v 3.804459 1.361984 -9.000001
v 3.331512 1.011230 -9.000000
v 2.826477 0.708511 -9.000000
v 2.835373 0.713287 -5.000000
v 2.301651 0.459869 -5.000000
v 2.294189 0.456772 -9.000000
v 1.739807 0.258408 -9.000000
v 0.588211 0.029129 -4.999999
v -0.001907 0.000046 -4.999999
v 0.587631 0.029083 -8.999999
v 0.586197 0.028931 -19.000000
v 1.739807 0.258408 -19.000000
v 1.171463 0.115891 -8.999999
v 3.331512 1.011230 -19.000000
v 3.804459 1.361984 -19.000000
v 4.240738 1.757401 -9.000001
v 4.636154 2.193680 -9.000001
v 4.986908 2.666626 -19.000002
v 4.986908 2.666626 -9.000002
v 5.541367 3.703949 -9.000002
v 5.289627 3.171661 -19.000002
v 5.541367 3.703949 -19.000002
v 5.882797 4.829483 -19.000004
v 1.168640 0.115341 -19.000000
v 1.168640 11.884735 -19.000006
v 1.739807 11.741669 -19.000006
v 2.294189 0.456772 -19.000000
v 2.294189 11.543304 -19.000006
v 2.826477 0.708511 -19.000000
v 3.331512 10.988846 -19.000006
v 3.804459 10.638092 -19.000006
v 4.240738 1.757401 -19.000002
v 4.636154 2.193680 -19.000002
v 5.289627 8.828415 -19.000004
v 5.739731 4.258316 -19.000002
v 5.739731 7.741745 -19.000004
v 5.882797 7.170578 -19.000004
v 5.969208 5.411926 -19.000004
v -0.590012 0.028931 -18.999998
v -1.743622 11.741669 -19.000004
v -1.172455 0.115341 -18.999998
v -3.335327 10.988846 -19.000004
v -3.808273 1.361984 -18.999998
v -4.244553 10.242676 -19.000004
v -4.244553 1.757401 -18.999998
v -4.639969 9.806396 -19.000002
v -4.639969 2.193680 -19.000000
v -4.990723 9.333450 -19.000002
v -5.293442 8.828415 -19.000002
v -5.545181 3.703949 -19.000000
v -5.743546 4.258316 -19.000000
v -5.886612 4.829483 -19.000000
v -5.973022 6.588135 -19.000000
v 4.998093 10.000031 -5.000005
v -4.474045 10.000046 0.999996
v -24.474030 10.000046 1.000002
v -4.474045 10.000031 -5.000003
v 4.647659 2.207748 -5.000001
v 4.998093 -2.683334 -4.999999
v 4.647659 -2.207657 -4.999999
v 4.252136 1.768829 -5.000001
v 3.341568 1.017960 -5.000000
v 1.745590 0.260162 -5.000000
v 1.745590 -0.260071 -4.999999
v 1.172592 0.116119 -4.999999
v 1.172592 -0.116028 -4.999999
v -23.600296 10.801239 1.000002
v -16.403503 10.801239 1.000000
v -17.417694 11.415009 1.000000
v -22.586105 11.415009 1.000000
v -22.038544 11.643814 1.000000
v -17.965256 11.643814 1.000000
v -21.471039 11.817398 1.000000
v -20.889175 11.934082 1.000000
v -20.298630 11.992706 1.000000
v -19.114624 11.934082 1.000000
v -25.550308 8.283707 1.000004
v -25.887909 7.163986 1.000004
v -25.001892 2.683441 1.000006
v -25.001892 2.683426 -4.999994
v -24.990707 2.666626 -8.999994
v -24.255936 1.768829 -4.999994
v -23.819153 1.370956 -4.999994
v -23.345367 1.017960 -4.999994
v -22.839172 0.713287 -4.999994
v -22.830276 0.708511 -8.999994
v -22.305450 0.459869 -4.999994
v -22.297989 0.456772 -8.999994
v -21.743607 0.258408 -8.999994
v -21.749390 0.260162 -4.999994
v -20.591431 0.029083 -8.999994
v -25.293427 3.171661 -8.999994
v -25.301331 3.186523 1.000006
v -25.743530 4.258316 -18.999994
v -25.545166 3.703949 -8.999995
v -25.886597 4.829483 -18.999996
v -25.743530 4.258316 -8.999995
v -25.886597 4.829483 -8.999995
v -25.973160 5.413605 -8.999995
v -25.973328 6.584808 1.000004
v -25.550308 3.716400 1.000006
v -25.746460 4.267990 1.000006
v -25.887909 4.836105 1.000004
v -25.973328 5.415283 1.000004
v -26.001892 6.000046 1.000004
v -26.001892 6.000031 -8.999996
v -25.973160 6.586456 -8.999996
v -25.746460 7.732101 1.000004
v -25.301331 8.813583 1.000002
v -25.293427 8.828415 -8.999997
v -24.990707 9.333450 -8.999998
v -24.660858 9.780777 -4.999998
v -24.474030 10.000031 -4.999998
v -24.639954 9.806396 -8.999998
v -24.057007 10.422272 1.000002
v -23.808258 10.638092 -8.999998
v -23.335312 10.988846 -8.999999
v -23.108398 11.133224 1.000002
v -22.297989 11.543304 -8.999999
v -21.743607 11.741669 -9.000000
v -21.172440 11.884735 -9.000000
v -20.589996 11.971146 -9.000000
v -20.001907 12.000031 -9.000000
v -19.705185 11.992706 1.000000
v -18.831360 11.884735 -9.000000
v -18.532761 11.817398 1.000000
v -18.260193 11.741669 -9.000000
v -17.705811 11.543304 -9.000000
v -16.895401 11.133224 1.000000
v -16.195541 10.638092 -9.000000
v -15.946793 10.422272 1.000000
v -15.529770 10.000046 1.000000
v -15.529770 10.000031 -5.000000
v -15.167465 9.553650 -5.000000
v -14.849548 9.074631 -5.000000
v -14.710373 8.828415 -9.000000
v -14.458633 8.296127 -9.000000
v -14.578934 8.567398 -5.000000
v -14.189102 7.487076 -4.999999
v -14.012253 6.352280 -4.999999
v -14.001907 6.000031 -8.999999
v -14.030792 5.411926 -8.999998
v -14.054871 5.204559 -4.999998
v -14.158310 4.639038 -4.999998
v -14.458633 3.703949 -8.999997
v -14.710373 3.171661 -8.999997
v -14.524689 3.550552 -4.999997
v -15.013092 2.666626 -8.999997
v -15.363846 2.193680 -8.999996
v -15.759262 1.757401 -8.999996
v -15.838730 1.679413 -4.999996
v -16.195541 1.361984 -8.999996
v -16.668488 1.011230 -8.999995
v -18.831360 0.115341 -8.999994
v -18.858673 0.109970 -4.999994
v -19.413803 0.028931 -8.999994
v -18.831360 0.115341 -18.999994
v -18.260193 0.258408 -8.999995
v -18.260193 0.258408 -18.999994
v -17.705811 0.456772 -18.999994
v -17.705811 0.456772 -8.999995
v -17.173523 0.708511 -8.999995
v -17.173523 0.708511 -18.999996
v -16.195541 1.361984 -18.999996
v -15.759262 1.757401 -18.999996
v -15.363846 2.193680 -18.999996
v -14.710373 3.171661 -18.999998
v -14.458633 3.703949 -18.999998
v -14.260269 4.258316 -8.999998
v -14.117203 4.829483 -8.999998
v -14.260269 4.258316 -18.999998
v -14.030792 5.411926 -18.999998
v -14.001907 6.000031 -18.999998
v -14.030792 6.588135 -8.999999
v -14.117203 7.170578 -8.999999
v -14.117203 7.170578 -19.000000
v -14.260269 7.741745 -8.999999
v -14.260269 7.741745 -19.000000
v -15.013092 9.333450 -19.000000
v -15.013092 9.333450 -9.000000
v -15.363846 9.806396 -9.000000
v -15.363846 9.806396 -19.000000
v -15.759262 10.242676 -19.000000
v -15.759262 10.242676 -9.000000
v -16.668488 10.988846 -9.000000
v -16.195541 10.638092 -19.000000
v -16.668488 10.988846 -19.000000
v -17.173523 11.291565 -9.000000
v -18.260193 11.741669 -19.000000
v -19.413803 11.971146 -9.000000
v -18.831360 11.884735 -19.000000
v -20.001907 12.000031 -19.000000
v -20.589996 11.971146 -19.000000
v -22.297989 11.543304 -19.000000
v -22.830276 11.291565 -8.999999
v -22.830276 11.291565 -19.000000
v -24.244537 10.242676 -18.999998
v -24.244537 10.242676 -8.999998
v -25.545166 8.296127 -8.999997
v -25.743530 7.741745 -8.999997
v -25.886597 7.170578 -8.999996
v -25.545166 3.703949 -18.999994
v -24.639954 2.193680 -8.999994
v -24.639954 2.193680 -18.999994
v -24.244537 1.757401 -8.999994
v -23.808258 1.361984 -8.999994
v -23.335312 1.011230 -18.999994
v -23.335312 1.011230 -8.999994
v -22.830276 0.708511 -18.999994
v -22.297989 0.456772 -18.999994
v -21.743607 0.258408 -18.999994
v -21.175262 0.115891 -8.999994
v -19.413803 0.028931 -18.999994
v -19.413803 11.971146 -19.000000
v -17.705811 11.543304 -19.000000
v -16.668488 1.011230 -18.999996
v -17.173523 11.291565 -19.000000
v -15.013092 2.666626 -18.999996
v -14.710373 8.828415 -19.000000
v -14.458633 8.296127 -19.000000
v -14.117203 4.829483 -18.999998
v -14.030792 6.588135 -18.999998
v -20.589996 0.028931 -18.999994
v -21.172440 0.115341 -18.999994
v -21.172440 11.884735 -19.000000
v -21.743607 11.741669 -19.000000
v -23.335312 10.988846 -18.999998
v -23.808258 10.638092 -18.999998
v -23.808258 1.361984 -18.999994
v -24.639954 9.806396 -18.999998
v -24.244537 1.757401 -18.999994
v -24.990707 9.333450 -18.999998
v -24.990707 2.666626 -18.999994
v -25.293427 8.828415 -18.999998
v -25.545166 8.296127 -18.999996
v -25.293427 3.171661 -18.999994
v -25.743530 7.741745 -18.999996
v -25.886597 7.170578 -18.999996
v -25.973007 5.411926 -18.999996
v -25.973007 6.588135 -18.999996
v -26.001892 6.000031 -18.999996
v -25.001892 10.000031 -4.999998
v -24.836945 9.552811 -4.999998
v -15.529770 -9.999939 1.000010
v -24.474030 -9.999939 1.000011
v -24.057007 -10.422165 1.000011
v -23.600296 -10.801132 1.000011
v -16.403503 -10.801132 1.000010
v -23.108398 -11.133118 1.000011
v -22.586105 -11.414902 1.000011
v -17.417694 -11.414902 1.000010
v -22.038544 -11.643707 1.000011
v -21.471039 -11.817291 1.000011
v -20.889175 -11.933975 1.000011
v -18.532761 -11.817291 1.000011
v -20.298630 -11.992599 1.000011
v -19.114624 -11.933975 1.000011
v -19.705185 -11.992599 1.000011
v -25.301331 -3.186401 1.000008
v -25.550308 -3.716278 1.000010
v -25.887909 -7.163879 1.000010
v -25.001892 -9.316574 -4.999989
v -24.990707 -9.333374 -8.999989
v -24.474030 -9.999954 -4.999989
v -23.808258 -10.638016 -8.999989
v -23.335312 -10.988770 -8.999989
v -22.297989 -11.543228 -8.999989
v -21.743607 -11.741592 -8.999989
v -21.172440 -11.884659 -8.999989
v -19.413803 -11.971069 -8.999989
v -18.831360 -11.884659 -8.999989
v -18.260193 -11.741592 -8.999990
v -17.965256 -11.643707 1.000011
v -17.705811 -11.543228 -8.999990
v -17.173523 -11.291489 -8.999990
v -16.895401 -11.133118 1.000010
v -16.668488 -10.988770 -8.999990
v -15.946793 -10.422165 1.000010
v -16.195541 -10.638016 -8.999990
v -15.013092 -9.333374 -8.999991
v -14.710373 -8.828339 -8.999991
v -14.358109 -8.036514 -4.999992
v -14.458633 -8.296051 -8.999991
v -14.189102 -7.487000 -4.999992
v -14.117203 -7.170502 -8.999992
v -14.006042 -5.777328 -4.999993
v -14.054871 -5.204483 -4.999993
v -14.158310 -4.638962 -4.999993
v -14.315384 -4.085922 -4.999994
v -14.784256 -3.037491 -4.999994
v -15.091751 -2.551712 -4.999994
v -15.013092 -2.666534 -8.999994
v -15.838730 -1.679321 -4.999994
v -17.173523 -0.708420 -8.999994
v -17.235092 -0.675980 -4.999994
v -18.831360 -0.115250 -8.999994
v -18.858673 -0.109879 -4.999994
v -20.001907 0.000046 -4.999994
v -19.413803 -0.028839 -18.999994
v -19.413803 -0.028839 -8.999994
v -18.831360 -0.115250 -18.999994
v -18.260193 -0.258316 -8.999994
v -17.705811 -0.456680 -18.999994
v -17.173523 -0.708420 -18.999994
v -17.705811 -0.456680 -8.999994
v -16.668488 -1.011139 -18.999994
v -16.668488 -1.011139 -8.999994
v -16.195541 -1.361893 -18.999994
v -16.195541 -1.361893 -8.999994
v -15.759262 -1.757309 -8.999994
v -15.363846 -2.193588 -18.999994
v -15.013092 -2.666534 -18.999994
v -15.363846 -2.193588 -8.999994
v -14.710373 -3.171570 -8.999994
v -14.458633 -3.703857 -8.999994
v -14.458633 -3.703857 -18.999994
v -14.260269 -4.258240 -18.999994
v -14.117203 -4.829407 -18.999994
v -14.260269 -4.258240 -8.999993
v -14.117203 -4.829407 -8.999993
v -14.030792 -5.411850 -8.999993
v -14.030792 -5.411850 -18.999992
v -14.001907 -5.999954 -8.999993
v -14.030792 -6.588058 -8.999992
v -14.260269 -7.741669 -18.999992
v -14.260269 -7.741669 -8.999992
v -15.013092 -9.333374 -18.999990
v -15.363846 -9.806320 -18.999990
v -15.363846 -9.806320 -8.999990
v -16.195541 -10.638016 -18.999990
v -15.759262 -10.242599 -8.999990
v -16.668488 -10.988770 -18.999990
v -17.173523 -11.291489 -18.999990
v -17.705811 -11.543228 -18.999989
v -18.260193 -11.741592 -18.999989
v -20.001907 -11.999947 -8.999989
v -20.589996 -11.971069 -18.999989
v -20.589996 -11.971069 -8.999989
v -21.743607 -11.741592 -18.999989
v -22.830276 -11.291489 -8.999989
v -23.808258 -10.638016 -18.999989
v -24.244537 -10.242599 -8.999989
v -24.639954 -9.806320 -18.999989
v -24.639954 -9.806320 -8.999989
v -25.293427 -8.828339 -8.999989
v -25.743530 -7.741669 -18.999989
v -25.743530 -7.741669 -8.999990
v -25.973007 -6.588058 -18.999990
v -26.001892 -5.999954 -8.999990
v -25.973328 -5.415176 1.000010
v -25.887909 -4.835999 1.000010
v -25.301331 -8.813477 1.000011
v -25.545166 -8.296051 -8.999990
v -25.550308 -8.283600 1.000011
v -25.746460 -7.731995 1.000011
v -25.886597 -7.170502 -8.999990
v -25.973160 -6.586380 -8.999990
v -25.973328 -6.584702 1.000010
v -26.001892 -5.999939 1.000010
v -25.886597 -4.829407 -8.999990
v -25.746460 -4.267883 1.000010
v -25.293427 -3.171570 -8.999991
v -25.001892 -2.683334 -4.999992
v -24.255936 -1.768738 -4.999992
v -23.345367 -1.017868 -4.999993
v -23.335312 -1.011139 -8.999993
v -22.305450 -0.459778 -4.999993
v -22.297989 -0.456680 -8.999993
v -20.592010 -0.029037 -4.999994
v -21.172440 -0.115250 -18.999994
v -20.591431 -0.028992 -8.999994
v -21.175262 -0.115799 -8.999994
v -21.743607 -0.258316 -8.999994
v -21.743607 -0.258316 -18.999994
v -22.297989 -0.456680 -18.999994
v -22.830276 -0.708420 -18.999994
v -22.830276 -0.708420 -8.999993
v -23.808258 -1.361893 -8.999992
v -23.808258 -1.361893 -18.999992
v -24.244537 -1.757309 -8.999992
v -24.244537 -1.757309 -18.999992
v -24.639954 -2.193588 -8.999992
v -24.990707 -2.666534 -8.999992
v -25.293427 -3.171570 -18.999992
v -25.545166 -3.703857 -18.999990
v -25.545166 -3.703857 -8.999991
v -25.743530 -4.258240 -8.999991
v -25.743530 -4.258240 -18.999990
v -25.973007 -5.411850 -18.999990
v -25.973160 -5.413528 -8.999990
v -19.413803 -11.971069 -18.999989
v -20.001907 0.000046 -18.999994
v -20.589996 -0.028839 -18.999994
v -20.001907 -11.999954 -18.999989
v -21.172440 -11.884659 -18.999989
v -22.297989 -11.543228 -18.999989
v -22.830276 -11.291489 -18.999989
v -23.335312 -1.011139 -18.999992
v -23.335312 -10.988770 -18.999989
v -24.244537 -10.242599 -18.999989
v -24.639954 -2.193588 -18.999992
v -24.990707 -2.666534 -18.999992
v -24.990707 -9.333374 -18.999989
v -25.293427 -8.828339 -18.999989
v -25.545166 -8.296051 -18.999989
v -25.886597 -4.829407 -18.999990
v -25.886597 -7.170502 -18.999990
v -26.001892 -5.999954 -18.999990
v -18.831360 -11.884659 -18.999989
v -18.260193 -0.258316 -18.999994
v -15.759262 -10.242599 -18.999990
v -15.759262 -1.757309 -18.999994
v -14.710373 -8.828339 -18.999992
v -14.710373 -3.171570 -18.999994
v -14.458633 -8.296051 -18.999992
v -14.117203 -7.170502 -18.999992
v -14.030792 -6.588058 -18.999992
v -14.001907 -5.999954 -18.999992
v -24.651459 -2.207657 -4.999992
v -24.651459 2.207748 -4.999994
v -23.819153 -1.370865 -4.999992
v -22.839172 -0.713196 -4.999993
v -21.749390 -0.260071 -4.999994
v -21.176392 -0.116028 -4.999994
v -21.176392 0.116119 -4.999994
v -20.592010 0.029129 -4.999994
v -24.836945 -9.552734 -4.999989
v -24.660858 -9.780701 -4.999989
v 4.998108 10.000046 14.999996
v -1.001892 7.533386 14.999996
v -1.001892 -6.799942 15.000004
v -25.001877 10.000046 15.000004
v -25.001892 -2.683319 1.000008
v -25.001892 9.316666 1.000002
v -25.001892 9.316650 -4.999998
v -25.001892 -9.316559 1.000011
v -25.001892 -9.999954 -4.999989
v 17.174805 1.299759 7.982597
v 17.309937 -0.943787 8.031784
v 17.401276 0.572632 8.065027
v 18.630798 2.740692 -0.355610
v 18.261230 2.883850 -0.490126
v 16.601944 2.890488 3.999996
v 15.772461 2.999969 3.999996
v 15.353439 2.977188 3.999996
v 17.091843 2.970871 -0.915745
v 13.815292 2.388596 3.999996
v 13.498535 2.129837 3.999996
v 15.147064 1.677643 -1.623587
v 14.950409 1.315170 -1.695162
v 12.986420 1.506973 3.999996
v 12.799896 1.153641 3.999998
v 14.803085 0.927109 -1.748785
v 12.664322 0.780380 3.999998
v 14.707932 0.521011 -1.783417
v 14.680542 -0.313522 -1.793383
v 12.582031 -0.393494 3.999998
v 12.664322 -0.780258 3.999998
v 12.986420 -1.506851 3.999998
v 13.220642 -1.834137 3.999998
v 15.262711 -1.846924 -1.581490
v 15.827164 -2.426987 -1.376045
v 16.160706 -2.648788 -1.254648
v 14.941223 -2.902817 3.999998
v 15.353439 -2.977066 3.999998
v 17.287537 -2.992630 -0.844517
v 17.680832 -2.992630 -0.701368
v 18.807663 -2.648788 -0.291237
v 16.998077 -2.148041 6.685633
v 19.442474 -2.157959 -0.060181
v 16.998077 -1.634201 7.918278
v 17.174805 -1.299637 7.982599
v 20.097992 -1.123764 0.178402
v 20.219513 -0.725708 0.222637
v 17.401276 -0.572510 8.065027
v 17.447311 -0.191833 8.081787
v 17.447311 0.191956 8.081787
v 20.260437 0.521011 0.237528
v 20.165283 0.927109 0.202898
v 17.309937 0.943909 8.031782
v 20.017944 1.315170 0.149273
v 16.998077 1.634323 7.918276
v 16.998077 1.815857 7.544863
v 19.821304 1.677643 0.077698
v 16.998077 2.433502 5.692514
v 18.978058 2.544205 -0.229218
v 20.137695 -2.992645 -8.675289
v 23.184509 -2.999954 -16.434486
v 22.037888 -2.740585 -16.851824
v 19.010880 -2.648804 -9.085422
v 20.847397 -1.677536 -17.285130
v 17.720551 -1.123779 -9.555061
v 20.650742 -1.315063 -17.356705
v 20.503418 -0.927002 -17.410330
v 17.599014 -0.725723 -9.599298
v 20.408264 -0.520905 -17.444960
v 17.530716 -0.313538 -9.624155
v 20.367157 -0.104660 -17.459923
v 17.516983 0.104752 -9.629151
v 20.380875 0.313629 -17.454927
v 17.653244 0.927094 -9.579557
v 20.449173 0.725815 -17.430071
v 17.800583 1.315155 -9.525933
v 20.963058 1.847031 -17.243036
v 18.522278 2.298172 -9.263256
v 22.220337 2.819122 -16.785423
v 19.557312 2.883835 -8.886538
v 22.598404 2.934494 -16.647820
v 23.381165 2.992737 -16.362915
v 20.726608 2.970856 -8.460948
v 23.770630 2.934494 -16.221161
v 21.111389 2.883835 -8.320897
v 24.507996 2.648895 -15.952784
v 21.828232 2.544189 -8.059989
v 24.841522 2.427094 -15.831387
v 22.146851 2.297791 -7.944023
v 22.671463 1.677628 -7.753076
v 23.015457 0.927094 -7.627875
v 25.919861 0.725815 -15.438908
v 23.110596 0.520996 -7.593245
v 23.151703 0.104752 -7.578281
v 26.001877 -0.104660 -15.409054
v 23.137985 -0.313538 -7.583278
v 23.069687 -0.725723 -7.608135
v 22.948151 -1.123779 -7.652369
v 22.775742 -1.499954 -7.715121
v 22.555817 -1.846939 -7.795170
v 25.279495 -2.007339 -15.671977
v 22.292648 -2.157974 -7.890955
v 24.678406 -2.544098 -15.890759
v 21.657822 -2.648804 -8.122009
v 24.331146 -2.740585 -16.017151
v 21.298523 -2.819031 -8.252782
v 23.961563 -2.883743 -16.151667
v 23.576859 -2.970764 -16.291687
v 17.484177 3.000061 -0.772943
v 19.942017 2.970856 -8.746518
v 16.707138 2.883850 -1.055765
v 16.337555 2.740692 -1.190281
v 15.990295 2.544205 -1.316673
v 19.187729 2.740677 -9.021053
v 15.672119 2.298187 -1.432484
v 18.840469 2.544189 -9.147447
v 15.389191 2.007446 -1.535456
v 18.239365 2.007431 -9.366228
v 17.997223 1.677628 -9.454359
v 17.558105 0.520996 -9.614188
v 14.666824 0.104767 -1.798378
v 14.748840 -0.725708 -1.768524
v 14.870377 -1.123764 -1.724289
v 15.042786 -1.499939 -1.661537
v 17.892960 -1.499954 -9.492310
v 18.112885 -1.846939 -9.412262
v 15.525879 -2.157959 -1.485704
v 18.376053 -2.157974 -9.316477
v 18.677338 -2.427002 -9.206819
v 16.520004 -2.819016 -1.123877
v 19.370163 -2.819031 -8.954648
v 16.898056 -2.934387 -0.986273
v 19.748230 -2.934402 -8.817045
v 20.530991 -2.992645 -8.532141
v 18.070297 -2.934387 -0.559612
v 20.920471 -2.934402 -8.390386
v 18.448364 -2.819016 -0.422009
v 19.141190 -2.426987 -0.169840
v 21.991364 -2.427002 -8.000612
v 19.705643 -1.846924 0.035603
v 19.925568 -1.499939 0.115650
v 20.287811 -0.313522 0.247496
v 20.301544 0.104767 0.252491
v 22.868118 1.315155 -7.681501
v 19.579163 2.007446 -0.010435
v 22.429337 2.007431 -7.841207
v 19.297104 2.297424 -0.113094
v 21.480972 2.740677 -8.186381
v 20.334351 3.000046 -8.603718
v 17.876358 2.970886 -0.630207
v 24.148697 2.819122 -16.083557
v 24.996582 -2.298080 -15.774949
v 25.142807 2.158066 -15.721729
v 25.405975 1.847031 -15.625944
v 25.625916 1.500046 -15.545896
v 25.521637 -1.677536 -15.583846
v 25.718292 -1.315063 -15.512272
v 25.798325 1.123871 -15.483143
v 25.865616 -0.927002 -15.458648
v 25.960770 -0.520905 -15.424017
v 25.988144 0.313629 -15.414050
v 22.987869 2.992737 -16.506065
v 22.792175 -2.970764 -16.577288
v 22.407471 -2.883743 -16.717308
v 21.861038 2.648895 -16.916197
v 21.690628 -2.544098 -16.978216
v 21.527512 2.427094 -17.037592
v 21.372452 -2.298080 -17.094027
v 21.226227 2.158066 -17.147251
v 21.089539 -2.007339 -17.196999
v 20.743118 1.500046 -17.323084
v 20.570709 1.123871 -17.385836
vt 0.729989 0.137519
vt 0.712505 0.152089
vt 0.711816 0.159098
vt 0.710604 0.178006
vt 0.710131 0.189363
vt 0.733568 0.155988
vt 0.709776 0.201567
vt 0.734759 0.172449
vt 0.734430 0.166621
vt 0.709555 0.214267
vt 0.735009 0.178447
vt 0.735259 0.190600
vt 0.735256 0.196548
vt 0.735168 0.202273
vt 0.710354 0.267846
vt 0.710604 0.272575
vt 0.734749 0.212669
vt 0.711816 0.287344
vt 0.713217 0.294329
vt 0.734038 0.221081
vt 0.733092 0.226935
vt 0.709245 0.309697
vt 0.732552 0.228770
vt 0.707150 0.315506
vt 0.730779 0.229575
vt 0.730170 0.228260
vt 0.729569 0.226181
vt 0.697068 0.322557
vt 0.728985 0.223372
vt 0.695369 0.319399
vt 0.728427 0.219881
vt 0.692512 0.308787
vt 0.727422 0.211106
vt 0.691398 0.301519
vt 0.689876 0.283675
vt 0.726615 0.200452
vt 0.726303 0.194644
vt 0.726057 0.188647
vt 0.689359 0.262476
vt 0.725783 0.176493
vt 0.691398 0.215948
vt 0.725759 0.170546
vt 0.692512 0.204619
vt 0.725813 0.164821
vt 0.693842 0.193809
vt 0.725944 0.159416
vt 0.697068 0.174471
vt 0.726783 0.146012
vt 0.698915 0.166277
vt 0.727198 0.142737
vt 0.700880 0.159260
vt 0.702931 0.153541
vt 0.727672 0.140159
vt 0.705033 0.149218
vt 0.707150 0.146366
vt 0.728765 0.137261
vt 0.709245 0.145034
vt 0.711280 0.145244
vt 0.713217 0.146993
vt 0.731979 0.229832
vt 0.733590 0.224357
vt 0.734427 0.217163
vt 0.734998 0.207678
vt 0.735176 0.184532
vt 0.733048 0.151324
vt 0.732483 0.147212
vt 0.731883 0.143722
vt 0.731259 0.140913
vt 0.730624 0.138833
vt 0.729366 0.136992
vt 0.728197 0.138323
vt 0.726432 0.149931
vt 0.726152 0.154424
vt 0.725883 0.182562
vt 0.755161 0.122829
vt 0.726990 0.205971
vt 0.727903 0.215769
vt 0.731385 0.230102
vt 0.734031 0.161123
vt 0.695369 0.183701
vt 0.690515 0.227599
vt 0.689876 0.239372
vt 0.689489 0.251065
vt 0.616158 0.250001
vt 0.689489 0.273409
vt 0.690515 0.293099
vt 0.683514 0.424343
vt 0.686763 0.417193
vt 0.693842 0.314782
vt 0.694298 0.404290
vt 0.698569 0.398608
vt 0.698915 0.324205
vt 0.703158 0.393480
vt 0.700880 0.324311
vt 0.708049 0.388936
vt 0.702931 0.322877
vt 0.705033 0.319924
vt 0.713217 0.384999
vt 0.711280 0.302597
vt 0.691335 0.721854
vt 0.692183 0.713173
vt 0.686763 0.582809
vt 0.693253 0.705498
vt 0.690360 0.589505
vt 0.694531 0.698957
vt 0.695997 0.693662
vt 0.694298 0.595712
vt 0.699407 0.687147
vt 0.703272 0.686392
vt 0.703158 0.606522
vt 0.708049 0.611067
vt 0.709365 0.696062
vt 0.690350 0.741629
vt 0.616158 0.791667
vt 0.690721 0.774740
vt 0.691335 0.785954
vt 0.692183 0.796941
vt 0.693253 0.807513
vt 0.705298 0.856490
vt 0.711336 0.858070
vt 0.491615 0.791667
vt 0.712371 0.379567
vt 0.712505 0.291881
vt 0.711453 0.376216
vt 0.710471 0.375005
vt 0.711173 0.280846
vt 0.710131 0.262767
vt 0.709937 0.257372
vt 0.707281 0.384232
vt 0.709776 0.251702
vt 0.709648 0.245797
vt 0.709555 0.239699
vt 0.706199 0.391417
vt 0.709499 0.233452
vt 0.705146 0.400479
vt 0.709481 0.227100
vt 0.704150 0.411260
vt 0.709499 0.220690
vt 0.701794 0.451935
vt 0.700910 0.500001
vt 0.701011 0.516399
vt 0.703240 0.576426
vt 0.709412 0.783749
vt 0.709393 0.777340
vt 0.709412 0.770977
vt 0.709470 0.764706
vt 0.711173 0.167821
vt 0.713217 0.125001
vt 0.710546 0.826022
vt 0.713217 0.875001
vt 0.712491 0.851003
vt 0.706199 0.608585
vt 0.709565 0.758573
vt 0.707281 0.615770
vt 0.710061 0.741445
vt 0.708368 0.620954
vt 0.711453 0.623786
vt 0.713217 0.709078
vt 0.713217 0.615003
vt 0.666766 0.857117
vt 0.663363 0.852025
vt 0.665470 0.852935
vt 0.669136 0.854549
vt 0.676525 0.858008
vt 0.677979 0.858769
vt 0.678988 0.859356
vt 0.679569 0.859777
vt 0.679649 0.859857
vt 0.679702 0.859927
vt 0.679728 0.859988
vt 0.679729 0.860038
vt 0.679648 0.860109
vt 0.679460 0.860140
vt 0.677554 0.859859
vt 0.673535 0.858888
vt 0.672135 0.858526
vt 0.670552 0.858112
vt 0.668768 0.857644
vt 0.551190 0.813890
vt 0.551190 0.216668
vt 0.491615 0.250001
vt 0.662156 0.857154
vt 0.733958 0.770424
vt 0.711336 0.701972
vt 0.707341 0.691447
vt 0.705298 0.688205
vt 0.731692 0.765016
vt 0.701297 0.686037
vt 0.731085 0.765713
vt 0.729895 0.769529
vt 0.697631 0.689703
vt 0.729331 0.772581
vt 0.728314 0.780701
vt 0.727876 0.785623
vt 0.727494 0.791007
vt 0.690721 0.731394
vt 0.690225 0.752388
vt 0.690350 0.763487
vt 0.726748 0.808938
vt 0.726620 0.821299
vt 0.726803 0.832963
vt 0.694531 0.817493
vt 0.695997 0.826710
vt 0.727010 0.838270
vt 0.697631 0.835009
vt 0.699407 0.842249
vt 0.728057 0.850991
vt 0.701297 0.848307
vt 0.703272 0.853081
vt 0.729617 0.857442
vt 0.707341 0.858476
vt 0.709365 0.859006
vt 0.730213 0.857989
vt 0.713217 0.855684
vt 0.732692 0.852002
vt 0.711787 0.844362
vt 0.711130 0.835953
vt 0.734323 0.839868
vt 0.734850 0.777659
vt 0.712491 0.711691
vt 0.735204 0.782217
vt 0.711787 0.716399
vt 0.711130 0.723066
vt 0.735486 0.787297
vt 0.710827 0.727075
vt 0.710546 0.731496
vt 0.735690 0.792808
vt 0.710290 0.736298
vt 0.735812 0.798669
vt 0.709862 0.746900
vt 0.709696 0.752624
vt 0.735848 0.804727
vt 0.709470 0.790158
vt 0.709565 0.796519
vt 0.709696 0.802786
vt 0.735139 0.829124
vt 0.710061 0.814859
vt 0.731457 0.856598
vt 0.732081 0.854686
vt 0.733276 0.848596
vt 0.733824 0.844527
vt 0.734765 0.834704
vt 0.735440 0.823230
vt 0.735661 0.817127
vt 0.735797 0.810922
vt 0.734432 0.773704
vt 0.733437 0.767877
vt 0.732878 0.766108
vt 0.732293 0.765149
vt 0.730483 0.767226
vt 0.755127 0.856372
vt 0.728801 0.776327
vt 0.727176 0.796757
vt 0.726926 0.802769
vt 0.726645 0.815151
vt 0.726672 0.827272
vt 0.727291 0.843100
vt 0.727642 0.847366
vt 0.728530 0.853911
vt 0.729053 0.856074
vt 0.730830 0.857706
vt 0.661055 0.851040
vt 0.667390 0.853775
vt 0.670721 0.855262
vt 0.661575 0.854467
vt 0.672154 0.855916
vt 0.674597 0.857063
vt 0.678538 0.859083
vt 0.662795 0.859084
vt 0.679332 0.859587
vt 0.679464 0.859687
vt 0.663490 0.860245
vt 0.664239 0.860628
vt 0.665038 0.860233
vt 0.678745 0.860081
vt 0.675839 0.859465
vt 0.674766 0.859200
vt 0.665882 0.859060
vt 0.642582 0.875001
vt 0.875030 0.888192
vt 0.642582 0.125001
vt 0.718572 0.111808
vt 0.875030 0.083334
vt 0.875030 0.111808
vt 0.711502 0.065742
vt 0.293119 0.049951
vt 0.299538 0.036119
vt 0.700406 0.036119
vt 0.308724 0.024378
vt 0.691197 0.024378
vt 0.322584 0.014844
vt 0.654787 0.007611
vt 0.615335 0.002749
vt 0.453814 0.000307
vt 0.545628 0.000307
vt 0.720306 0.367232
vt 0.721610 0.345154
vt 0.721610 0.154848
vt 0.722561 0.322170
vt 0.723208 0.298499
vt 0.722561 0.177832
vt 0.919470 0.388893
vt 0.887837 0.426301
vt 0.929918 0.426777
vt 0.896261 0.442879
vt 0.906235 0.457587
vt 0.917899 0.470282
vt 0.943575 0.457868
vt 0.931339 0.480841
vt 0.951569 0.470481
vt 0.969608 0.489235
vt 0.981362 0.498789
vt 0.995091 0.498797
vt 0.718572 0.388194
vt 0.912164 0.345671
vt 0.954835 0.345671
vt 0.952212 0.298773
vt 0.951553 0.274505
vt 0.723584 0.225636
vt 0.723208 0.201504
vt 0.909645 0.322572
vt 0.907860 0.298773
vt 0.906792 0.274435
vt 0.723584 0.274366
vt 0.723707 0.250001
vt 0.906440 0.250000
vt 0.907860 0.201228
vt 0.912164 0.154330
vt 0.720306 0.132770
vt 0.915432 0.132151
vt 0.877700 0.101968
vt 0.714973 0.083334
vt 0.706837 0.049951
vt 0.943575 0.042133
vt 0.960276 0.019031
vt 0.677299 0.014844
vt 0.000034 0.000000
vt 0.010419 0.001204
vt 0.020617 0.004804
vt 0.384325 0.002749
vt 0.345021 0.007611
vt 0.030457 0.010765
vt 0.039788 0.019031
vt 0.048492 0.029520
vt 0.056484 0.042133
vt 0.063709 0.056748
vt 0.288463 0.065742
vt 0.284998 0.083334
vt 0.075760 0.091402
vt 0.116174 0.083334
vt 0.080582 0.111108
vt 0.127418 0.121892
vt 0.093253 0.225496
vt 0.138514 0.211505
vt 0.093607 0.250000
vt 0.092187 0.298773
vt 0.132272 0.352063
vt 0.128419 0.373436
vt 0.080582 0.388893
vt 0.075760 0.408599
vt 0.070137 0.426777
vt 0.063709 0.443253
vt 0.080487 0.471833
vt 0.039788 0.480970
vt 0.020617 0.495196
vt 0.018259 0.498853
vt 0.010419 0.498797
vt 0.004941 0.498797
vt 0.009809 0.495196
vt 0.014565 0.489235
vt 0.030457 0.489235
vt 0.048492 0.470481
vt 0.056484 0.457868
vt 0.027657 0.457868
vt 0.084618 0.367850
vt 0.087885 0.345671
vt 0.090402 0.322572
vt 0.046721 0.322572
vt 0.047817 0.298773
vt 0.093253 0.274505
vt 0.048477 0.274505
vt 0.048477 0.225496
vt 0.092187 0.201228
vt 0.046721 0.177429
vt 0.090402 0.177429
vt 0.087885 0.154330
vt 0.084618 0.132151
vt 0.043244 0.132151
vt 0.038121 0.091402
vt 0.070137 0.073223
vt 0.034980 0.073223
vt 0.031483 0.056748
vt 0.023535 0.029520
vt 0.019156 0.019031
vt 0.009809 0.004804
vt 0.004941 0.001204
vt 0.000016 0.000000
vt 0.989648 0.001204
vt 0.979449 0.004804
vt 0.969608 0.010765
vt 0.985467 0.010765
vt 0.951569 0.029520
vt 0.972374 0.042133
vt 0.968548 0.056748
vt 0.936348 0.056748
vt 0.965050 0.073223
vt 0.929918 0.073223
vt 0.961909 0.091402
vt 0.924294 0.091402
vt 0.919470 0.111108
vt 0.959148 0.111108
vt 0.956785 0.132151
vt 0.909645 0.177429
vt 0.906792 0.225566
vt 0.951332 0.250000
vt 0.915433 0.367850
vt 0.956785 0.367850
vt 0.959148 0.388893
vt 0.924294 0.408599
vt 0.961909 0.408599
vt 0.965050 0.426777
vt 0.936348 0.443253
vt 0.968548 0.443253
vt 0.972374 0.457868
vt 0.960276 0.480970
vt 0.985467 0.489235
vt 0.990223 0.495196
vt 0.979400 0.495174
vt 0.989623 0.498791
vt 0.995091 0.001204
vt 0.000016 0.500000
vt 0.014565 0.010765
vt 0.019156 0.480970
vt 0.023535 0.470481
vt 0.027657 0.042133
vt 0.031483 0.443253
vt 0.034980 0.426777
vt 0.038121 0.408599
vt 0.040882 0.388893
vt 0.040882 0.111108
vt 0.043244 0.367850
vt 0.045194 0.345671
vt 0.045194 0.154330
vt 0.047817 0.201228
vt 0.048697 0.250000
vt 0.990223 0.004804
vt 0.980875 0.019031
vt 0.980875 0.480970
vt 0.976496 0.029520
vt 0.976496 0.470481
vt 0.954835 0.154330
vt 0.953308 0.177429
vt 0.953308 0.322572
vt 0.952212 0.201228
vt 0.951553 0.225496
vt 0.200426 0.083334
vt 0.336005 0.083334
vt 0.551190 0.083334
vt 0.883894 0.083334
vt 0.880649 0.092469
vt 0.018259 0.501148
vt 0.035833 0.495420
vt 0.052264 0.489734
vt 0.067206 0.481848
vt 0.067206 0.518153
vt 0.080487 0.528168
vt 0.092081 0.459781
vt 0.102058 0.445803
vt 0.110541 0.430027
vt 0.117672 0.587403
vt 0.117672 0.412598
vt 0.123588 0.393677
vt 0.199082 0.606324
vt 0.200169 0.587403
vt 0.200169 0.412598
vt 0.202551 0.554198
vt 0.202551 0.445803
vt 0.203801 0.540220
vt 0.203801 0.459781
vt 0.205062 0.528168
vt 0.206317 0.518153
vt 0.207552 0.510266
vt 0.206317 0.481848
vt 0.207552 0.489734
vt 0.209909 0.501148
vt 0.209909 0.498853
vt 0.197235 0.352063
vt 0.135237 0.329752
vt 0.137383 0.306708
vt 0.138760 0.283145
vt 0.139400 0.259276
vt 0.195450 0.235323
vt 0.139319 0.235323
vt 0.195669 0.211505
vt 0.136967 0.188040
vt 0.197417 0.143027
vt 0.134642 0.165144
vt 0.131483 0.143027
vt 0.198309 0.121892
vt 0.199320 0.101933
vt 0.122352 0.101933
vt 0.198096 0.626565
vt 0.132272 0.647938
vt 0.196519 0.670249
vt 0.135237 0.670249
vt 0.138760 0.716855
vt 0.139400 0.740724
vt 0.195428 0.740724
vt 0.139319 0.764677
vt 0.195669 0.788495
vt 0.134642 0.834857
vt 0.196667 0.834857
vt 0.131483 0.856974
vt 0.127418 0.878108
vt 0.122352 0.898067
vt 0.714974 0.916667
vt 0.288463 0.934260
vt 0.711503 0.934260
vt 0.706838 0.950050
vt 0.299537 0.963883
vt 0.308723 0.975624
vt 0.322583 0.985158
vt 0.677299 0.985158
vt 0.384324 0.997252
vt 0.654788 0.992390
vt 0.720306 0.867231
vt 0.720306 0.632770
vt 0.723208 0.798498
vt 0.723584 0.725635
vt 0.919470 0.888892
vt 0.877700 0.898032
vt 0.880650 0.907531
vt 0.924294 0.908599
vt 0.883894 0.916667
vt 0.929918 0.926777
vt 0.936348 0.943253
vt 0.700406 0.963883
vt 0.691198 0.975624
vt 0.960276 0.980970
vt 0.969608 0.989235
vt 0.979449 0.995196
vt 0.615336 0.997252
vt 0.545629 0.999695
vt 0.453813 0.999695
vt 0.345020 0.992390
vt 0.048492 0.970481
vt 0.293119 0.950050
vt 0.063709 0.943253
vt 0.070137 0.926777
vt 0.075760 0.908599
vt 0.087885 0.845671
vt 0.136967 0.811960
vt 0.138514 0.788495
vt 0.093253 0.774504
vt 0.092187 0.701227
vt 0.137383 0.693292
vt 0.090402 0.677428
vt 0.087885 0.654330
vt 0.128419 0.626565
vt 0.080582 0.611108
vt 0.123588 0.606324
vt 0.075760 0.591402
vt 0.070137 0.573224
vt 0.110541 0.569974
vt 0.102058 0.554198
vt 0.092081 0.540220
vt 0.056484 0.542133
vt 0.048492 0.529520
vt 0.052264 0.510266
vt 0.030457 0.510766
vt 0.035833 0.504581
vt 0.010419 0.501204
vt 0.020617 0.504804
vt 0.014565 0.510766
vt 0.019156 0.519031
vt 0.039788 0.519031
vt 0.023535 0.529520
vt 0.027657 0.542133
vt 0.063709 0.556748
vt 0.040882 0.611108
vt 0.043244 0.632151
vt 0.084618 0.632151
vt 0.048477 0.725496
vt 0.048697 0.750000
vt 0.093253 0.725496
vt 0.093607 0.750000
vt 0.047817 0.798773
vt 0.092187 0.798773
vt 0.090402 0.822571
vt 0.046721 0.822571
vt 0.045194 0.845671
vt 0.084618 0.867849
vt 0.080582 0.888892
vt 0.031483 0.943253
vt 0.056484 0.957867
vt 0.023535 0.970481
vt 0.019156 0.980970
vt 0.039788 0.980970
vt 0.030457 0.989235
vt 0.009809 0.995196
vt 0.020617 0.995196
vt 0.004941 0.998796
vt 0.010419 0.998796
vt 0.000016 1.000000
vt 0.000034 1.000000
vt 0.995091 0.998796
vt 0.989648 0.998796
vt 0.951569 0.970481
vt 0.976496 0.970481
vt 0.943575 0.957867
vt 0.965050 0.926777
vt 0.961909 0.908599
vt 0.959148 0.888892
vt 0.954835 0.845671
vt 0.915433 0.867849
vt 0.912164 0.845671
vt 0.951553 0.774504
vt 0.951332 0.750000
vt 0.906440 0.750000
vt 0.906792 0.725565
vt 0.718572 0.888193
vt 0.721610 0.845153
vt 0.909646 0.822571
vt 0.722561 0.822170
vt 0.907860 0.798773
vt 0.906792 0.774434
vt 0.723584 0.774366
vt 0.723708 0.750001
vt 0.723208 0.701503
vt 0.907860 0.701227
vt 0.722561 0.677832
vt 0.721610 0.654849
vt 0.909646 0.677428
vt 0.718572 0.611809
vt 0.915433 0.632151
vt 0.875030 0.611808
vt 0.896261 0.557122
vt 0.936348 0.556748
vt 0.943575 0.542133
vt 0.951569 0.529520
vt 0.917899 0.529719
vt 0.931339 0.519160
vt 0.960276 0.519031
vt 0.969608 0.510766
vt 0.981362 0.501212
vt 0.000061 0.500000
vt 0.989623 0.501210
vt 0.995091 0.501204
vt 0.985467 0.510766
vt 0.979400 0.504827
vt 0.972374 0.542133
vt 0.968548 0.556748
vt 0.929918 0.573224
vt 0.924294 0.591402
vt 0.959148 0.611108
vt 0.919470 0.611108
vt 0.912164 0.654330
vt 0.956785 0.632151
vt 0.954835 0.654330
vt 0.952212 0.701227
vt 0.990223 0.504804
vt 0.990223 0.995196
vt 0.985467 0.989235
vt 0.980875 0.519031
vt 0.980875 0.980970
vt 0.976496 0.529520
vt 0.972374 0.957867
vt 0.968548 0.943253
vt 0.965050 0.573224
vt 0.961909 0.591402
vt 0.956785 0.867849
vt 0.953308 0.677428
vt 0.953308 0.822571
vt 0.952212 0.798773
vt 0.951553 0.725496
vt 0.004941 0.501204
vt 0.014565 0.989235
vt 0.009809 0.504804
vt 0.027657 0.957867
vt 0.031483 0.556748
vt 0.034980 0.926777
vt 0.034980 0.573224
vt 0.038121 0.908599
vt 0.038121 0.591402
vt 0.040882 0.888892
vt 0.043244 0.867849
vt 0.045194 0.654330
vt 0.046721 0.677428
vt 0.047817 0.701227
vt 0.048477 0.774504
vt 0.875030 0.916667
vt 0.284998 0.916667
vt 0.256499 0.916667
vt 0.116173 0.916667
vt 0.880810 0.591988
vt 0.875030 0.388193
vt 0.880810 0.408013
vt 0.887837 0.573700
vt 0.906235 0.542414
vt 0.946542 0.510839
vt 0.946542 0.489162
vt 0.963338 0.504837
vt 0.963338 0.495164
vt 0.256740 0.950050
vt 0.259690 0.950050
vt 0.259128 0.975624
vt 0.257042 0.975624
vt 0.257217 0.985158
vt 0.258850 0.985158
vt 0.257407 0.992390
vt 0.257613 0.997252
vt 0.257834 0.999695
vt 0.258319 0.997252
vt 0.256226 0.845153
vt 0.256145 0.798498
vt 0.256362 0.611809
vt 0.218586 0.611808
vt 0.194984 0.611108
vt 0.217646 0.573700
vt 0.217069 0.557122
vt 0.216420 0.542414
vt 0.215699 0.529719
vt 0.190236 0.529520
vt 0.214904 0.519160
vt 0.188944 0.519031
vt 0.187541 0.510766
vt 0.214037 0.510839
vt 0.184420 0.501210
vt 0.195592 0.632151
vt 0.256287 0.632770
vt 0.148808 0.677428
vt 0.196088 0.654330
vt 0.149229 0.701227
vt 0.196473 0.677428
vt 0.196747 0.701227
vt 0.196912 0.725565
vt 0.256125 0.774366
vt 0.256226 0.654849
vt 0.256179 0.677832
vt 0.256145 0.701503
vt 0.256125 0.725635
vt 0.256118 0.750001
vt 0.196966 0.750000
vt 0.196912 0.774434
vt 0.256179 0.822170
vt 0.256287 0.867231
vt 0.195592 0.867849
vt 0.194984 0.888892
vt 0.218163 0.907531
vt 0.217926 0.916667
vt 0.194263 0.908599
vt 0.256612 0.934260
vt 0.192479 0.943253
vt 0.191415 0.957867
vt 0.256883 0.963883
vt 0.188944 0.980970
vt 0.187541 0.989235
vt 0.186029 0.995196
vt 0.184416 0.998796
vt 0.182706 1.000000
vt 0.258070 0.999695
vt 0.179043 0.995196
vt 0.258579 0.992390
vt 0.177118 0.989235
vt 0.175154 0.980970
vt 0.259409 0.963883
vt 0.169274 0.943253
vt 0.259967 0.934260
vt 0.260234 0.916667
vt 0.200426 0.916667
vt 0.199320 0.898067
vt 0.198309 0.878108
vt 0.162614 0.867849
vt 0.161387 0.845671
vt 0.197417 0.856974
vt 0.196079 0.811960
vt 0.195450 0.764677
vt 0.159079 0.750000
vt 0.159228 0.725496
vt 0.195603 0.716855
vt 0.195970 0.693292
vt 0.161387 0.654330
vt 0.162614 0.632151
vt 0.197235 0.647938
vt 0.164051 0.611108
vt 0.165663 0.591402
vt 0.167416 0.573224
vt 0.201333 0.569974
vt 0.169274 0.556748
vt 0.171204 0.542133
vt 0.179044 0.504804
vt 0.208752 0.504581
vt 0.180912 0.501204
vt 0.124291 0.504804
vt 0.177118 0.510766
vt 0.121840 0.510766
vt 0.119391 0.519031
vt 0.175154 0.519031
vt 0.173174 0.529520
vt 0.116971 0.529520
vt 0.112345 0.556748
vt 0.110204 0.573224
vt 0.108222 0.591402
vt 0.104856 0.632151
vt 0.103529 0.654330
vt 0.160397 0.677428
vt 0.159671 0.701227
vt 0.102471 0.677428
vt 0.101235 0.725496
vt 0.101078 0.750000
vt 0.159228 0.774504
vt 0.159671 0.798773
vt 0.101702 0.798773
vt 0.160397 0.822571
vt 0.102471 0.822571
vt 0.106429 0.888892
vt 0.164051 0.888892
vt 0.165663 0.908599
vt 0.108222 0.908599
vt 0.110204 0.926777
vt 0.167416 0.926777
vt 0.171204 0.957867
vt 0.112345 0.943253
vt 0.114611 0.957867
vt 0.173174 0.970481
vt 0.121840 0.989235
vt 0.180912 0.998796
vt 0.124291 0.995196
vt 0.129088 1.000000
vt 0.131388 0.998796
vt 0.137683 0.980970
vt 0.190236 0.970481
vt 0.139533 0.970481
vt 0.144208 0.926777
vt 0.193428 0.926777
vt 0.196088 0.845671
vt 0.196473 0.822571
vt 0.196747 0.798773
vt 0.148219 0.654330
vt 0.194263 0.591402
vt 0.145456 0.591402
vt 0.193428 0.573224
vt 0.192479 0.556748
vt 0.141242 0.542133
vt 0.191415 0.542133
vt 0.139533 0.529520
vt 0.137683 0.519031
vt 0.135701 0.510766
vt 0.186037 0.504827
vt 0.126714 0.501204
vt 0.126714 0.998796
vt 0.119391 0.980970
vt 0.114611 0.542133
vt 0.116971 0.970481
vt 0.106429 0.611108
vt 0.104856 0.867849
vt 0.103529 0.845671
vt 0.101702 0.701227
vt 0.101235 0.774504
vt 0.131389 0.501204
vt 0.133598 0.504804
vt 0.133598 0.995196
vt 0.135701 0.989235
vt 0.141242 0.957867
vt 0.142802 0.943253
vt 0.142802 0.556748
vt 0.145456 0.908599
vt 0.144208 0.573224
vt 0.146541 0.888892
vt 0.146541 0.611108
vt 0.147463 0.867849
vt 0.148219 0.845671
vt 0.147463 0.632151
vt 0.148808 0.822571
vt 0.149229 0.798773
vt 0.149482 0.725496
vt 0.149482 0.774504
vt 0.149566 0.750000
vt 0.218586 0.916667
vt 0.218383 0.898032
vt 0.260234 0.083334
vt 0.256499 0.083334
vt 0.256612 0.065742
vt 0.256740 0.049951
vt 0.259691 0.049951
vt 0.256883 0.036119
vt 0.257042 0.024378
vt 0.259128 0.024378
vt 0.257217 0.014844
vt 0.257407 0.007611
vt 0.257613 0.002749
vt 0.258580 0.007611
vt 0.257834 0.000307
vt 0.258319 0.002749
vt 0.258070 0.000307
vt 0.256287 0.367232
vt 0.256226 0.345154
vt 0.256145 0.201504
vt 0.218586 0.111808
vt 0.194984 0.111108
vt 0.217926 0.083334
vt 0.192479 0.056748
vt 0.191415 0.042133
vt 0.188944 0.019031
vt 0.187541 0.010765
vt 0.186029 0.004804
vt 0.180912 0.001204
vt 0.179044 0.004804
vt 0.177118 0.010765
vt 0.258850 0.014844
vt 0.175154 0.019031
vt 0.173174 0.029520
vt 0.259409 0.036119
vt 0.171204 0.042133
vt 0.259967 0.065742
vt 0.169274 0.056748
vt 0.164051 0.111108
vt 0.162614 0.132151
vt 0.196667 0.165144
vt 0.161387 0.154330
vt 0.196079 0.188040
vt 0.159671 0.201228
vt 0.195428 0.259276
vt 0.195603 0.283145
vt 0.195970 0.306708
vt 0.196519 0.329752
vt 0.198096 0.373436
vt 0.199082 0.393677
vt 0.164051 0.388893
vt 0.201333 0.430027
vt 0.173174 0.470481
vt 0.205062 0.471833
vt 0.179044 0.495196
vt 0.208752 0.495420
vt 0.211014 0.500000
vt 0.126714 0.498797
vt 0.180912 0.498797
vt 0.124291 0.495196
vt 0.177118 0.489235
vt 0.119391 0.480970
vt 0.116971 0.470481
vt 0.175154 0.480970
vt 0.114611 0.457868
vt 0.171204 0.457868
vt 0.112345 0.443253
vt 0.169274 0.443253
vt 0.167416 0.426777
vt 0.108222 0.408599
vt 0.106429 0.388893
vt 0.165663 0.408599
vt 0.162614 0.367850
vt 0.161387 0.345671
vt 0.103529 0.345671
vt 0.102471 0.322572
vt 0.101702 0.298773
vt 0.160397 0.322572
vt 0.159671 0.298773
vt 0.159228 0.274505
vt 0.101235 0.274505
vt 0.159079 0.250000
vt 0.159228 0.225496
vt 0.102471 0.177429
vt 0.160397 0.177429
vt 0.106429 0.111108
vt 0.108222 0.091402
vt 0.165663 0.091402
vt 0.112345 0.056748
vt 0.167416 0.073223
vt 0.114611 0.042133
vt 0.116971 0.029520
vt 0.119391 0.019031
vt 0.121840 0.010765
vt 0.182706 0.000001
vt 0.131389 0.001204
vt 0.184416 0.001204
vt 0.135701 0.010765
vt 0.190236 0.029520
vt 0.142802 0.056748
vt 0.193428 0.073223
vt 0.145456 0.091402
vt 0.194263 0.091402
vt 0.195592 0.132151
vt 0.148808 0.177429
vt 0.196473 0.177429
vt 0.149482 0.225496
vt 0.196966 0.250000
vt 0.256125 0.274366
vt 0.256145 0.298499
vt 0.256287 0.132770
vt 0.196088 0.154330
vt 0.256226 0.154848
vt 0.256179 0.177832
vt 0.196747 0.201228
vt 0.196912 0.225566
vt 0.256125 0.225636
vt 0.256118 0.250001
vt 0.196747 0.298773
vt 0.256179 0.322170
vt 0.195592 0.367850
vt 0.218586 0.388193
vt 0.217646 0.426301
vt 0.216420 0.457587
vt 0.191415 0.457868
vt 0.214904 0.480841
vt 0.188944 0.480970
vt 0.212089 0.498789
vt 0.133598 0.495196
vt 0.184420 0.498791
vt 0.186037 0.495174
vt 0.187541 0.489235
vt 0.135701 0.489235
vt 0.137683 0.480970
vt 0.139533 0.470481
vt 0.190236 0.470481
vt 0.192479 0.443253
vt 0.142802 0.443253
vt 0.193428 0.426777
vt 0.144208 0.426777
vt 0.194263 0.408599
vt 0.194984 0.388893
vt 0.147463 0.367850
vt 0.148219 0.345671
vt 0.196088 0.345671
vt 0.196473 0.322572
vt 0.148808 0.322572
vt 0.149482 0.274505
vt 0.196912 0.274435
vt 0.126714 0.001204
vt 0.129088 0.500000
vt 0.131389 0.498797
vt 0.129088 0.000000
vt 0.133598 0.004804
vt 0.137683 0.019031
vt 0.139533 0.029520
vt 0.141242 0.457868
vt 0.141242 0.042133
vt 0.144208 0.073223
vt 0.145456 0.408599
vt 0.146541 0.388893
vt 0.146541 0.111108
vt 0.147463 0.132151
vt 0.148219 0.154330
vt 0.149229 0.298773
vt 0.149229 0.201228
vt 0.149566 0.250000
vt 0.124291 0.004804
vt 0.121840 0.489235
vt 0.110204 0.073223
vt 0.110204 0.426777
vt 0.104856 0.132151
vt 0.104856 0.367850
vt 0.103529 0.154330
vt 0.101702 0.201228
vt 0.101235 0.225496
vt 0.101078 0.250000
vt 0.218151 0.408013
vt 0.218151 0.591988
vt 0.217069 0.442879
vt 0.215699 0.470282
vt 0.214037 0.489162
vt 0.213097 0.495164
vt 0.213097 0.504837
vt 0.212089 0.501212
vt 0.218383 0.101968
vt 0.218163 0.092469
vt 0.551190 0.916667
vt 0.489385 0.813890
vt 0.489385 0.216668
vt 0.336005 0.916667
vt 0.256362 0.388194
vt 0.256362 0.888193
vt 0.218586 0.888192
vt 0.256362 0.111808
vt 0.218586 0.083334
vt 0.680755 0.554155
vt 0.680858 0.460674
vt 0.680927 0.523858
vt 0.753037 0.614194
vt 0.754271 0.620159
vt 0.712371 0.620436
vt 0.710471 0.624997
vt 0.709437 0.624048
vt 0.758519 0.623785
vt 0.705146 0.599523
vt 0.704150 0.588742
vt 0.766995 0.569900
vt 0.767969 0.554797
vt 0.702446 0.562789
vt 0.701794 0.548067
vt 0.768715 0.538628
vt 0.701309 0.532514
vt 0.769205 0.521707
vt 0.769347 0.486935
vt 0.701011 0.483603
vt 0.701309 0.467488
vt 0.702446 0.437213
vt 0.703240 0.423576
vt 0.766433 0.423043
vt 0.763803 0.398874
vt 0.762331 0.389632
vt 0.708368 0.379048
vt 0.709437 0.375954
vt 0.757769 0.375306
vt 0.756310 0.375306
vt 0.752464 0.389632
vt 0.690360 0.410497
vt 0.750493 0.410084
vt 0.680618 0.431907
vt 0.680755 0.445847
vt 0.748587 0.453175
vt 0.748248 0.469761
vt 0.680927 0.476144
vt 0.680961 0.492006
vt 0.680961 0.507997
vt 0.748134 0.521707
vt 0.748399 0.538628
vt 0.680858 0.539328
vt 0.748813 0.554797
vt 0.680618 0.568095
vt 0.683514 0.575659
vt 0.749376 0.569900
vt 0.698569 0.601395
vt 0.751922 0.606007
vt 0.814740 0.375305
vt 0.848142 0.375000
vt 0.853901 0.385807
vt 0.820954 0.389632
vt 0.860175 0.430101
vt 0.828705 0.453174
vt 0.861241 0.445204
vt 0.862044 0.461373
vt 0.829472 0.469760
vt 0.862566 0.478294
vt 0.829906 0.486934
vt 0.862792 0.495638
vt 0.829994 0.504363
vt 0.862717 0.513066
vt 0.829129 0.538628
vt 0.862342 0.530241
vt 0.828204 0.554797
vt 0.859552 0.576958
vt 0.823806 0.595756
vt 0.852966 0.617462
vt 0.817879 0.620158
vt 0.851051 0.622269
vt 0.847182 0.624696
vt 0.811684 0.623784
vt 0.845305 0.622269
vt 0.809754 0.620158
vt 0.841836 0.610369
vt 0.806296 0.606006
vt 0.840303 0.601128
vt 0.804813 0.595740
vt 0.802443 0.569900
vt 0.800935 0.538628
vt 0.835499 0.530241
vt 0.800524 0.521707
vt 0.800347 0.504363
vt 0.835143 0.495638
vt 0.800406 0.486934
vt 0.800700 0.469760
vt 0.801227 0.453174
vt 0.801982 0.437500
vt 0.802958 0.423043
vt 0.838324 0.416359
vt 0.804146 0.410083
vt 0.841050 0.393994
vt 0.807102 0.389632
vt 0.842658 0.385807
vt 0.808834 0.382539
vt 0.844396 0.379843
vt 0.846235 0.376217
vt 0.757031 0.625001
vt 0.815784 0.623784
vt 0.760044 0.620159
vt 0.761575 0.614194
vt 0.763076 0.606007
vt 0.819946 0.614193
vt 0.764507 0.595756
vt 0.821938 0.606006
vt 0.765827 0.583642
vt 0.825504 0.583642
vt 0.826983 0.569900
vt 0.829732 0.521707
vt 0.769418 0.504364
vt 0.768993 0.469761
vt 0.768373 0.453175
vt 0.767508 0.437501
vt 0.827628 0.437500
vt 0.826273 0.423043
vt 0.765184 0.410084
vt 0.824679 0.410083
vt 0.822890 0.398873
vt 0.760811 0.382540
vt 0.818919 0.382539
vt 0.759279 0.377732
vt 0.816832 0.377732
vt 0.812685 0.375305
vt 0.754927 0.377732
vt 0.810705 0.377732
vt 0.753640 0.382540
vt 0.751412 0.398874
vt 0.805533 0.398873
vt 0.749712 0.423043
vt 0.749076 0.437501
vt 0.748058 0.486935
vt 0.748021 0.504364
vt 0.801576 0.554797
vt 0.750085 0.583642
vt 0.803526 0.583642
vt 0.750933 0.595725
vt 0.807949 0.614193
vt 0.813705 0.625001
vt 0.755608 0.623785
vt 0.843512 0.617462
vt 0.839598 0.404245
vt 0.838938 0.589918
vt 0.837760 0.576958
vt 0.836786 0.562500
vt 0.837247 0.430101
vt 0.836380 0.445204
vt 0.836029 0.546827
vt 0.835735 0.461373
vt 0.835321 0.478294
vt 0.835203 0.513066
vt 0.849110 0.624696
vt 0.850081 0.376217
vt 0.852014 0.379843
vt 0.854814 0.610369
vt 0.855700 0.393994
vt 0.856553 0.601128
vt 0.857370 0.404245
vt 0.858146 0.589918
vt 0.858874 0.416359
vt 0.860739 0.562500
vt 0.861677 0.546827
f 2/2 68/68 59/59
f 59/59 68/68 69/69
f 59/59 69/69 1/1
f 1/1 69/69 75/75
f 68/68 2/2 67/67
f 67/67 2/2 3/3
f 67/67 3/3 66/66
f 66/66 3/3 147/147
f 66/66 147/147 65/65
f 65/65 147/147 4/4
f 65/65 4/4 6/6
f 6/6 4/4 5/5
f 6/6 5/5 79/79
f 79/79 5/5 7/7
f 79/79 7/7 9/9
f 9/9 7/7 8/8
f 9/9 8/8 75/75
f 7/7 10/10 8/8
f 8/8 10/10 138/138
f 8/8 138/138 11/11
f 11/11 138/138 136/136
f 11/11 136/136 134/134
f 11/11 134/134 64/64
f 64/64 134/134 132/132
f 64/64 132/132 131/131
f 64/64 131/131 12/12
f 12/12 131/131 130/130
f 12/12 130/130 13/13
f 13/13 130/130 128/128
f 13/13 128/128 127/127
f 13/13 127/127 14/14
f 14/14 127/127 15/15
f 14/14 15/15 16/16
f 14/14 16/16 63/63
f 63/63 16/16 126/126
f 63/63 126/126 17/17
f 17/17 126/126 18/18
f 17/17 18/18 62/62
f 62/62 18/18 123/123
f 62/62 123/123 20/20
f 20/20 123/123 19/19
f 20/20 19/19 61/61
f 61/61 19/19 99/99
f 61/61 99/99 21/21
f 21/21 99/99 22/22
f 21/21 22/22 23/23
f 23/23 22/22 24/24
f 23/23 24/24 60/60
f 60/60 24/24 97/97
f 60/60 97/97 78/78
f 78/78 97/97 96/96
f 78/78 96/96 25/25
f 25/25 96/96 94/94
f 25/25 94/94 26/26
f 26/26 94/94 92/92
f 26/26 92/92 27/27
f 27/27 92/92 28/28
f 27/27 28/28 29/29
f 29/29 28/28 30/30
f 29/29 30/30 31/31
f 31/31 30/30 89/89
f 31/31 89/89 32/32
f 31/31 32/32 77/77
f 77/77 32/32 34/34
f 77/77 34/34 33/33
f 33/33 34/34 86/86
f 33/33 86/86 76/76
f 76/76 86/86 35/35
f 76/76 35/35 36/36
f 36/36 35/35 85/85
f 36/36 85/85 37/37
f 37/37 85/85 39/39
f 37/37 39/39 38/38
f 38/38 39/39 83/83
f 38/38 83/83 82/82
f 38/38 82/82 74/74
f 74/74 82/82 81/81
f 74/74 81/81 40/40
f 40/40 81/81 41/41
f 40/40 41/41 42/42
f 42/42 41/41 43/43
f 42/42 43/43 44/44
f 44/44 43/43 45/45
f 44/44 45/45 46/46
f 46/46 45/45 80/80
f 46/46 80/80 73/73
f 73/73 80/80 47/47
f 73/73 47/47 72/72
f 72/72 47/47 49/49
f 72/72 49/49 48/48
f 48/48 49/49 51/51
f 48/48 51/51 50/50
f 50/50 51/51 52/52
f 50/50 52/52 53/53
f 53/53 52/52 54/54
f 53/53 54/54 71/71
f 71/71 54/54 55/55
f 71/71 55/55 56/56
f 56/56 55/55 57/57
f 56/56 57/57 70/70
f 70/70 57/57 58/58
f 70/70 58/58 1/1
f 1/1 58/58 59/59
f 78/78 75/75 60/60
f 60/60 75/75 23/23
f 23/23 75/75 21/21
f 21/21 75/75 61/61
f 61/61 75/75 20/20
f 20/20 75/75 62/62
f 62/62 75/75 17/17
f 17/17 75/75 63/63
f 63/63 75/75 14/14
f 14/14 75/75 13/13
f 13/13 75/75 12/12
f 12/12 75/75 64/64
f 64/64 75/75 11/11
f 11/11 75/75 8/8
f 6/6 75/75 65/65
f 65/65 75/75 66/66
f 66/66 75/75 67/67
f 67/67 75/75 68/68
f 68/68 75/75 69/69
f 1/1 75/75 70/70
f 70/70 75/75 56/56
f 56/56 75/75 71/71
f 71/71 75/75 53/53
f 53/53 75/75 50/50
f 50/50 75/75 48/48
f 48/48 75/75 72/72
f 72/72 75/75 73/73
f 73/73 75/75 46/46
f 46/46 75/75 44/44
f 44/44 75/75 42/42
f 42/42 75/75 40/40
f 40/40 75/75 74/74
f 74/74 75/75 38/38
f 38/38 75/75 37/37
f 37/37 75/75 36/36
f 36/36 75/75 76/76
f 76/76 75/75 33/33
f 33/33 75/75 77/77
f 77/77 75/75 31/31
f 31/31 75/75 29/29
f 29/29 75/75 27/27
f 27/27 75/75 26/26
f 26/26 75/75 25/25
f 25/25 75/75 78/78
f 6/6 79/79 75/75
f 75/75 79/79 9/9
f 59/59 58/58 148/148
f 148/148 58/58 57/57
f 148/148 57/57 55/55
f 55/55 54/54 148/148
f 148/148 54/54 52/52
f 148/148 52/52 84/84
f 84/84 52/52 51/51
f 84/84 51/51 49/49
f 49/49 47/47 84/84
f 84/84 47/47 80/80
f 84/84 80/80 45/45
f 45/45 43/43 84/84
f 84/84 43/43 41/41
f 84/84 41/41 81/81
f 81/81 82/82 84/84
f 84/84 82/82 83/83
f 84/84 83/83 39/39
f 84/84 39/39 1108/1108
f 1108/1108 39/39 85/85
f 1108/1108 85/85 35/35
f 35/35 86/86 1108/1108
f 1108/1108 86/86 87/87
f 87/87 86/86 34/34
f 87/87 34/34 88/88
f 88/88 34/34 32/32
f 88/88 32/32 1106/1106
f 1106/1106 32/32 89/89
f 1106/1106 89/89 90/90
f 90/90 89/89 30/30
f 90/90 30/30 28/28
f 90/90 28/28 91/91
f 91/91 28/28 92/92
f 91/91 92/92 93/93
f 93/93 92/92 94/94
f 93/93 94/94 96/96
f 93/93 96/96 95/95
f 95/95 96/96 97/97
f 95/95 97/97 24/24
f 95/95 24/24 98/98
f 98/98 24/24 22/22
f 98/98 22/22 99/99
f 99/99 19/19 98/98
f 1108/1108 1119/1119 84/84
f 84/84 1119/1119 114/114
f 114/114 1119/1119 197/197
f 114/114 197/197 198/198
f 1120/1120 100/100 1119/1119
f 1119/1119 100/100 196/196
f 1119/1119 196/196 113/113
f 100/100 1120/1120 101/101
f 101/101 1120/1120 102/102
f 101/101 102/102 103/103
f 103/103 102/102 104/104
f 103/103 104/104 105/105
f 105/105 104/104 107/107
f 105/105 107/107 106/106
f 106/106 107/107 191/191
f 191/191 107/107 1122/1122
f 191/191 1122/1122 108/108
f 108/108 1122/1122 110/110
f 108/108 110/110 188/188
f 188/188 110/110 109/109
f 109/109 110/110 111/111
f 109/109 111/111 186/186
f 186/186 111/111 185/185
f 185/185 111/111 159/159
f 185/185 159/159 112/112
f 112/112 159/159 184/184
f 184/184 159/159 158/158
f 113/113 197/197 1119/1119
f 198/198 115/115 114/114
f 114/114 115/115 116/116
f 114/114 116/116 117/117
f 117/117 118/118 114/114
f 114/114 118/118 202/202
f 114/114 202/202 203/203
f 203/203 205/205 114/114
f 114/114 205/205 206/206
f 114/114 206/206 208/208
f 208/208 209/209 114/114
f 114/114 209/209 150/150
f 150/150 209/209 119/119
f 150/150 119/119 211/211
f 211/211 212/212 150/150
f 150/150 212/212 120/120
f 150/150 120/120 214/214
f 1068/1068 181/181 1067/1067
f 1067/1067 181/181 121/121
f 98/98 19/19 122/122
f 122/122 19/19 123/123
f 122/122 123/123 124/124
f 124/124 123/123 18/18
f 124/124 18/18 125/125
f 125/125 18/18 126/126
f 125/125 126/126 1102/1102
f 1102/1102 126/126 16/16
f 1102/1102 16/16 15/15
f 1102/1102 15/15 1101/1101
f 1101/1101 15/15 127/127
f 1101/1101 127/127 128/128
f 1101/1101 128/128 129/129
f 129/129 128/128 130/130
f 129/129 130/130 131/131
f 129/129 131/131 133/133
f 133/133 131/131 132/132
f 133/133 132/132 134/134
f 133/133 134/134 135/135
f 135/135 134/134 136/136
f 135/135 136/136 137/137
f 137/137 136/136 138/138
f 137/137 138/138 1097/1097
f 1097/1097 138/138 281/281
f 1097/1097 281/281 1096/1096
f 1096/1096 281/281 139/139
f 139/139 281/281 1095/1095
f 1095/1095 281/281 1094/1094
f 1094/1094 281/281 140/140
f 140/140 281/281 279/279
f 140/140 279/279 141/141
f 141/141 279/279 1091/1091
f 1091/1091 279/279 1089/1089
f 1089/1089 279/279 1088/1088
f 1088/1088 279/279 142/142
f 142/142 279/279 143/143
f 142/142 143/143 1085/1085
f 1085/1085 143/143 144/144
f 1085/1085 144/144 1084/1084
f 1084/1084 144/144 145/145
f 1084/1084 145/145 146/146
f 138/138 10/10 281/281
f 281/281 10/10 7/7
f 281/281 7/7 5/5
f 5/5 4/4 281/281
f 281/281 4/4 147/147
f 281/281 147/147 148/148
f 148/148 147/147 3/3
f 148/148 3/3 2/2
f 2/2 59/59 148/148
f 150/150 217/217 279/279
f 279/279 217/217 149/149
f 279/279 149/149 237/237
f 214/214 151/151 150/150
f 150/150 151/151 216/216
f 150/150 216/216 217/217
f 237/237 235/235 279/279
f 279/279 235/235 234/234
f 279/279 234/234 233/233
f 233/233 143/143 279/279
f 1084/1084 146/146 152/152
f 152/152 146/146 153/153
f 152/152 153/153 154/154
f 154/154 153/153 231/231
f 154/154 231/231 230/230
f 154/154 230/230 156/156
f 156/156 230/230 155/155
f 156/156 155/155 228/228
f 156/156 228/228 1082/1082
f 1082/1082 228/228 226/226
f 1082/1082 226/226 225/225
f 1082/1082 225/225 1081/1081
f 1081/1081 225/225 223/223
f 1081/1081 223/223 222/222
f 1081/1081 222/222 157/157
f 157/157 222/222 220/220
f 157/157 220/220 1080/1080
f 1080/1080 220/220 158/158
f 1080/1080 158/158 159/159
f 178/178 279/279 160/160
f 160/160 279/279 179/179
f 160/160 179/179 262/262
f 262/262 179/179 114/114
f 262/262 114/114 161/161
f 161/161 114/114 162/162
f 162/162 114/114 263/263
f 263/263 114/114 163/163
f 163/163 114/114 264/264
f 264/264 114/114 266/266
f 266/266 114/114 267/267
f 267/267 114/114 150/150
f 267/267 150/150 164/164
f 164/164 150/150 165/165
f 165/165 150/150 268/268
f 268/268 150/150 166/166
f 166/166 150/150 270/270
f 270/270 150/150 271/271
f 271/271 150/150 167/167
f 167/167 150/150 168/168
f 168/168 150/150 169/169
f 169/169 150/150 170/170
f 170/170 150/150 171/171
f 171/171 150/150 172/172
f 172/172 150/150 173/173
f 173/173 150/150 275/275
f 275/275 150/150 174/174
f 174/174 150/150 276/276
f 276/276 150/150 279/279
f 276/276 279/279 277/277
f 277/277 279/279 175/175
f 175/175 279/279 176/176
f 176/176 279/279 177/177
f 177/177 279/279 178/178
f 1067/1067 121/121 179/179
f 179/179 121/121 114/114
f 84/84 114/114 181/181
f 181/181 114/114 121/121
f 281/281 148/148 180/180
f 180/180 148/148 84/84
f 180/180 84/84 181/181
f 181/181 1068/1068 180/180
f 262/262 265/265 160/160
f 160/160 265/265 182/182
f 160/160 182/182 269/269
f 269/269 272/272 160/160
f 160/160 272/272 273/273
f 160/160 273/273 278/278
f 278/278 273/273 274/274
f 220/220 246/246 158/158
f 158/158 246/246 183/183
f 158/158 183/183 184/184
f 184/184 183/183 247/247
f 184/184 247/247 112/112
f 112/112 247/247 248/248
f 112/112 248/248 185/185
f 185/185 248/248 249/249
f 185/185 249/249 186/186
f 186/186 249/249 187/187
f 186/186 187/187 109/109
f 109/109 187/187 189/189
f 109/109 189/189 188/188
f 188/188 189/189 250/250
f 188/188 250/250 108/108
f 108/108 250/250 190/190
f 108/108 190/190 191/191
f 191/191 190/190 192/192
f 191/191 192/192 106/106
f 106/106 192/192 252/252
f 106/106 252/252 105/105
f 105/105 252/252 193/193
f 105/105 193/193 103/103
f 103/103 193/193 101/101
f 101/101 193/193 194/194
f 101/101 194/194 100/100
f 100/100 194/194 195/195
f 100/100 195/195 196/196
f 196/196 195/195 253/253
f 196/196 253/253 113/113
f 113/113 253/253 254/254
f 113/113 254/254 197/197
f 197/197 254/254 199/199
f 197/197 199/199 198/198
f 198/198 199/199 115/115
f 115/115 199/199 255/255
f 115/115 255/255 116/116
f 116/116 255/255 200/200
f 116/116 200/200 117/117
f 117/117 200/200 256/256
f 117/117 256/256 118/118
f 118/118 256/256 201/201
f 118/118 201/201 202/202
f 202/202 201/201 204/204
f 202/202 204/204 203/203
f 203/203 204/204 257/257
f 203/203 257/257 205/205
f 205/205 257/257 258/258
f 205/205 258/258 206/206
f 206/206 258/258 207/207
f 206/206 207/207 208/208
f 208/208 207/207 259/259
f 208/208 259/259 209/209
f 209/209 259/259 260/260
f 209/209 260/260 119/119
f 119/119 260/260 210/210
f 119/119 210/210 211/211
f 211/211 210/210 213/213
f 211/211 213/213 212/212
f 212/212 213/213 261/261
f 212/212 261/261 120/120
f 120/120 261/261 238/238
f 120/120 238/238 214/214
f 214/214 238/238 239/239
f 214/214 239/239 151/151
f 151/151 239/239 215/215
f 151/151 215/215 216/216
f 216/216 215/215 240/240
f 216/216 240/240 217/217
f 217/217 240/240 241/241
f 217/217 241/241 218/218
f 218/218 241/241 251/251
f 246/246 220/220 219/219
f 219/219 220/220 222/222
f 219/219 222/222 221/221
f 221/221 222/222 223/223
f 221/221 223/223 224/224
f 224/224 223/223 225/225
f 224/224 225/225 226/226
f 224/224 226/226 227/227
f 227/227 226/226 228/228
f 227/227 228/228 155/155
f 227/227 155/155 229/229
f 229/229 155/155 230/230
f 229/229 230/230 231/231
f 229/229 231/231 232/232
f 232/232 231/231 153/153
f 232/232 153/153 146/146
f 232/232 146/146 245/245
f 245/245 146/146 145/145
f 245/245 145/145 144/144
f 245/245 144/144 244/244
f 244/244 144/144 143/143
f 244/244 143/143 233/233
f 244/244 233/233 243/243
f 243/243 233/233 234/234
f 243/243 234/234 235/235
f 243/243 235/235 236/236
f 236/236 235/235 237/237
f 236/236 237/237 242/242
f 242/242 237/237 149/149
f 242/242 149/149 218/218
f 218/218 149/149 217/217
f 238/238 251/251 239/239
f 239/239 251/251 215/215
f 215/215 251/251 240/240
f 240/240 251/251 241/241
f 218/218 251/251 242/242
f 242/242 251/251 236/236
f 236/236 251/251 243/243
f 243/243 251/251 244/244
f 244/244 251/251 245/245
f 245/245 251/251 232/232
f 232/232 251/251 229/229
f 229/229 251/251 227/227
f 227/227 251/251 224/224
f 224/224 251/251 221/221
f 221/221 251/251 219/219
f 219/219 251/251 246/246
f 246/246 251/251 183/183
f 183/183 251/251 247/247
f 247/247 251/251 248/248
f 248/248 251/251 249/249
f 249/249 251/251 187/187
f 187/187 251/251 189/189
f 189/189 251/251 250/250
f 250/250 251/251 190/190
f 190/190 251/251 192/192
f 192/192 251/251 252/252
f 252/252 251/251 193/193
f 193/193 251/251 194/194
f 194/194 251/251 195/195
f 195/195 251/251 253/253
f 253/253 251/251 254/254
f 254/254 251/251 199/199
f 199/199 251/251 255/255
f 255/255 251/251 200/200
f 200/200 251/251 256/256
f 256/256 251/251 201/201
f 201/201 251/251 204/204
f 204/204 251/251 257/257
f 257/257 251/251 258/258
f 258/258 251/251 207/207
f 207/207 251/251 259/259
f 259/259 251/251 260/260
f 260/260 251/251 210/210
f 210/210 251/251 213/213
f 213/213 251/251 261/261
f 261/261 251/251 238/238
f 161/161 162/162 262/262
f 262/262 162/162 265/265
f 265/265 162/162 263/263
f 265/265 263/263 163/163
f 163/163 264/264 265/265
f 265/265 264/264 266/266
f 265/265 266/266 182/182
f 182/182 266/266 267/267
f 182/182 267/267 164/164
f 182/182 164/164 269/269
f 269/269 164/164 165/165
f 269/269 165/165 268/268
f 268/268 166/166 269/269
f 269/269 166/166 272/272
f 272/272 166/166 270/270
f 272/272 270/270 271/271
f 271/271 167/167 272/272
f 272/272 167/167 168/168
f 272/272 168/168 169/169
f 169/169 170/170 272/272
f 272/272 170/170 171/171
f 272/272 171/171 273/273
f 273/273 171/171 172/172
f 273/273 172/172 173/173
f 173/173 275/275 273/273
f 273/273 275/275 274/274
f 274/274 275/275 174/174
f 274/274 174/174 276/276
f 274/274 276/276 278/278
f 278/278 276/276 277/277
f 278/278 277/277 175/175
f 175/175 176/176 278/278
f 278/278 176/176 177/177
f 278/278 177/177 178/178
f 178/178 160/160 278/278
f 179/179 279/279 1066/1066
f 1066/1066 279/279 621/621
f 1066/1066 621/621 691/691
f 691/691 621/621 280/280
f 281/281 314/314 279/279
f 279/279 314/314 634/634
f 279/279 634/634 621/621
f 180/180 458/458 281/281
f 281/281 458/458 282/282
f 281/281 282/282 314/314
f 458/458 283/283 282/282
f 282/282 283/283 284/284
f 314/314 696/696 634/634
f 634/634 696/696 636/636
f 332/332 348/348 285/285
f 285/285 348/348 347/347
f 285/285 347/347 286/286
f 285/285 286/286 333/333
f 333/333 286/286 287/287
f 333/333 287/287 288/288
f 288/288 287/287 289/289
f 288/288 289/289 290/290
f 290/290 289/289 291/291
f 290/290 291/291 336/336
f 336/336 291/291 341/341
f 336/336 341/341 292/292
f 292/292 341/341 340/340
f 292/292 340/340 293/293
f 293/293 340/340 294/294
f 293/293 294/294 295/295
f 314/314 282/282 296/296
f 296/296 282/282 329/329
f 296/296 329/329 297/297
f 297/297 329/329 298/298
f 297/297 298/298 299/299
f 299/299 298/298 301/301
f 299/299 301/301 300/300
f 300/300 301/301 320/320
f 300/300 320/320 324/324
f 324/324 320/320 319/319
f 324/324 319/319 325/325
f 314/314 416/416 696/696
f 696/696 416/416 302/302
f 696/696 302/302 697/697
f 697/697 302/302 419/419
f 697/697 419/419 303/303
f 303/303 419/419 304/304
f 303/303 304/304 305/305
f 305/305 304/304 422/422
f 305/305 422/422 306/306
f 306/306 422/422 308/308
f 306/306 308/308 307/307
f 307/307 308/308 310/310
f 307/307 310/310 309/309
f 309/309 310/310 425/425
f 309/309 425/425 701/701
f 701/701 425/425 311/311
f 701/701 311/311 703/703
f 703/703 311/311 428/428
f 703/703 428/428 312/312
f 312/312 428/428 429/429
f 312/312 429/429 646/646
f 646/646 429/429 313/313
f 646/646 313/313 431/431
f 314/314 296/296 416/416
f 416/416 296/296 315/315
f 416/416 315/315 316/316
f 316/316 315/315 453/453
f 453/453 315/315 321/321
f 453/453 321/321 317/317
f 317/317 321/321 322/322
f 317/317 322/322 318/318
f 318/318 322/322 323/323
f 318/318 323/323 415/415
f 415/415 323/323 326/326
f 415/415 326/326 414/414
f 414/414 326/326 319/319
f 414/414 319/319 320/320
f 296/296 297/297 315/315
f 315/315 297/297 321/321
f 297/297 299/299 321/321
f 321/321 299/299 322/322
f 299/299 300/300 322/322
f 322/322 300/300 323/323
f 300/300 324/324 323/323
f 323/323 324/324 326/326
f 324/324 325/325 326/326
f 326/326 325/325 319/319
f 414/414 320/320 327/327
f 327/327 320/320 301/301
f 327/327 301/301 413/413
f 413/413 301/301 298/298
f 413/413 298/298 328/328
f 328/328 298/298 329/329
f 328/328 329/329 330/330
f 330/330 329/329 282/282
f 330/330 282/282 284/284
f 330/330 284/284 410/410
f 410/410 284/284 331/331
f 410/410 331/331 409/409
f 409/409 331/331 460/460
f 409/409 460/460 459/459
f 409/409 459/459 407/407
f 407/407 459/459 332/332
f 407/407 332/332 285/285
f 407/407 285/285 405/405
f 405/405 285/285 333/333
f 405/405 333/333 334/334
f 334/334 333/333 288/288
f 334/334 288/288 402/402
f 402/402 288/288 290/290
f 402/402 290/290 335/335
f 335/335 290/290 336/336
f 335/335 336/336 400/400
f 400/400 336/336 292/292
f 400/400 292/292 399/399
f 399/399 292/292 293/293
f 399/399 293/293 398/398
f 398/398 293/293 295/295
f 398/398 295/295 337/337
f 337/337 295/295 294/294
f 337/337 294/294 338/338
f 338/338 294/294 340/340
f 338/338 340/340 339/339
f 339/339 340/340 341/341
f 339/339 341/341 342/342
f 342/342 341/341 291/291
f 342/342 291/291 343/343
f 343/343 291/291 289/289
f 343/343 289/289 344/344
f 344/344 289/289 287/287
f 344/344 287/287 345/345
f 345/345 287/287 286/286
f 345/345 286/286 346/346
f 346/346 286/286 347/347
f 346/346 347/347 390/390
f 390/390 347/347 348/348
f 390/390 348/348 350/350
f 390/390 350/350 349/349
f 349/349 350/350 501/501
f 349/349 501/501 351/351
f 351/351 501/501 352/352
f 351/351 352/352 387/387
f 387/387 352/352 498/498
f 387/387 498/498 386/386
f 386/386 498/498 497/497
f 386/386 497/497 385/385
f 385/385 497/497 495/495
f 385/385 495/495 383/383
f 383/383 495/495 354/354
f 383/383 354/354 353/353
f 353/353 354/354 493/493
f 353/353 493/493 355/355
f 355/355 493/493 491/491
f 355/355 491/491 380/380
f 380/380 491/491 490/490
f 380/380 490/490 356/356
f 356/356 490/490 489/489
f 356/356 489/489 377/377
f 377/377 489/489 488/488
f 377/377 488/488 376/376
f 376/376 488/488 357/357
f 376/376 357/357 375/375
f 375/375 357/357 358/358
f 375/375 358/358 359/359
f 359/359 358/358 472/472
f 359/359 472/472 360/360
f 360/360 472/472 471/471
f 360/360 471/471 361/361
f 361/361 471/471 469/469
f 361/361 469/469 362/362
f 362/362 469/469 468/468
f 362/362 468/468 373/373
f 373/373 468/468 467/467
f 373/373 467/467 372/372
f 372/372 467/467 363/363
f 372/372 363/363 364/364
f 364/364 363/363 464/464
f 364/364 464/464 371/371
f 371/371 464/464 463/463
f 371/371 463/463 365/365
f 365/365 463/463 462/462
f 365/365 462/462 367/367
f 367/367 462/462 366/366
f 367/367 366/366 431/431
f 431/431 366/366 646/646
f 431/431 368/368 367/367
f 367/367 368/368 365/365
f 368/368 369/369 365/365
f 365/365 369/369 371/371
f 369/369 370/370 371/371
f 371/371 370/370 364/364
f 370/370 433/433 364/364
f 364/364 433/433 372/372
f 433/433 434/434 372/372
f 372/372 434/434 373/373
f 434/434 374/374 373/373
f 373/373 374/374 362/362
f 374/374 436/436 362/362
f 362/362 436/436 361/361
f 436/436 437/437 361/361
f 361/361 437/437 360/360
f 437/437 438/438 360/360
f 360/360 438/438 359/359
f 438/438 439/439 359/359
f 359/359 439/439 375/375
f 439/439 441/441 375/375
f 375/375 441/441 376/376
f 441/441 442/442 376/376
f 376/376 442/442 377/377
f 442/442 378/378 377/377
f 377/377 378/378 356/356
f 378/378 379/379 356/356
f 356/356 379/379 380/380
f 379/379 381/381 380/380
f 380/380 381/381 355/355
f 381/381 445/445 355/355
f 355/355 445/445 353/353
f 445/445 382/382 353/353
f 353/353 382/382 383/383
f 382/382 444/444 383/383
f 383/383 444/444 385/385
f 444/444 384/384 385/385
f 385/385 384/384 386/386
f 384/384 443/443 386/386
f 386/386 443/443 387/387
f 443/443 388/388 387/387
f 387/387 388/388 351/351
f 388/388 440/440 351/351
f 351/351 440/440 349/349
f 440/440 389/389 349/349
f 349/349 389/389 390/390
f 389/389 391/391 390/390
f 390/390 391/391 346/346
f 391/391 392/392 346/346
f 346/346 392/392 345/345
f 392/392 435/435 345/345
f 345/345 435/435 344/344
f 435/435 393/393 344/344
f 344/344 393/393 343/343
f 393/393 394/394 343/343
f 343/343 394/394 342/342
f 394/394 432/432 342/342
f 342/342 432/432 339/339
f 432/432 395/395 339/339
f 339/339 395/395 338/338
f 395/395 396/396 338/338
f 338/338 396/396 337/337
f 396/396 397/397 337/337
f 337/337 397/397 398/398
f 397/397 430/430 398/398
f 398/398 430/430 399/399
f 430/430 446/446 399/399
f 399/399 446/446 400/400
f 446/446 401/401 400/400
f 400/400 401/401 335/335
f 401/401 447/447 335/335
f 335/335 447/447 402/402
f 447/447 449/449 402/402
f 402/402 449/449 334/334
f 449/449 403/403 334/334
f 334/334 403/403 405/405
f 403/403 404/404 405/405
f 405/405 404/404 407/407
f 404/404 406/406 407/407
f 407/407 406/406 409/409
f 406/406 408/408 409/409
f 409/409 408/408 410/410
f 408/408 411/411 410/410
f 410/410 411/411 330/330
f 411/411 412/412 330/330
f 330/330 412/412 328/328
f 412/412 451/451 328/328
f 328/328 451/451 413/413
f 451/451 452/452 413/413
f 413/413 452/452 327/327
f 452/452 454/454 327/327
f 327/327 454/454 455/455
f 327/327 455/455 414/414
f 414/414 455/455 415/415
f 316/316 417/417 416/416
f 416/416 417/417 302/302
f 417/417 418/418 302/302
f 302/302 418/418 419/419
f 418/418 420/420 419/419
f 419/419 420/420 304/304
f 420/420 421/421 304/304
f 304/304 421/421 422/422
f 421/421 423/423 422/422
f 422/422 423/423 308/308
f 423/423 424/424 308/308
f 308/308 424/424 310/310
f 424/424 450/450 310/310
f 310/310 450/450 425/425
f 450/450 448/448 425/425
f 425/425 448/448 311/311
f 448/448 426/426 311/311
f 311/311 426/426 428/428
f 426/426 427/427 428/428
f 428/428 427/427 429/429
f 427/427 313/313 429/429
f 313/313 430/430 431/431
f 431/431 430/430 397/397
f 431/431 397/397 368/368
f 368/368 397/397 396/396
f 368/368 396/396 369/369
f 369/369 396/396 395/395
f 369/369 395/395 370/370
f 370/370 395/395 432/432
f 370/370 432/432 433/433
f 433/433 432/432 394/394
f 433/433 394/394 434/434
f 434/434 394/394 393/393
f 434/434 393/393 374/374
f 374/374 393/393 435/435
f 374/374 435/435 436/436
f 436/436 435/435 392/392
f 436/436 392/392 437/437
f 437/437 392/392 391/391
f 437/437 391/391 438/438
f 438/438 391/391 389/389
f 438/438 389/389 439/439
f 439/439 389/389 440/440
f 439/439 440/440 441/441
f 441/441 440/440 388/388
f 441/441 388/388 442/442
f 442/442 388/388 443/443
f 442/442 443/443 378/378
f 378/378 443/443 384/384
f 378/378 384/384 379/379
f 379/379 384/384 444/444
f 379/379 444/444 381/381
f 381/381 444/444 382/382
f 381/381 382/382 445/445
f 430/430 313/313 446/446
f 446/446 313/313 427/427
f 446/446 427/427 401/401
f 401/401 427/427 426/426
f 401/401 426/426 447/447
f 447/447 426/426 448/448
f 447/447 448/448 449/449
f 449/449 448/448 450/450
f 449/449 450/450 403/403
f 403/403 450/450 424/424
f 403/403 424/424 404/404
f 404/404 424/424 423/423
f 404/404 423/423 406/406
f 406/406 423/423 421/421
f 406/406 421/421 408/408
f 408/408 421/421 420/420
f 408/408 420/420 411/411
f 411/411 420/420 418/418
f 411/411 418/418 412/412
f 412/412 418/418 417/417
f 412/412 417/417 451/451
f 451/451 417/417 316/316
f 451/451 316/316 452/452
f 452/452 316/316 453/453
f 452/452 453/453 454/454
f 454/454 453/453 317/317
f 454/454 317/317 455/455
f 455/455 317/317 318/318
f 455/455 318/318 415/415
f 350/350 348/348 456/456
f 456/456 348/348 881/881
f 881/881 348/348 457/457
f 881/881 457/457 882/882
f 882/882 457/457 1074/1074
f 882/882 1074/1074 901/901
f 457/457 348/348 458/458
f 458/458 348/348 332/332
f 458/458 332/332 283/283
f 283/283 332/332 459/459
f 459/459 460/460 283/283
f 283/283 460/460 331/331
f 283/283 331/331 284/284
f 646/646 366/366 461/461
f 461/461 366/366 571/571
f 571/571 366/366 462/462
f 571/571 462/462 569/569
f 569/569 462/462 463/463
f 569/569 463/463 465/465
f 465/465 463/463 464/464
f 465/465 464/464 466/466
f 466/466 464/464 363/363
f 466/466 363/363 566/566
f 566/566 363/363 467/467
f 566/566 467/467 565/565
f 565/565 467/467 468/468
f 565/565 468/468 564/564
f 564/564 468/468 469/469
f 564/564 469/469 470/470
f 470/470 469/469 471/471
f 470/470 471/471 561/561
f 561/561 471/471 472/472
f 561/561 472/472 559/559
f 559/559 472/472 358/358
f 559/559 358/358 502/502
f 502/502 358/358 927/927
f 502/502 927/927 473/473
f 473/473 927/927 928/928
f 473/473 928/928 474/474
f 474/474 928/928 475/475
f 474/474 475/475 788/788
f 788/788 475/475 930/930
f 788/788 930/930 476/476
f 476/476 930/930 477/477
f 476/476 477/477 478/478
f 478/478 477/477 479/479
f 478/478 479/479 480/480
f 480/480 479/479 932/932
f 480/480 932/932 481/481
f 481/481 932/932 483/483
f 481/481 483/483 482/482
f 482/482 483/483 484/484
f 482/482 484/484 792/792
f 792/792 484/484 934/934
f 792/792 934/934 485/485
f 485/485 934/934 486/486
f 485/485 486/486 935/935
f 358/358 357/357 927/927
f 927/927 357/357 487/487
f 487/487 357/357 488/488
f 487/487 488/488 926/926
f 926/926 488/488 489/489
f 926/926 489/489 925/925
f 925/925 489/489 490/490
f 925/925 490/490 924/924
f 924/924 490/490 491/491
f 924/924 491/491 923/923
f 923/923 491/491 492/492
f 492/492 491/491 493/493
f 492/492 493/493 494/494
f 494/494 493/493 354/354
f 494/494 354/354 921/921
f 921/921 354/354 495/495
f 921/921 495/495 919/919
f 919/919 495/495 497/497
f 919/919 497/497 496/496
f 496/496 497/497 498/498
f 496/496 498/498 499/499
f 499/499 498/498 352/352
f 499/499 352/352 500/500
f 500/500 352/352 501/501
f 500/500 501/501 456/456
f 456/456 501/501 350/350
f 559/559 502/502 503/503
f 503/503 502/502 784/784
f 503/503 784/784 505/505
f 505/505 784/784 504/504
f 505/505 504/504 556/556
f 556/556 504/504 781/781
f 556/556 781/781 506/506
f 506/506 781/781 780/780
f 506/506 780/780 507/507
f 507/507 780/780 508/508
f 507/507 508/508 777/777
f 507/507 777/777 509/509
f 509/509 777/777 510/510
f 509/509 510/510 553/553
f 553/553 510/510 776/776
f 553/553 776/776 552/552
f 552/552 776/776 512/512
f 552/552 512/512 511/511
f 511/511 512/512 775/775
f 511/511 775/775 513/513
f 513/513 775/775 772/772
f 513/513 772/772 514/514
f 514/514 772/772 771/771
f 514/514 771/771 515/515
f 515/515 771/771 770/770
f 515/515 770/770 694/694
f 516/516 518/518 692/692
f 692/692 518/518 517/517
f 517/517 518/518 547/547
f 547/547 518/518 519/519
f 547/547 519/519 520/520
f 520/520 519/519 537/537
f 520/520 537/537 521/521
f 521/521 537/537 538/538
f 521/521 538/538 522/522
f 522/522 538/538 523/523
f 522/522 523/523 545/545
f 545/545 523/523 525/525
f 545/545 525/525 524/524
f 524/524 525/525 542/542
f 524/524 542/542 544/544
f 544/544 542/542 543/543
f 621/621 634/634 526/526
f 526/526 634/634 527/527
f 526/526 527/527 622/622
f 622/622 527/527 632/632
f 622/622 632/632 624/624
f 624/624 632/632 631/631
f 624/624 631/631 528/528
f 528/528 631/631 629/629
f 528/528 629/629 627/627
f 627/627 629/629 529/529
f 627/627 529/529 628/628
f 621/621 615/615 280/280
f 280/280 615/615 530/530
f 280/280 530/530 531/531
f 531/531 530/530 533/533
f 531/531 533/533 532/532
f 532/532 533/533 534/534
f 534/534 533/533 535/535
f 534/534 535/535 516/516
f 516/516 535/535 518/518
f 518/518 535/535 536/536
f 518/518 536/536 519/519
f 519/519 536/536 610/610
f 519/519 610/610 537/537
f 537/537 610/610 608/608
f 537/537 608/608 538/538
f 538/538 608/608 539/539
f 538/538 539/539 523/523
f 523/523 539/539 540/540
f 523/523 540/540 525/525
f 525/525 540/540 541/541
f 525/525 541/541 542/542
f 542/542 541/541 607/607
f 542/542 607/607 543/543
f 543/543 607/607 605/605
f 543/543 605/605 544/544
f 544/544 605/605 603/603
f 544/544 603/603 524/524
f 524/524 603/603 601/601
f 524/524 601/601 545/545
f 545/545 601/601 599/599
f 545/545 599/599 522/522
f 522/522 599/599 598/598
f 522/522 598/598 521/521
f 521/521 598/598 546/546
f 521/521 546/546 520/520
f 520/520 546/546 595/595
f 520/520 595/595 547/547
f 547/547 595/595 548/548
f 547/547 548/548 517/517
f 517/517 548/548 549/549
f 517/517 549/549 692/692
f 692/692 549/549 694/694
f 694/694 549/549 550/550
f 694/694 550/550 515/515
f 515/515 550/550 593/593
f 515/515 593/593 514/514
f 514/514 593/593 592/592
f 514/514 592/592 513/513
f 513/513 592/592 551/551
f 513/513 551/551 511/511
f 511/511 551/551 589/589
f 511/511 589/589 552/552
f 552/552 589/589 588/588
f 552/552 588/588 553/553
f 553/553 588/588 554/554
f 553/553 554/554 509/509
f 509/509 554/554 586/586
f 509/509 586/586 507/507
f 507/507 586/586 585/585
f 507/507 585/585 506/506
f 506/506 585/585 555/555
f 506/506 555/555 556/556
f 556/556 555/555 557/557
f 556/556 557/557 505/505
f 505/505 557/557 558/558
f 505/505 558/558 503/503
f 503/503 558/558 582/582
f 503/503 582/582 559/559
f 559/559 582/582 560/560
f 559/559 560/560 561/561
f 561/561 560/560 562/562
f 561/561 562/562 470/470
f 470/470 562/562 563/563
f 470/470 563/563 564/564
f 564/564 563/563 579/579
f 564/564 579/579 565/565
f 565/565 579/579 567/567
f 565/565 567/567 566/566
f 566/566 567/567 568/568
f 566/566 568/568 466/466
f 466/466 568/568 576/576
f 466/466 576/576 465/465
f 465/465 576/576 570/570
f 465/465 570/570 569/569
f 569/569 570/570 573/573
f 569/569 573/573 571/571
f 571/571 573/573 572/572
f 571/571 572/572 461/461
f 461/461 572/572 646/646
f 646/646 572/572 431/431
f 431/431 572/572 676/676
f 676/676 572/572 678/678
f 678/678 572/572 573/573
f 678/678 573/573 574/574
f 574/574 573/573 570/570
f 574/574 570/570 575/575
f 575/575 570/570 576/576
f 575/575 576/576 577/577
f 577/577 576/576 568/568
f 577/577 568/568 578/578
f 578/578 568/568 567/567
f 578/578 567/567 680/680
f 680/680 567/567 579/579
f 680/680 579/579 682/682
f 682/682 579/579 563/563
f 682/682 563/563 684/684
f 684/684 563/563 562/562
f 684/684 562/562 580/580
f 580/580 562/562 560/560
f 580/580 560/560 581/581
f 581/581 560/560 582/582
f 581/581 582/582 687/687
f 687/687 582/582 558/558
f 687/687 558/558 688/688
f 688/688 558/558 557/557
f 688/688 557/557 689/689
f 689/689 557/557 555/555
f 689/689 555/555 583/583
f 583/583 555/555 585/585
f 583/583 585/585 584/584
f 584/584 585/585 586/586
f 584/584 586/586 690/690
f 690/690 586/586 554/554
f 690/690 554/554 587/587
f 587/587 554/554 588/588
f 587/587 588/588 590/590
f 590/590 588/588 589/589
f 590/590 589/589 591/591
f 591/591 589/589 551/551
f 591/591 551/551 686/686
f 686/686 551/551 592/592
f 686/686 592/592 685/685
f 685/685 592/592 593/593
f 685/685 593/593 683/683
f 683/683 593/593 550/550
f 683/683 550/550 681/681
f 681/681 550/550 549/549
f 681/681 549/549 594/594
f 594/594 549/549 548/548
f 594/594 548/548 679/679
f 679/679 548/548 595/595
f 679/679 595/595 596/596
f 596/596 595/595 546/546
f 596/596 546/546 597/597
f 597/597 546/546 598/598
f 597/597 598/598 677/677
f 677/677 598/598 599/599
f 677/677 599/599 600/600
f 600/600 599/599 601/601
f 600/600 601/601 602/602
f 602/602 601/601 603/603
f 602/602 603/603 604/604
f 604/604 603/603 605/605
f 604/604 605/605 606/606
f 606/606 605/605 607/607
f 606/606 607/607 662/662
f 662/662 607/607 541/541
f 662/662 541/541 663/663
f 663/663 541/541 540/540
f 663/663 540/540 665/665
f 665/665 540/540 539/539
f 665/665 539/539 609/609
f 609/609 539/539 608/608
f 609/609 608/608 667/667
f 667/667 608/608 610/610
f 667/667 610/610 668/668
f 668/668 610/610 536/536
f 668/668 536/536 611/611
f 611/611 536/536 535/535
f 611/611 535/535 612/612
f 612/612 535/535 533/533
f 612/612 533/533 613/613
f 613/613 533/533 530/530
f 613/613 530/530 671/671
f 671/671 530/530 615/615
f 671/671 615/615 614/614
f 614/614 615/615 616/616
f 614/614 616/616 673/673
f 673/673 616/616 623/623
f 673/673 623/623 674/674
f 674/674 623/623 625/625
f 674/674 625/625 617/617
f 617/617 625/625 626/626
f 617/617 626/626 618/618
f 618/618 626/626 619/619
f 618/618 619/619 620/620
f 620/620 619/619 529/529
f 620/620 529/529 629/629
f 621/621 526/526 615/615
f 615/615 526/526 616/616
f 526/526 622/622 616/616
f 616/616 622/622 623/623
f 622/622 624/624 623/623
f 623/623 624/624 625/625
f 624/624 528/528 625/625
f 625/625 528/528 626/626
f 528/528 627/627 626/626
f 626/626 627/627 619/619
f 627/627 628/628 619/619
f 619/619 628/628 529/529
f 620/620 629/629 630/630
f 630/630 629/629 631/631
f 630/630 631/631 633/633
f 633/633 631/631 632/632
f 633/633 632/632 657/657
f 657/657 632/632 527/527
f 657/657 527/527 635/635
f 635/635 527/527 634/634
f 635/635 634/634 636/636
f 635/635 636/636 656/656
f 656/656 636/636 695/695
f 656/656 695/695 654/654
f 654/654 695/695 698/698
f 654/654 698/698 653/653
f 653/653 698/698 637/637
f 653/653 637/637 638/638
f 638/638 637/637 699/699
f 638/638 699/699 639/639
f 639/639 699/699 641/641
f 639/639 641/641 640/640
f 640/640 641/641 642/642
f 640/640 642/642 643/643
f 643/643 642/642 700/700
f 643/643 700/700 644/644
f 644/644 700/700 702/702
f 644/644 702/702 650/650
f 650/650 702/702 645/645
f 650/650 645/645 647/647
f 647/647 645/645 646/646
f 647/647 646/646 431/431
f 431/431 648/648 647/647
f 647/647 648/648 661/661
f 647/647 661/661 650/650
f 650/650 661/661 649/649
f 650/650 649/649 644/644
f 644/644 649/649 643/643
f 649/649 664/664 643/643
f 643/643 664/664 640/640
f 664/664 666/666 640/640
f 640/640 666/666 639/639
f 666/666 651/651 639/639
f 639/639 651/651 638/638
f 651/651 652/652 638/638
f 638/638 652/652 653/653
f 652/652 669/669 653/653
f 653/653 669/669 654/654
f 669/669 670/670 654/654
f 654/654 670/670 656/656
f 670/670 655/655 656/656
f 656/656 655/655 635/635
f 655/655 658/658 635/635
f 635/635 658/658 657/657
f 658/658 659/659 657/657
f 657/657 659/659 633/633
f 659/659 672/672 633/633
f 633/633 672/672 630/630
f 672/672 660/660 630/630
f 630/630 660/660 675/675
f 630/630 675/675 620/620
f 620/620 675/675 618/618
f 676/676 602/602 431/431
f 431/431 602/602 604/604
f 431/431 604/604 648/648
f 648/648 604/604 606/606
f 648/648 606/606 661/661
f 661/661 606/606 662/662
f 661/661 662/662 649/649
f 649/649 662/662 663/663
f 649/649 663/663 664/664
f 664/664 663/663 665/665
f 664/664 665/665 666/666
f 666/666 665/665 609/609
f 666/666 609/609 651/651
f 651/651 609/609 667/667
f 651/651 667/667 652/652
f 652/652 667/667 668/668
f 652/652 668/668 669/669
f 669/669 668/668 611/611
f 669/669 611/611 670/670
f 670/670 611/611 612/612
f 670/670 612/612 655/655
f 655/655 612/612 613/613
f 655/655 613/613 658/658
f 658/658 613/613 671/671
f 658/658 671/671 659/659
f 659/659 671/671 614/614
f 659/659 614/614 672/672
f 672/672 614/614 673/673
f 672/672 673/673 660/660
f 660/660 673/673 674/674
f 660/660 674/674 675/675
f 675/675 674/674 617/617
f 675/675 617/617 618/618
f 602/602 676/676 600/600
f 600/600 676/676 678/678
f 600/600 678/678 677/677
f 677/677 678/678 574/574
f 677/677 574/574 597/597
f 597/597 574/574 575/575
f 597/597 575/575 596/596
f 596/596 575/575 577/577
f 596/596 577/577 679/679
f 679/679 577/577 578/578
f 679/679 578/578 594/594
f 594/594 578/578 680/680
f 594/594 680/680 681/681
f 681/681 680/680 682/682
f 681/681 682/682 683/683
f 683/683 682/682 684/684
f 683/683 684/684 685/685
f 685/685 684/684 580/580
f 685/685 580/580 686/686
f 686/686 580/580 581/581
f 686/686 581/581 591/591
f 591/591 581/581 687/687
f 591/591 687/687 590/590
f 590/590 687/687 688/688
f 590/590 688/688 587/587
f 587/587 688/688 689/689
f 587/587 689/689 690/690
f 690/690 689/689 583/583
f 690/690 583/583 584/584
f 534/534 516/516 691/691
f 691/691 516/516 1066/1066
f 1066/1066 516/516 692/692
f 1066/1066 692/692 1069/1069
f 1069/1069 692/692 769/769
f 1069/1069 769/769 693/693
f 692/692 694/694 769/769
f 769/769 694/694 770/770
f 750/750 879/879 693/693
f 693/693 879/879 1069/1069
f 636/636 696/696 695/695
f 695/695 696/696 697/697
f 695/695 697/697 698/698
f 698/698 697/697 303/303
f 698/698 303/303 637/637
f 637/637 303/303 305/305
f 637/637 305/305 699/699
f 699/699 305/305 306/306
f 699/699 306/306 641/641
f 641/641 306/306 307/307
f 641/641 307/307 642/642
f 642/642 307/307 309/309
f 642/642 309/309 700/700
f 700/700 309/309 701/701
f 700/700 701/701 702/702
f 702/702 701/701 703/703
f 702/702 703/703 645/645
f 645/645 703/703 312/312
f 645/645 312/312 646/646
f 280/280 531/531 691/691
f 691/691 531/531 532/532
f 691/691 532/532 534/534
f 769/769 768/768 693/693
f 693/693 768/768 752/752
f 752/752 768/768 704/704
f 704/704 768/768 705/705
f 704/704 705/705 755/755
f 755/755 705/705 766/766
f 755/755 766/766 707/707
f 707/707 766/766 706/706
f 707/707 706/706 708/708
f 708/708 706/706 709/709
f 708/708 709/709 710/710
f 710/710 709/709 763/763
f 710/710 763/763 711/711
f 711/711 763/763 713/713
f 711/711 713/713 712/712
f 712/712 713/713 761/761
f 716/716 1071/1071 730/730
f 730/730 1071/1071 746/746
f 730/730 746/746 738/738
f 738/738 746/746 714/714
f 738/738 714/714 739/739
f 739/739 714/714 745/745
f 739/739 745/745 740/740
f 740/740 745/745 715/715
f 740/740 715/715 741/741
f 741/741 715/715 737/737
f 741/741 737/737 742/742
f 716/716 729/729 717/717
f 717/717 729/729 718/718
f 717/717 718/718 1057/1057
f 1057/1057 718/718 840/840
f 1057/1057 840/840 719/719
f 719/719 840/840 842/842
f 719/719 842/842 720/720
f 720/720 842/842 843/843
f 720/720 843/843 721/721
f 721/721 843/843 845/845
f 721/721 845/845 722/722
f 722/722 845/845 723/723
f 722/722 723/723 724/724
f 724/724 723/723 725/725
f 724/724 725/725 727/727
f 727/727 725/725 726/726
f 727/727 726/726 1062/1062
f 1062/1062 726/726 849/849
f 1062/1062 849/849 1063/1063
f 1063/1063 849/849 728/728
f 1063/1063 728/728 935/935
f 935/935 728/728 860/860
f 935/935 860/860 1029/1029
f 716/716 730/730 729/729
f 729/729 730/730 732/732
f 729/729 732/732 839/839
f 839/839 732/732 731/731
f 731/731 732/732 734/734
f 731/731 734/734 733/733
f 733/733 734/734 735/735
f 733/733 735/735 876/876
f 876/876 735/735 736/736
f 876/876 736/736 878/878
f 878/878 736/736 743/743
f 878/878 743/743 744/744
f 744/744 743/743 737/737
f 744/744 737/737 715/715
f 730/730 738/738 732/732
f 732/732 738/738 734/734
f 738/738 739/739 734/734
f 734/734 739/739 735/735
f 739/739 740/740 735/735
f 735/735 740/740 736/736
f 740/740 741/741 736/736
f 736/736 741/741 743/743
f 741/741 742/742 743/743
f 743/743 742/742 737/737
f 744/744 715/715 838/838
f 838/838 715/715 745/745
f 838/838 745/745 837/837
f 837/837 745/745 714/714
f 837/837 714/714 836/836
f 836/836 714/714 746/746
f 836/836 746/746 747/747
f 747/747 746/746 1071/1071
f 747/747 1071/1071 1072/1072
f 747/747 1072/1072 748/748
f 748/748 1072/1072 880/880
f 748/748 880/880 751/751
f 751/751 880/880 749/749
f 751/751 749/749 750/750
f 751/751 750/750 835/835
f 835/835 750/750 693/693
f 835/835 693/693 752/752
f 835/835 752/752 753/753
f 753/753 752/752 704/704
f 753/753 704/704 754/754
f 754/754 704/704 755/755
f 754/754 755/755 832/832
f 832/832 755/755 707/707
f 832/832 707/707 756/756
f 756/756 707/707 708/708
f 756/756 708/708 757/757
f 757/757 708/708 710/710
f 757/757 710/710 758/758
f 758/758 710/710 711/711
f 758/758 711/711 759/759
f 759/759 711/711 712/712
f 759/759 712/712 760/760
f 760/760 712/712 761/761
f 760/760 761/761 827/827
f 827/827 761/761 713/713
f 827/827 713/713 762/762
f 762/762 713/713 763/763
f 762/762 763/763 764/764
f 764/764 763/763 709/709
f 764/764 709/709 765/765
f 765/765 709/709 706/706
f 765/765 706/706 825/825
f 825/825 706/706 766/766
f 825/825 766/766 822/822
f 822/822 766/766 705/705
f 822/822 705/705 767/767
f 767/767 705/705 768/768
f 767/767 768/768 821/821
f 821/821 768/768 769/769
f 821/821 769/769 770/770
f 821/821 770/770 818/818
f 818/818 770/770 771/771
f 818/818 771/771 817/817
f 817/817 771/771 772/772
f 817/817 772/772 773/773
f 773/773 772/772 775/775
f 773/773 775/775 774/774
f 774/774 775/775 512/512
f 774/774 512/512 814/814
f 814/814 512/512 776/776
f 814/814 776/776 812/812
f 812/812 776/776 510/510
f 812/812 510/510 811/811
f 811/811 510/510 777/777
f 811/811 777/777 778/778
f 778/778 777/777 508/508
f 778/778 508/508 779/779
f 779/779 508/508 780/780
f 779/779 780/780 807/807
f 807/807 780/780 781/781
f 807/807 781/781 806/806
f 806/806 781/781 504/504
f 806/806 504/504 782/782
f 782/782 504/504 784/784
f 782/782 784/784 783/783
f 783/783 784/784 502/502
f 783/783 502/502 785/785
f 785/785 502/502 473/473
f 785/785 473/473 786/786
f 786/786 473/473 474/474
f 786/786 474/474 787/787
f 787/787 474/474 788/788
f 787/787 788/788 789/789
f 789/789 788/788 476/476
f 789/789 476/476 790/790
f 790/790 476/476 478/478
f 790/790 478/478 799/799
f 799/799 478/478 480/480
f 799/799 480/480 798/798
f 798/798 480/480 481/481
f 798/798 481/481 795/795
f 795/795 481/481 482/482
f 795/795 482/482 791/791
f 791/791 482/482 792/792
f 791/791 792/792 793/793
f 793/793 792/792 485/485
f 793/793 485/485 1029/1029
f 1029/1029 485/485 935/935
f 1029/1029 850/850 793/793
f 793/793 850/850 791/791
f 850/850 794/794 791/791
f 791/791 794/794 795/795
f 794/794 796/796 795/795
f 795/795 796/796 798/798
f 796/796 797/797 798/798
f 798/798 797/797 799/799
f 797/797 800/800 799/799
f 799/799 800/800 790/790
f 800/800 853/853 790/790
f 790/790 853/853 789/789
f 853/853 801/801 789/789
f 789/789 801/801 787/787
f 801/801 802/802 787/787
f 787/787 802/802 786/786
f 802/802 803/803 786/786
f 786/786 803/803 785/785
f 803/803 855/855 785/785
f 785/785 855/855 783/783
f 855/855 804/804 783/783
f 783/783 804/804 782/782
f 804/804 805/805 782/782
f 782/782 805/805 806/806
f 805/805 808/808 806/806
f 806/806 808/808 807/807
f 808/808 858/858 807/807
f 807/807 858/858 779/779
f 858/858 809/809 779/779
f 779/779 809/809 778/778
f 809/809 810/810 778/778
f 778/778 810/810 811/811
f 810/810 859/859 811/811
f 811/811 859/859 812/812
f 859/859 813/813 812/812
f 812/812 813/813 814/814
f 813/813 815/815 814/814
f 814/814 815/815 774/774
f 815/815 857/857 774/774
f 774/774 857/857 773/773
f 857/857 856/856 773/773
f 773/773 856/856 817/817
f 856/856 816/816 817/817
f 817/817 816/816 818/818
f 816/816 819/819 818/818
f 818/818 819/819 821/821
f 819/819 820/820 821/821
f 821/821 820/820 767/767
f 820/820 823/823 767/767
f 767/767 823/823 822/822
f 823/823 824/824 822/822
f 822/822 824/824 825/825
f 824/824 854/854 825/825
f 825/825 854/854 765/765
f 854/854 852/852 765/765
f 765/765 852/852 764/764
f 852/852 826/826 764/764
f 764/764 826/826 762/762
f 826/826 828/828 762/762
f 762/762 828/828 827/827
f 828/828 851/851 827/827
f 827/827 851/851 760/760
f 851/851 829/829 760/760
f 760/760 829/829 759/759
f 829/829 830/830 759/759
f 759/759 830/830 758/758
f 830/830 862/862 758/758
f 758/758 862/862 757/757
f 862/862 863/863 757/757
f 757/757 863/863 756/756
f 863/863 831/831 756/756
f 756/756 831/831 832/832
f 831/831 833/833 832/832
f 832/832 833/833 754/754
f 833/833 864/864 754/754
f 754/754 864/864 753/753
f 864/864 865/865 753/753
f 753/753 865/865 835/835
f 865/865 834/834 835/835
f 835/835 834/834 751/751
f 834/834 867/867 751/751
f 751/751 867/867 748/748
f 867/867 869/869 748/748
f 748/748 869/869 747/747
f 869/869 871/871 747/747
f 747/747 871/871 836/836
f 871/871 872/872 836/836
f 836/836 872/872 837/837
f 872/872 874/874 837/837
f 837/837 874/874 838/838
f 874/874 875/875 838/838
f 838/838 875/875 877/877
f 838/838 877/877 744/744
f 744/744 877/877 878/878
f 839/839 873/873 729/729
f 729/729 873/873 718/718
f 873/873 870/870 718/718
f 718/718 870/870 840/840
f 870/870 841/841 840/840
f 840/840 841/841 842/842
f 841/841 868/868 842/842
f 842/842 868/868 843/843
f 868/868 866/866 843/843
f 843/843 866/866 845/845
f 866/866 844/844 845/845
f 845/845 844/844 723/723
f 844/844 846/846 723/723
f 723/723 846/846 725/725
f 846/846 847/847 725/725
f 725/725 847/847 726/726
f 847/847 848/848 726/726
f 726/726 848/848 849/849
f 848/848 861/861 849/849
f 849/849 861/861 728/728
f 861/861 860/860 728/728
f 860/860 830/830 1029/1029
f 1029/1029 830/830 829/829
f 1029/1029 829/829 850/850
f 850/850 829/829 851/851
f 850/850 851/851 794/794
f 794/794 851/851 828/828
f 794/794 828/828 796/796
f 796/796 828/828 826/826
f 796/796 826/826 797/797
f 797/797 826/826 852/852
f 797/797 852/852 800/800
f 800/800 852/852 854/854
f 800/800 854/854 853/853
f 853/853 854/854 824/824
f 853/853 824/824 801/801
f 801/801 824/824 823/823
f 801/801 823/823 802/802
f 802/802 823/823 820/820
f 802/802 820/820 803/803
f 803/803 820/820 819/819
f 803/803 819/819 855/855
f 855/855 819/819 816/816
f 855/855 816/816 804/804
f 804/804 816/816 856/856
f 804/804 856/856 805/805
f 805/805 856/856 857/857
f 805/805 857/857 808/808
f 808/808 857/857 815/815
f 808/808 815/815 858/858
f 858/858 815/815 813/813
f 858/858 813/813 809/809
f 809/809 813/813 859/859
f 809/809 859/859 810/810
f 830/830 860/860 862/862
f 862/862 860/860 861/861
f 862/862 861/861 863/863
f 863/863 861/861 848/848
f 863/863 848/848 831/831
f 831/831 848/848 847/847
f 831/831 847/847 833/833
f 833/833 847/847 846/846
f 833/833 846/846 864/864
f 864/864 846/846 844/844
f 864/864 844/844 865/865
f 865/865 844/844 866/866
f 865/865 866/866 834/834
f 834/834 866/866 868/868
f 834/834 868/868 867/867
f 867/867 868/868 841/841
f 867/867 841/841 869/869
f 869/869 841/841 870/870
f 869/869 870/870 871/871
f 871/871 870/870 873/873
f 871/871 873/873 872/872
f 872/872 873/873 839/839
f 872/872 839/839 874/874
f 874/874 839/839 731/731
f 874/874 731/731 875/875
f 875/875 731/731 733/733
f 875/875 733/733 877/877
f 877/877 733/733 876/876
f 877/877 876/876 878/878
f 750/750 749/749 879/879
f 879/879 749/749 880/880
f 879/879 880/880 1072/1072
f 881/881 882/882 915/915
f 915/915 882/882 883/883
f 915/915 883/883 884/884
f 915/915 884/884 885/885
f 885/885 884/884 886/886
f 885/885 886/886 913/913
f 913/913 886/886 887/887
f 913/913 887/887 888/888
f 888/888 887/887 889/889
f 888/888 889/889 910/910
f 910/910 889/889 890/890
f 910/910 890/890 892/892
f 892/892 890/890 891/891
f 892/892 891/891 894/894
f 894/894 891/891 893/893
f 894/894 893/893 895/895
f 1073/1073 1070/1070 989/989
f 989/989 1070/1070 896/896
f 989/989 896/896 991/991
f 991/991 896/896 897/897
f 991/991 897/897 992/992
f 992/992 897/897 998/998
f 992/992 998/998 898/898
f 898/898 998/998 988/988
f 898/898 988/988 995/995
f 995/995 988/988 987/987
f 995/995 987/987 996/996
f 1073/1073 982/982 899/899
f 899/899 982/982 900/900
f 899/899 900/900 1064/1064
f 1064/1064 900/900 981/981
f 1064/1064 981/981 1065/1065
f 1065/1065 981/981 901/901
f 901/901 981/981 979/979
f 901/901 979/979 882/882
f 882/882 979/979 883/883
f 883/883 979/979 902/902
f 883/883 902/902 884/884
f 884/884 902/902 903/903
f 884/884 903/903 886/886
f 886/886 903/903 977/977
f 886/886 977/977 887/887
f 887/887 977/977 904/904
f 887/887 904/904 889/889
f 889/889 904/904 905/905
f 889/889 905/905 890/890
f 890/890 905/905 906/906
f 890/890 906/906 891/891
f 891/891 906/906 975/975
f 891/891 975/975 893/893
f 893/893 975/975 973/973
f 893/893 973/973 895/895
f 895/895 973/973 907/907
f 895/895 907/907 894/894
f 894/894 907/907 908/908
f 894/894 908/908 892/892
f 892/892 908/908 909/909
f 892/892 909/909 910/910
f 910/910 909/909 911/911
f 910/910 911/911 888/888
f 888/888 911/911 912/912
f 888/888 912/912 913/913
f 913/913 912/912 914/914
f 913/913 914/914 885/885
f 885/885 914/914 916/916
f 885/885 916/916 915/915
f 915/915 916/916 968/968
f 915/915 968/968 881/881
f 881/881 968/968 456/456
f 456/456 968/968 966/966
f 456/456 966/966 500/500
f 500/500 966/966 917/917
f 500/500 917/917 499/499
f 499/499 917/917 918/918
f 499/499 918/918 496/496
f 496/496 918/918 920/920
f 496/496 920/920 919/919
f 919/919 920/920 963/963
f 919/919 963/963 921/921
f 921/921 963/963 922/922
f 921/921 922/922 494/494
f 494/494 922/922 961/961
f 494/494 961/961 492/492
f 492/492 961/961 960/960
f 492/492 960/960 923/923
f 923/923 960/960 958/958
f 923/923 958/958 924/924
f 924/924 958/958 957/957
f 924/924 957/957 925/925
f 925/925 957/957 956/956
f 925/925 956/956 926/926
f 926/926 956/956 952/952
f 926/926 952/952 487/487
f 487/487 952/952 951/951
f 487/487 951/951 927/927
f 927/927 951/951 929/929
f 927/927 929/929 928/928
f 928/928 929/929 950/950
f 928/928 950/950 475/475
f 475/475 950/950 947/947
f 475/475 947/947 930/930
f 930/930 947/947 946/946
f 930/930 946/946 477/477
f 477/477 946/946 944/944
f 477/477 944/944 479/479
f 479/479 944/944 931/931
f 479/479 931/931 932/932
f 932/932 931/931 942/942
f 932/932 942/942 483/483
f 483/483 942/942 939/939
f 483/483 939/939 484/484
f 484/484 939/939 933/933
f 484/484 933/933 934/934
f 934/934 933/933 937/937
f 934/934 937/937 486/486
f 486/486 937/937 935/935
f 935/935 937/937 1029/1029
f 1029/1029 937/937 936/936
f 936/936 937/937 938/938
f 938/938 937/937 933/933
f 938/938 933/933 1047/1047
f 1047/1047 933/933 939/939
f 1047/1047 939/939 940/940
f 940/940 939/939 942/942
f 940/940 942/942 941/941
f 941/941 942/942 931/931
f 941/941 931/931 943/943
f 943/943 931/931 944/944
f 943/943 944/944 945/945
f 945/945 944/944 946/946
f 945/945 946/946 1049/1049
f 1049/1049 946/946 947/947
f 1049/1049 947/947 948/948
f 948/948 947/947 950/950
f 948/948 950/950 949/949
f 949/949 950/950 929/929
f 949/949 929/929 1051/1051
f 1051/1051 929/929 951/951
f 1051/1051 951/951 953/953
f 953/953 951/951 952/952
f 953/953 952/952 954/954
f 954/954 952/952 956/956
f 954/954 956/956 955/955
f 955/955 956/956 957/957
f 955/955 957/957 959/959
f 959/959 957/957 958/958
f 959/959 958/958 1055/1055
f 1055/1055 958/958 960/960
f 1055/1055 960/960 1054/1054
f 1054/1054 960/960 961/961
f 1054/1054 961/961 1053/1053
f 1053/1053 961/961 922/922
f 1053/1053 922/922 962/962
f 962/962 922/922 963/963
f 962/962 963/963 1052/1052
f 1052/1052 963/963 920/920
f 1052/1052 920/920 1050/1050
f 1050/1050 920/920 918/918
f 1050/1050 918/918 964/964
f 964/964 918/918 917/917
f 964/964 917/917 965/965
f 965/965 917/917 966/966
f 965/965 966/966 1048/1048
f 1048/1048 966/966 968/968
f 1048/1048 968/968 967/967
f 967/967 968/968 916/916
f 967/967 916/916 969/969
f 969/969 916/916 914/914
f 969/969 914/914 970/970
f 970/970 914/914 912/912
f 970/970 912/912 971/971
f 971/971 912/912 911/911
f 971/971 911/911 972/972
f 972/972 911/911 909/909
f 972/972 909/909 1046/1046
f 1046/1046 909/909 908/908
f 1046/1046 908/908 1028/1028
f 1028/1028 908/908 907/907
f 1028/1028 907/907 1031/1031
f 1031/1031 907/907 973/973
f 1031/1031 973/973 974/974
f 974/974 973/973 975/975
f 974/974 975/975 1032/1032
f 1032/1032 975/975 906/906
f 1032/1032 906/906 976/976
f 976/976 906/906 905/905
f 976/976 905/905 1033/1033
f 1033/1033 905/905 904/904
f 1033/1033 904/904 1034/1034
f 1034/1034 904/904 977/977
f 1034/1034 977/977 1036/1036
f 1036/1036 977/977 903/903
f 1036/1036 903/903 978/978
f 978/978 903/903 902/902
f 978/978 902/902 1037/1037
f 1037/1037 902/902 979/979
f 1037/1037 979/979 980/980
f 980/980 979/979 981/981
f 980/980 981/981 1040/1040
f 1040/1040 981/981 900/900
f 1040/1040 900/900 1041/1041
f 1041/1041 900/900 982/982
f 1041/1041 982/982 1042/1042
f 1042/1042 982/982 990/990
f 1042/1042 990/990 983/983
f 983/983 990/990 984/984
f 983/983 984/984 1044/1044
f 1044/1044 984/984 993/993
f 1044/1044 993/993 985/985
f 985/985 993/993 994/994
f 985/985 994/994 1045/1045
f 1045/1045 994/994 986/986
f 1045/1045 986/986 1027/1027
f 1027/1027 986/986 987/987
f 1027/1027 987/987 988/988
f 1073/1073 989/989 982/982
f 982/982 989/989 990/990
f 989/989 991/991 990/990
f 990/990 991/991 984/984
f 991/991 992/992 984/984
f 984/984 992/992 993/993
f 992/992 898/898 993/993
f 993/993 898/898 994/994
f 898/898 995/995 994/994
f 994/994 995/995 986/986
f 995/995 996/996 986/986
f 986/986 996/996 987/987
f 1027/1027 988/988 997/997
f 997/997 988/988 998/998
f 997/997 998/998 1024/1024
f 1024/1024 998/998 897/897
f 1024/1024 897/897 1023/1023
f 1023/1023 897/897 896/896
f 1023/1023 896/896 999/999
f 999/999 896/896 1070/1070
f 999/999 1070/1070 1000/1000
f 999/999 1000/1000 1020/1020
f 1020/1020 1000/1000 1056/1056
f 1020/1020 1056/1056 1019/1019
f 1019/1019 1056/1056 1001/1001
f 1019/1019 1001/1001 1017/1017
f 1017/1017 1001/1001 1058/1058
f 1017/1017 1058/1058 1015/1015
f 1015/1015 1058/1058 1002/1002
f 1015/1015 1002/1002 1003/1003
f 1003/1003 1002/1002 1059/1059
f 1003/1003 1059/1059 1014/1014
f 1014/1014 1059/1059 1004/1004
f 1014/1014 1004/1004 1005/1005
f 1005/1005 1004/1004 1060/1060
f 1005/1005 1060/1060 1010/1010
f 1010/1010 1060/1060 1061/1061
f 1010/1010 1061/1061 1009/1009
f 1009/1009 1061/1061 1006/1006
f 1009/1009 1006/1006 1008/1008
f 1008/1008 1006/1006 935/935
f 1008/1008 935/935 1029/1029
f 1029/1029 1030/1030 1008/1008
f 1008/1008 1030/1030 1007/1007
f 1008/1008 1007/1007 1009/1009
f 1009/1009 1007/1007 1011/1011
f 1009/1009 1011/1011 1010/1010
f 1010/1010 1011/1011 1005/1005
f 1011/1011 1012/1012 1005/1005
f 1005/1005 1012/1012 1014/1014
f 1012/1012 1013/1013 1014/1014
f 1014/1014 1013/1013 1003/1003
f 1013/1013 1035/1035 1003/1003
f 1003/1003 1035/1035 1015/1015
f 1035/1035 1016/1016 1015/1015
f 1015/1015 1016/1016 1017/1017
f 1016/1016 1018/1018 1017/1017
f 1017/1017 1018/1018 1019/1019
f 1018/1018 1038/1038 1019/1019
f 1019/1019 1038/1038 1020/1020
f 1038/1038 1039/1039 1020/1020
f 1020/1020 1039/1039 999/999
f 1039/1039 1021/1021 999/999
f 999/999 1021/1021 1023/1023
f 1021/1021 1022/1022 1023/1023
f 1023/1023 1022/1022 1024/1024
f 1022/1022 1025/1025 1024/1024
f 1024/1024 1025/1025 997/997
f 1025/1025 1043/1043 997/997
f 997/997 1043/1043 1026/1026
f 997/997 1026/1026 1027/1027
f 1027/1027 1026/1026 1045/1045
f 936/936 1028/1028 1029/1029
f 1029/1029 1028/1028 1031/1031
f 1029/1029 1031/1031 1030/1030
f 1030/1030 1031/1031 974/974
f 1030/1030 974/974 1007/1007
f 1007/1007 974/974 1032/1032
f 1007/1007 1032/1032 1011/1011
f 1011/1011 1032/1032 976/976
f 1011/1011 976/976 1012/1012
f 1012/1012 976/976 1033/1033
f 1012/1012 1033/1033 1013/1013
f 1013/1013 1033/1033 1034/1034
f 1013/1013 1034/1034 1035/1035
f 1035/1035 1034/1034 1036/1036
f 1035/1035 1036/1036 1016/1016
f 1016/1016 1036/1036 978/978
f 1016/1016 978/978 1018/1018
f 1018/1018 978/978 1037/1037
f 1018/1018 1037/1037 1038/1038
f 1038/1038 1037/1037 980/980
f 1038/1038 980/980 1039/1039
f 1039/1039 980/980 1040/1040
f 1039/1039 1040/1040 1021/1021
f 1021/1021 1040/1040 1041/1041
f 1021/1021 1041/1041 1022/1022
f 1022/1022 1041/1041 1042/1042
f 1022/1022 1042/1042 1025/1025
f 1025/1025 1042/1042 983/983
f 1025/1025 983/983 1043/1043
f 1043/1043 983/983 1044/1044
f 1043/1043 1044/1044 1026/1026
f 1026/1026 1044/1044 985/985
f 1026/1026 985/985 1045/1045
f 1028/1028 936/936 1046/1046
f 1046/1046 936/936 938/938
f 1046/1046 938/938 972/972
f 972/972 938/938 1047/1047
f 972/972 1047/1047 971/971
f 971/971 1047/1047 940/940
f 971/971 940/940 970/970
f 970/970 940/940 941/941
f 970/970 941/941 969/969
f 969/969 941/941 943/943
f 969/969 943/943 967/967
f 967/967 943/943 945/945
f 967/967 945/945 1048/1048
f 1048/1048 945/945 1049/1049
f 1048/1048 1049/1049 965/965
f 965/965 1049/1049 948/948
f 965/965 948/948 964/964
f 964/964 948/948 949/949
f 964/964 949/949 1050/1050
f 1050/1050 949/949 1051/1051
f 1050/1050 1051/1051 1052/1052
f 1052/1052 1051/1051 953/953
f 1052/1052 953/953 962/962
f 962/962 953/953 954/954
f 962/962 954/954 1053/1053
f 1053/1053 954/954 955/955
f 1053/1053 955/955 1054/1054
f 1054/1054 955/955 959/959
f 1054/1054 959/959 1055/1055
f 1000/1000 717/717 1056/1056
f 1056/1056 717/717 1057/1057
f 1056/1056 1057/1057 1001/1001
f 1001/1001 1057/1057 719/719
f 1001/1001 719/719 1058/1058
f 1058/1058 719/719 720/720
f 1058/1058 720/720 1002/1002
f 1002/1002 720/720 721/721
f 1002/1002 721/721 1059/1059
f 1059/1059 721/721 722/722
f 1059/1059 722/722 1004/1004
f 1004/1004 722/722 724/724
f 1004/1004 724/724 1060/1060
f 1060/1060 724/724 727/727
f 1060/1060 727/727 1061/1061
f 1061/1061 727/727 1062/1062
f 1061/1061 1062/1062 1006/1006
f 1006/1006 1062/1062 1063/1063
f 1006/1006 1063/1063 935/935
f 899/899 1064/1064 1074/1074
f 1074/1074 1064/1064 1065/1065
f 1074/1074 1065/1065 901/901
f 179/179 1066/1066 1067/1067
f 1067/1067 1066/1066 1069/1069
f 1067/1067 1069/1069 1068/1068
f 1068/1068 1069/1069 457/457
f 1068/1068 457/457 458/458
f 458/458 180/180 1068/1068
f 717/717 1070/1070 716/716
f 716/716 1070/1070 1069/1069
f 716/716 1069/1069 1071/1071
f 1071/1071 1069/1069 879/879
f 1071/1071 879/879 1072/1072
f 717/717 1000/1000 1070/1070
f 1069/1069 1070/1070 457/457
f 457/457 1070/1070 1073/1073
f 457/457 1073/1073 1074/1074
f 1074/1074 1073/1073 899/899
f 1119/1119 1108/1108 1075/1075
f 1075/1075 1108/1108 1109/1109
f 1075/1075 1109/1109 1117/1117
f 1117/1117 1109/1109 1076/1076
f 1117/1117 1076/1076 1077/1077
f 1077/1077 1076/1076 1112/1112
f 1077/1077 1112/1112 1114/1114
f 1114/1114 1112/1112 1113/1113
f 111/111 1078/1078 159/159
f 159/159 1078/1078 1079/1079
f 159/159 1079/1079 1080/1080
f 1080/1080 1079/1079 1214/1214
f 1080/1080 1214/1214 157/157
f 157/157 1214/1214 1173/1173
f 157/157 1173/1173 1081/1081
f 1081/1081 1173/1173 1082/1082
f 1082/1082 1173/1173 1083/1083
f 1082/1082 1083/1083 156/156
f 156/156 1083/1083 1175/1175
f 156/156 1175/1175 154/154
f 154/154 1175/1175 1176/1176
f 154/154 1176/1176 152/152
f 152/152 1176/1176 1177/1177
f 152/152 1177/1177 1084/1084
f 1084/1084 1177/1177 1179/1179
f 1084/1084 1179/1179 1085/1085
f 1085/1085 1179/1179 1181/1181
f 1085/1085 1181/1181 142/142
f 142/142 1181/1181 1086/1086
f 142/142 1086/1086 1088/1088
f 1088/1088 1086/1086 1087/1087
f 1088/1088 1087/1087 1089/1089
f 1089/1089 1087/1087 1090/1090
f 1089/1089 1090/1090 1091/1091
f 1091/1091 1090/1090 1092/1092
f 1091/1091 1092/1092 141/141
f 141/141 1092/1092 1185/1185
f 141/141 1185/1185 140/140
f 140/140 1185/1185 1093/1093
f 140/140 1093/1093 1094/1094
f 1094/1094 1093/1093 1186/1186
f 1094/1094 1186/1186 1095/1095
f 1095/1095 1186/1186 1187/1187
f 1095/1095 1187/1187 139/139
f 139/139 1187/1187 1188/1188
f 139/139 1188/1188 1096/1096
f 1096/1096 1188/1188 1097/1097
f 1097/1097 1188/1188 1098/1098
f 1097/1097 1098/1098 137/137
f 137/137 1098/1098 1191/1191
f 137/137 1191/1191 135/135
f 135/135 1191/1191 1099/1099
f 135/135 1099/1099 133/133
f 133/133 1099/1099 1100/1100
f 133/133 1100/1100 129/129
f 129/129 1100/1100 1194/1194
f 129/129 1194/1194 1101/1101
f 1101/1101 1194/1194 1196/1196
f 1101/1101 1196/1196 1102/1102
f 1102/1102 1196/1196 1103/1103
f 1102/1102 1103/1103 125/125
f 125/125 1103/1103 1104/1104
f 125/125 1104/1104 124/124
f 124/124 1104/1104 1199/1199
f 124/124 1199/1199 122/122
f 122/122 1199/1199 1201/1201
f 122/122 1201/1201 98/98
f 98/98 1201/1201 1105/1105
f 98/98 1105/1105 95/95
f 95/95 1105/1105 93/93
f 93/93 1105/1105 1202/1202
f 93/93 1202/1202 91/91
f 91/91 1202/1202 90/90
f 90/90 1202/1202 1107/1107
f 90/90 1107/1107 1106/1106
f 1106/1106 1107/1107 88/88
f 88/88 1107/1107 1204/1204
f 88/88 1204/1204 87/87
f 87/87 1204/1204 1108/1108
f 1108/1108 1204/1204 1205/1205
f 1108/1108 1205/1205 1109/1109
f 1109/1109 1205/1205 1110/1110
f 1109/1109 1110/1110 1076/1076
f 1076/1076 1110/1110 1111/1111
f 1076/1076 1111/1111 1112/1112
f 1112/1112 1111/1111 1206/1206
f 1112/1112 1206/1206 1113/1113
f 1113/1113 1206/1206 1207/1207
f 1113/1113 1207/1207 1114/1114
f 1114/1114 1207/1207 1115/1115
f 1114/1114 1115/1115 1077/1077
f 1077/1077 1115/1115 1116/1116
f 1077/1077 1116/1116 1117/1117
f 1117/1117 1116/1116 1118/1118
f 1117/1117 1118/1118 1075/1075
f 1075/1075 1118/1118 1119/1119
f 1119/1119 1118/1118 1121/1121
f 1119/1119 1121/1121 1120/1120
f 1120/1120 1121/1121 1209/1209
f 1120/1120 1209/1209 102/102
f 102/102 1209/1209 104/104
f 104/104 1209/1209 1211/1211
f 104/104 1211/1211 107/107
f 107/107 1211/1211 1122/1122
f 1122/1122 1211/1211 1123/1123
f 1122/1122 1123/1123 110/110
f 110/110 1123/1123 111/111
f 111/111 1123/1123 1078/1078
f 1172/1172 1198/1198 1125/1125
f 1125/1125 1198/1198 1124/1124
f 1125/1125 1124/1124 1227/1227
f 1227/1227 1124/1124 1197/1197
f 1227/1227 1197/1197 1228/1228
f 1228/1228 1197/1197 1195/1195
f 1228/1228 1195/1195 1126/1126
f 1126/1126 1195/1195 1127/1127
f 1126/1126 1127/1127 1230/1230
f 1230/1230 1127/1127 1193/1193
f 1230/1230 1193/1193 1232/1232
f 1232/1232 1193/1193 1192/1192
f 1232/1232 1192/1192 1234/1234
f 1234/1234 1192/1192 1190/1190
f 1234/1234 1190/1190 1128/1128
f 1128/1128 1190/1190 1189/1189
f 1128/1128 1189/1189 1130/1130
f 1130/1130 1189/1189 1129/1129
f 1130/1130 1129/1129 1131/1131
f 1131/1131 1129/1129 1132/1132
f 1131/1131 1132/1132 1133/1133
f 1133/1133 1132/1132 1134/1134
f 1133/1133 1134/1134 1135/1135
f 1135/1135 1134/1134 1136/1136
f 1135/1135 1136/1136 1137/1137
f 1137/1137 1136/1136 1184/1184
f 1137/1137 1184/1184 1139/1139
f 1139/1139 1184/1184 1138/1138
f 1139/1139 1138/1138 1236/1236
f 1236/1236 1138/1138 1140/1140
f 1236/1236 1140/1140 1235/1235
f 1235/1235 1140/1140 1183/1183
f 1235/1235 1183/1183 1141/1141
f 1141/1141 1183/1183 1182/1182
f 1141/1141 1182/1182 1233/1233
f 1233/1233 1182/1182 1142/1142
f 1233/1233 1142/1142 1231/1231
f 1231/1231 1142/1142 1180/1180
f 1231/1231 1180/1180 1229/1229
f 1229/1229 1180/1180 1178/1178
f 1229/1229 1178/1178 1143/1143
f 1143/1143 1178/1178 1144/1144
f 1143/1143 1144/1144 1145/1145
f 1145/1145 1144/1144 1174/1174
f 1145/1145 1174/1174 1226/1226
f 1226/1226 1174/1174 1213/1213
f 1226/1226 1213/1213 1146/1146
f 1146/1146 1213/1213 1147/1147
f 1146/1146 1147/1147 1148/1148
f 1148/1148 1147/1147 1149/1149
f 1148/1148 1149/1149 1215/1215
f 1215/1215 1149/1149 1212/1212
f 1215/1215 1212/1212 1150/1150
f 1150/1150 1212/1212 1151/1151
f 1150/1150 1151/1151 1152/1152
f 1152/1152 1151/1151 1153/1153
f 1152/1152 1153/1153 1217/1217
f 1217/1217 1153/1153 1210/1210
f 1217/1217 1210/1210 1218/1218
f 1218/1218 1210/1210 1154/1154
f 1218/1218 1154/1154 1219/1219
f 1219/1219 1154/1154 1208/1208
f 1219/1219 1208/1208 1222/1222
f 1222/1222 1208/1208 1155/1155
f 1222/1222 1155/1155 1156/1156
f 1156/1156 1155/1155 1157/1157
f 1156/1156 1157/1157 1225/1225
f 1225/1225 1157/1157 1158/1158
f 1225/1225 1158/1158 1159/1159
f 1159/1159 1158/1158 1160/1160
f 1159/1159 1160/1160 1224/1224
f 1224/1224 1160/1160 1161/1161
f 1224/1224 1161/1161 1223/1223
f 1223/1223 1161/1161 1162/1162
f 1223/1223 1162/1162 1221/1221
f 1221/1221 1162/1162 1163/1163
f 1221/1221 1163/1163 1220/1220
f 1220/1220 1163/1163 1164/1164
f 1220/1220 1164/1164 1165/1165
f 1165/1165 1164/1164 1166/1166
f 1165/1165 1166/1166 1216/1216
f 1216/1216 1166/1166 1203/1203
f 1216/1216 1203/1203 1167/1167
f 1167/1167 1203/1203 1168/1168
f 1167/1167 1168/1168 1169/1169
f 1169/1169 1168/1168 1170/1170
f 1169/1169 1170/1170 1171/1171
f 1171/1171 1170/1170 1200/1200
f 1171/1171 1200/1200 1172/1172
f 1172/1172 1200/1200 1198/1198
f 1173/1173 1213/1213 1083/1083
f 1083/1083 1213/1213 1174/1174
f 1083/1083 1174/1174 1175/1175
f 1175/1175 1174/1174 1144/1144
f 1175/1175 1144/1144 1176/1176
f 1176/1176 1144/1144 1178/1178
f 1176/1176 1178/1178 1177/1177
f 1177/1177 1178/1178 1180/1180
f 1177/1177 1180/1180 1179/1179
f 1179/1179 1180/1180 1142/1142
f 1179/1179 1142/1142 1181/1181
f 1181/1181 1142/1142 1182/1182
f 1181/1181 1182/1182 1086/1086
f 1086/1086 1182/1182 1183/1183
f 1086/1086 1183/1183 1087/1087
f 1087/1087 1183/1183 1140/1140
f 1087/1087 1140/1140 1090/1090
f 1090/1090 1140/1140 1138/1138
f 1090/1090 1138/1138 1092/1092
f 1092/1092 1138/1138 1184/1184
f 1092/1092 1184/1184 1185/1185
f 1185/1185 1184/1184 1136/1136
f 1185/1185 1136/1136 1093/1093
f 1093/1093 1136/1136 1134/1134
f 1093/1093 1134/1134 1186/1186
f 1186/1186 1134/1134 1132/1132
f 1186/1186 1132/1132 1187/1187
f 1187/1187 1132/1132 1129/1129
f 1187/1187 1129/1129 1188/1188
f 1188/1188 1129/1129 1189/1189
f 1188/1188 1189/1189 1098/1098
f 1098/1098 1189/1189 1190/1190
f 1098/1098 1190/1190 1191/1191
f 1191/1191 1190/1190 1192/1192
f 1191/1191 1192/1192 1099/1099
f 1099/1099 1192/1192 1193/1193
f 1099/1099 1193/1193 1100/1100
f 1100/1100 1193/1193 1127/1127
f 1100/1100 1127/1127 1194/1194
f 1194/1194 1127/1127 1195/1195
f 1194/1194 1195/1195 1196/1196
f 1196/1196 1195/1195 1197/1197
f 1196/1196 1197/1197 1103/1103
f 1103/1103 1197/1197 1124/1124
f 1103/1103 1124/1124 1104/1104
f 1104/1104 1124/1124 1198/1198
f 1104/1104 1198/1198 1199/1199
f 1199/1199 1198/1198 1200/1200
f 1199/1199 1200/1200 1201/1201
f 1201/1201 1200/1200 1170/1170
f 1201/1201 1170/1170 1105/1105
f 1105/1105 1170/1170 1168/1168
f 1105/1105 1168/1168 1202/1202
f 1202/1202 1168/1168 1203/1203
f 1202/1202 1203/1203 1107/1107
f 1107/1107 1203/1203 1166/1166
f 1107/1107 1166/1166 1204/1204
f 1204/1204 1166/1166 1164/1164
f 1204/1204 1164/1164 1205/1205
f 1205/1205 1164/1164 1163/1163
f 1205/1205 1163/1163 1110/1110
f 1110/1110 1163/1163 1162/1162
f 1110/1110 1162/1162 1111/1111
f 1111/1111 1162/1162 1161/1161
f 1111/1111 1161/1161 1206/1206
f 1206/1206 1161/1161 1160/1160
f 1206/1206 1160/1160 1207/1207
f 1207/1207 1160/1160 1158/1158
f 1207/1207 1158/1158 1115/1115
f 1115/1115 1158/1158 1157/1157
f 1115/1115 1157/1157 1116/1116
f 1116/1116 1157/1157 1155/1155
f 1116/1116 1155/1155 1118/1118
f 1118/1118 1155/1155 1208/1208
f 1118/1118 1208/1208 1121/1121
f 1121/1121 1208/1208 1154/1154
f 1121/1121 1154/1154 1209/1209
f 1209/1209 1154/1154 1210/1210
f 1209/1209 1210/1210 1211/1211
f 1211/1211 1210/1210 1153/1153
f 1211/1211 1153/1153 1123/1123
f 1123/1123 1153/1153 1151/1151
f 1123/1123 1151/1151 1078/1078
f 1078/1078 1151/1151 1212/1212
f 1078/1078 1212/1212 1079/1079
f 1079/1079 1212/1212 1149/1149
f 1079/1079 1149/1149 1147/1147
f 1147/1147 1213/1213 1214/1214
f 1214/1214 1213/1213 1173/1173
f 1214/1214 1079/1079 1147/1147
f 1227/1227 1226/1226 1125/1125
f 1125/1125 1226/1226 1146/1146
f 1125/1125 1146/1146 1172/1172
f 1172/1172 1146/1146 1148/1148
f 1172/1172 1148/1148 1171/1171
f 1171/1171 1148/1148 1215/1215
f 1171/1171 1215/1215 1169/1169
f 1169/1169 1215/1215 1150/1150
f 1169/1169 1150/1150 1167/1167
f 1167/1167 1150/1150 1152/1152
f 1167/1167 1152/1152 1216/1216
f 1216/1216 1152/1152 1217/1217
f 1216/1216 1217/1217 1165/1165
f 1165/1165 1217/1217 1218/1218
f 1165/1165 1218/1218 1220/1220
f 1220/1220 1218/1218 1219/1219
f 1220/1220 1219/1219 1221/1221
f 1221/1221 1219/1219 1222/1222
f 1221/1221 1222/1222 1223/1223
f 1223/1223 1222/1222 1156/1156
f 1223/1223 1156/1156 1224/1224
f 1224/1224 1156/1156 1225/1225
f 1224/1224 1225/1225 1159/1159
f 1226/1226 1227/1227 1145/1145
f 1145/1145 1227/1227 1228/1228
f 1145/1145 1228/1228 1143/1143
f 1143/1143 1228/1228 1126/1126
f 1143/1143 1126/1126 1229/1229
f 1229/1229 1126/1126 1230/1230
f 1229/1229 1230/1230 1231/1231
f 1231/1231 1230/1230 1232/1232
f 1231/1231 1232/1232 1233/1233
f 1233/1233 1232/1232 1234/1234
f 1233/1233 1234/1234 1141/1141
f 1141/1141 1234/1234 1128/1128
f 1141/1141 1128/1128 1235/1235
f 1235/1235 1128/1128 1130/1130
f 1235/1235 1130/1130 1236/1236
f 1236/1236 1130/1130 1131/1131
f 1236/1236 1131/1131 1139/1139
f 1139/1139 1131/1131 1133/1133
f 1139/1139 1133/1133 1137/1137
f 1137/1137 1133/1133 1135/1135
