# Exported from 3D Builder
o Object.1
v 0.741150 4.692085 -4.999999 188 188 188
v 0.320728 4.990036 -4.999999 188 188 188
v 0.010361 4.750351 -4.999999 188 188 188
v -0.356224 4.737045 -4.999999 188 188 188
v -0.720692 4.695503 -4.999999 188 188 188
v -1.434601 4.528870 -4.999999 188 188 188
v -1.198650 4.854820 -4.999999 188 188 188
v -1.566479 4.749008 -4.999999 188 188 188
v -2.114372 4.254410 -4.999999 188 188 188
v -2.606594 4.267967 -4.999999 188 188 188
v -2.743816 3.878654 -4.999999 188 188 188
v -3.034927 3.655495 -4.999999 188 188 188
v -3.227093 3.820717 -4.999999 188 188 188
v -3.509880 3.562828 -4.999999 188 188 188
v -3.772114 3.284073 -4.999999 188 188 188
v -4.012260 2.986092 -4.999999 188 188 188
v -4.002823 2.560165 -4.999999 188 188 188
v -4.188442 2.243828 -4.999999 188 188 188
v -4.420792 2.339493 -4.999999 188 188 188
v -4.586788 1.994682 -4.999999 188 188 188
v -4.483833 1.572975 -4.999999 188 188 188
v -4.591843 1.222481 -4.999999 188 188 188
v -4.920506 0.898529 -4.999999 188 188 188
v -4.974823 0.519722 -4.999999 188 188 188
v -4.749905 0.135803 -4.999999 188 188 188
v -4.995899 -0.244797 -4.999999 188 188 188
v -4.746223 -0.230942 -4.999999 188 188 188
v -4.714252 -0.596306 -4.999999 188 188 188
v -4.809006 -1.375252 -4.999999 188 188 188
v -4.309792 -2.000839 -4.999999 188 188 188
v -4.142544 -2.327271 -4.999999 188 188 188
v -4.369633 -2.433502 -4.999999 188 188 188
v -4.170696 -2.760429 -4.999999 188 188 188
v -3.947338 -3.071190 -4.999999 188 188 188
v -3.950615 -2.639816 -4.999999 188 188 188
v -3.735134 -2.936630 -4.999999 188 188 188
v -3.497391 -3.215942 -4.999999 188 188 188
v -3.432713 -3.637039 -4.999999 188 188 188
v -3.238808 -3.476082 -4.999999 188 188 188
v -2.514519 -4.322655 -4.999999 188 188 188
v -2.665386 -3.932770 -4.999999 188 188 188
v -2.028522 -4.295815 -4.999999 188 188 188
v -1.690987 -4.439430 -4.999999 188 188 188
v -1.464333 -4.781303 -4.999999 188 188 188
v -1.094322 -4.879204 -4.999999 188 188 188
v -1.343376 -4.556580 -4.999999 188 188 188
v -0.717907 -4.948532 -4.999999 188 188 188
v -0.337292 -4.988876 -4.999999 188 188 188
v 0.045296 -5.000000 -4.999999 188 188 188
v 0.427608 -4.981834 -4.999999 188 188 188
v 0.807419 -4.934494 -4.999999 188 188 188
v 1.544773 -4.491837 -4.999999 188 188 188
v 0.701462 4.950836 -4.999999 188 188 188
v 0.320728 4.990036 0.000001 188 188 188
v -0.061890 5.000000 -4.999999 188 188 188
v -0.444149 4.980690 -4.999999 188 188 188
v -0.444149 4.980690 0.000001 188 188 188
v -0.823811 4.932190 -4.999999 188 188 188
v -0.823811 4.932190 0.000001 188 188 188
v -1.566479 4.749008 0.000001 188 188 188
v -1.925133 4.615379 0.000001 188 188 188
v -1.925133 4.615379 -4.999999 188 188 188
v -2.272514 4.454712 -4.999999 188 188 188
v -2.606594 4.267967 0.000001 188 188 188
v -2.925411 4.056213 -4.999999 188 188 188
v -4.012260 2.986092 0.000001 188 188 188
v -4.228909 2.670616 -4.999999 188 188 188
v -4.420792 2.339493 0.000001 188 188 188
v -4.586788 1.994682 0.000001 188 188 188
v -4.725922 1.638176 0.000001 188 188 188
v -4.725922 1.638176 -4.999999 188 188 188
v -4.837379 1.272079 -4.999999 188 188 188
v -4.920506 0.898529 0.000001 188 188 188
v -5.000000 0.137863 0.000001 188 188 188
v -5.000000 0.137863 -4.999999 188 188 188
v -4.962543 -0.626022 -4.999999 188 188 188
v -4.900120 -1.003571 -4.999999 188 188 188
v -4.689728 -1.738876 -4.999999 188 188 188
v -4.809006 -1.375252 0.000001 188 188 188
v -4.689728 -1.738876 0.000001 188 188 188
v -4.542984 -2.092323 -4.999999 188 188 188
v -4.542984 -2.092323 0.000001 188 188 188
v -3.947338 -3.071190 0.000001 188 188 188
v -3.700863 -3.363968 -4.999999 188 188 188
v -3.144463 -3.888802 -4.999999 188 188 188
v -2.837799 -4.117783 -4.999999 188 188 188
v -2.837799 -4.117783 0.000001 188 188 188
v -2.514519 -4.322655 0.000001 188 188 188
v -2.176517 -4.502205 -4.999999 188 188 188
v -1.825768 -4.655388 -4.999999 188 188 188
v -1.825768 -4.655388 0.000001 188 188 188
v -1.464333 -4.781303 0.000001 188 188 188
v -1.094322 -4.879204 0.000001 188 188 188
v -0.337292 -4.988876 0.000001 188 188 188
v 0.427608 -4.981834 0.000001 188 188 188
v 0.807419 -4.934494 0.000001 188 188 188
v 1.182487 -4.858246 -4.999999 188 188 188
v 1.550636 -4.753540 -4.999999 188 188 188
v 1.886784 -4.359230 -0.249999 188 188 188
v 1.193550 -4.597664 -0.249999 188 188 188
v 0.471886 -4.726631 -0.249999 188 188 188
v 0.105740 -4.749001 -0.249999 188 188 188
v -0.261040 -4.743065 -0.249999 188 188 188
v -0.626266 -4.708847 -0.249999 188 188 188
v -0.987762 -4.646561 -0.249999 188 188 188
v -3.307953 3.410545 -0.249999 188 188 188
v -1.343376 -4.556580 -0.249999 188 188 188
v -2.028522 -4.295815 -0.249999 188 188 188
v -2.353966 -4.126587 -0.249999 188 188 188
v -2.665386 -3.932770 -0.249999 188 188 188
v -2.960918 -3.715500 -0.249999 188 188 188
v -3.793346 2.861244 -0.249999 188 188 188
v -4.002823 2.560165 -0.249999 188 188 188
v -3.735134 -2.936630 -0.249999 188 188 188
v -4.483833 1.572975 -0.249999 188 188 188
v -4.142544 -2.327271 -0.249999 188 188 188
v -4.672482 0.864685 -0.249999 188 188 188
v -4.725277 0.501740 -0.249999 188 188 188
v -4.746223 -0.230942 -0.249999 188 188 188
v -4.654179 -0.958122 -0.249999 188 188 188
v -2.436352 4.078690 -0.249999 188 188 188
v -1.434601 4.528870 -0.249999 188 188 188
v 0.376881 4.735336 -0.249999 188 188 188
v 0.010361 4.750351 -0.249999 188 188 188
v -0.720692 4.695503 -0.249999 188 188 188
v 1.544773 -4.491837 -0.249999 188 188 188
v 1.193550 -4.597664 -4.999999 188 188 188
v 0.835209 -4.676094 -4.999999 188 188 188
v 0.835209 -4.676094 -0.249999 188 188 188
v 0.471886 -4.726631 -4.999999 188 188 188
v 0.105740 -4.749001 -4.999999 188 188 188
v -0.261040 -4.743065 -4.999999 188 188 188
v -0.626266 -4.708847 -4.999999 188 188 188
v -0.987762 -4.646561 -4.999999 188 188 188
v -1.690987 -4.439430 -0.249999 188 188 188
v -2.353966 -4.126587 -4.999999 188 188 188
v -2.960918 -3.715500 -4.999999 188 188 188
v -3.238808 -3.476082 -0.249999 188 188 188
v -3.497391 -3.215942 -0.249999 188 188 188
v -3.950615 -2.639816 -0.249999 188 188 188
v -4.309792 -2.000839 -0.249999 188 188 188
v -4.451347 -1.662491 -4.999999 188 188 188
v -4.451347 -1.662491 -0.249999 188 188 188
v -4.566372 -1.314224 -0.249999 188 188 188
v -4.566372 -1.314224 -4.999999 188 188 188
v -4.654179 -0.958122 -4.999999 188 188 188
v -4.714252 -0.596306 -0.249999 188 188 188
v -4.749905 0.135803 -0.249999 188 188 188
v -4.725277 0.501740 -4.999999 188 188 188
v -4.672482 0.864685 -4.999999 188 188 188
v -4.591843 1.222481 -0.249999 188 188 188
v -4.349098 1.914108 -4.999999 188 188 188
v -4.349098 1.914108 -0.249999 188 188 188
v -4.188442 2.243828 -0.249999 188 188 188
v -3.793346 2.861244 -4.999999 188 188 188
v -3.561260 3.145271 -4.999999 188 188 188
v -3.561260 3.145271 -0.249999 188 188 188
v -3.307953 3.410545 -4.999999 188 188 188
v -3.034927 3.655495 -0.249999 188 188 188
v -2.743816 3.878654 -0.249999 188 188 188
v -2.436352 4.078690 -4.999999 188 188 188
v -2.114372 4.254410 -0.249999 188 188 188
v -1.779789 4.404770 -0.249999 188 188 188
v -1.779789 4.404770 -4.999999 188 188 188
v -1.080864 4.625977 -4.999999 188 188 188
v -1.080864 4.625977 -0.249999 188 188 188
v -0.356224 4.737045 -0.249999 188 188 188
v 0.376881 4.735336 -4.999999 188 188 188
v 0.741150 4.692085 -0.249999 188 188 188
v 1.100994 4.620880 -4.999999 188 188 188
v 1.100994 4.620880 -0.249999 188 188 188
v 1.078087 4.882652 -4.999999 188 188 188
v 1.078087 4.882652 0.000001 188 188 188
v 1.909691 -4.621002 0.000001 188 188 188
v 1.909691 -4.621002 -4.999999 188 188 188
v 1.886784 -4.359230 -4.999999 188 188 188
v 2.248299 -4.466064 0.000001 188 188 188
v 1.438461 4.788849 0.000001 188 188 188
v 2.574440 -4.286369 0.000001 188 188 188
v 2.133312 4.522278 0.000001 188 188 188
v 3.460361 -3.609314 0.000001 188 188 188
v 3.719383 -3.341820 0.000001 188 188 188
v 3.632675 3.436028 0.000001 188 188 188
v 3.878307 3.156197 0.000001 188 188 188
v 4.536606 -2.102875 0.000001 188 188 188
v 4.102436 2.858856 0.000001 188 188 188
v 4.680531 -1.759491 0.000001 188 188 188
v 4.303810 2.545677 0.000001 188 188 188
v 4.889866 -1.045410 0.000001 188 188 188
v 4.481323 2.218384 0.000001 188 188 188
v 4.954117 -0.678673 0.000001 188 188 188
v 4.633987 1.878792 0.000001 188 188 188
v 4.760956 1.528778 0.000001 188 188 188
v 1.638336 4.720314 0.191515 188 188 188
v 1.790852 4.668503 0.000001 188 188 188
v 1.994923 4.581009 0.191515 188 188 188
v 2.463943 4.350983 0.000001 188 188 188
v 2.986385 4.005875 0.191515 188 188 188
v 2.780907 4.155556 0.000001 188 188 188
v 3.082447 3.937103 0.000001 188 188 188
v 3.366901 3.696808 0.000001 188 188 188
v 3.284313 3.765495 0.191515 188 188 188
v 3.562962 3.503021 0.191515 188 188 188
v 3.820702 3.219986 0.191515 188 188 188
v 4.614288 1.917122 0.191515 188 188 188
v 4.747517 1.558273 0.191515 188 188 188
v 4.852882 1.190285 0.191515 188 188 188
v 4.929768 0.815323 0.191515 188 188 188
v 4.861523 1.170296 0.000001 188 188 188
v 4.935127 0.805321 0.000001 188 188 188
v 4.981373 0.435890 0.000001 188 188 188
v 4.999996 0.064034 0.000001 188 188 188
v 4.977718 0.435570 0.191515 188 188 188
v 4.996452 0.053261 0.191515 188 188 188
v 4.990894 -0.308174 0.000001 188 188 188
v 4.946007 -0.710052 0.191515 188 188 188
v 4.877121 -1.086578 0.191515 188 188 188
v 4.798504 -1.406349 0.000001 188 188 188
v 4.779610 -1.456718 0.191515 188 188 188
v 4.654045 -1.818321 0.191515 188 188 188
v 4.367523 -2.434601 0.000001 188 188 188
v 4.174221 -2.752831 0.000001 188 188 188
v 3.957775 -3.055794 0.000001 188 188 188
v 3.888374 -3.137779 0.191515 188 188 188
v 3.636723 -3.426231 0.191515 188 188 188
v 3.182152 -3.856796 0.000001 188 188 188
v 3.070980 -3.941238 0.191515 188 188 188
v 2.886299 -4.082901 0.000001 188 188 188
v 2.760208 -4.164772 0.191515 188 188 188
v 2.091976 -4.537346 0.191515 188 188 188
v 1.550636 -4.753540 0.000001 188 188 188
v 1.738441 -4.684204 0.191515 188 188 188
v 1.374699 -4.803574 0.191515 188 188 188
v 1.182487 -4.858246 0.000001 188 188 188
v 0.045296 -5.000000 0.000001 188 188 188
v -0.139008 -4.994629 0.191515 188 188 188
v -0.521011 -4.969391 0.191515 188 188 188
v -0.717907 -4.948532 0.000001 188 188 188
v -0.899960 -4.914993 0.191515 188 188 188
v -1.273632 -4.831749 0.191515 188 188 188
v -1.639832 -4.720146 0.191515 188 188 188
v -2.176517 -4.502205 0.000001 188 188 188
v -3.144463 -3.888802 0.000001 188 188 188
v -2.987885 -4.005714 0.191515 188 188 188
v -3.432713 -3.637039 0.000001 188 188 188
v -3.700863 -3.363968 0.000001 188 188 188
v -4.170696 -2.760429 0.000001 188 188 188
v -4.369633 -2.433502 0.000001 188 188 188
v -4.269012 -2.598854 0.191515 188 188 188
v -4.615784 -1.916954 0.191515 188 188 188
v -4.931263 -0.815155 0.191515 188 188 188
v -4.900120 -1.003571 0.000001 188 188 188
v -4.979214 -0.435402 0.191515 188 188 188
v -4.962543 -0.626022 0.000001 188 188 188
v -4.995899 -0.244797 0.000001 188 188 188
v -4.997948 -0.053093 0.191515 188 188 188
v -4.974823 0.519722 0.000001 188 188 188
v -4.947502 0.710220 0.191515 188 188 188
v -4.837379 1.272079 0.000001 188 188 188
v -4.502666 2.169403 0.191515 188 188 188
v -4.323364 2.507599 0.191515 188 188 188
v -4.228909 2.670616 0.000001 188 188 188
v -3.772114 3.284073 0.000001 188 188 188
v -3.638218 3.426399 0.191515 188 188 188
v -3.509880 3.562828 0.000001 188 188 188
v -3.365215 3.694740 0.191515 188 188 188
v -3.227093 3.820717 0.000001 188 188 188
v -2.925411 4.056213 0.000001 188 188 188
v -2.272514 4.454712 0.000001 188 188 188
v -1.739937 4.684364 0.191515 188 188 188
v -1.198650 4.854820 0.000001 188 188 188
v -1.376194 4.803726 0.191515 188 188 188
v -1.004383 4.894905 0.191515 188 188 188
v -0.061890 5.000000 0.000001 188 188 188
v 0.137512 4.994797 0.191515 188 188 188
v 0.701462 4.950836 0.000001 188 188 188
v 0.519512 4.969551 0.191515 188 188 188
v 0.382065 0.004150 4.985330 188 188 188
v 0.372925 -0.083160 4.985330 188 188 188
v 0.365452 -0.111519 4.985330 188 188 188
v 0.314709 -0.216782 4.985330 188 188 188
v 0.297180 -0.240295 4.985330 188 188 188
v 0.277905 -0.262398 4.985330 188 188 188
v 0.210758 -0.318970 4.985330 188 188 188
v 0.185707 -0.334221 4.985330 188 188 188
v -0.000748 0.000076 5.000001 188 188 188
v 0.132484 -0.358765 4.985330 188 188 188
v 0.076138 -0.374893 4.985330 188 188 188
v -0.069633 -0.376442 4.985330 188 188 188
v -0.273750 -0.268265 4.985330 188 188 188
v -0.293491 -0.246582 4.985330 188 188 188
v -0.327721 -0.199005 4.985330 188 188 188
v -0.354282 -0.146774 4.985330 188 188 188
v -0.364491 -0.119286 4.985330 188 188 188
v -0.382126 -0.033279 4.985330 188 188 188
v -0.383560 -0.003990 4.985330 188 188 188
v -0.258488 0.283112 4.985330 188 188 188
v -0.236057 0.302010 4.985330 188 188 188
v -0.161064 0.347672 4.985330 188 188 188
v -0.077633 0.375053 4.985330 188 188 188
v -0.106113 0.368065 4.985330 188 188 188
v -0.019482 0.382393 4.985330 188 188 188
v 0.009846 0.382706 4.985330 188 188 188
v 0.152130 0.351006 4.985330 188 188 188
v 0.272251 0.268425 4.985330 188 188 188
v 0.340508 0.173569 4.985330 188 188 188
v 0.326225 0.199173 4.985330 188 188 188
v 0.362995 0.119446 4.985330 188 188 188
v 4.985859 -0.329361 0.191515 188 188 188
v 4.967125 0.052948 0.573419 188 188 188
v 4.848495 -1.080200 0.573419 188 188 188
v 4.751556 -1.448174 0.573419 188 188 188
v 4.626732 -1.807648 0.573419 188 188 188
v 4.501167 -2.169235 0.191515 188 188 188
v 4.474751 -2.156509 0.573419 188 188 188
v 4.321869 -2.507431 0.191515 188 188 188
v 4.093040 -2.814301 0.573419 188 188 188
v 4.117207 -2.830917 0.191515 188 188 188
v 3.865555 -3.119370 0.573419 188 188 188
v 3.363720 -3.694572 0.191515 188 188 188
v 2.433235 -4.363861 0.191515 188 188 188
v 2.418953 -4.338249 0.573419 188 188 188
v 2.079700 -4.510712 0.573419 188 188 188
v 1.002888 -4.894745 0.191515 188 188 188
v 0.996994 -4.866020 0.573419 188 188 188
v 0.625183 -4.957199 0.191515 188 188 188
v 0.621510 -4.928108 0.573419 188 188 188
v 0.243805 -4.990555 0.191515 188 188 188
v -0.517956 -4.940231 0.573419 188 188 188
v -0.894684 -4.886147 0.573419 188 188 188
v -1.266163 -4.803398 0.573419 188 188 188
v -1.630215 -4.692451 0.573419 188 188 188
v -1.996418 -4.580849 0.191515 188 188 188
v -2.341290 -4.414673 0.191515 188 188 188
v -1.984703 -4.553970 0.573419 188 188 188
v -2.672424 -4.222580 0.191515 188 188 188
v -3.285812 -3.765335 0.191515 188 188 188
v -3.564457 -3.502861 0.191515 188 188 188
v -3.822197 -3.219826 0.191515 188 188 188
v -4.057507 -2.917900 0.191515 188 188 188
v -3.799770 -3.200928 0.573419 188 188 188
v -4.033703 -2.900772 0.573419 188 188 188
v -4.455467 -2.264549 0.191515 188 188 188
v -4.429329 -2.251259 0.573419 188 188 188
v -4.749016 -1.558113 0.191515 188 188 188
v -4.854378 -1.190132 0.191515 188 188 188
v -4.825901 -1.183144 0.573419 188 188 188
v -4.902328 -0.810371 0.573419 188 188 188
v -4.949997 -0.432846 0.573419 188 188 188
v -4.987358 0.329529 0.191515 188 188 188
v -4.958096 0.327599 0.573419 188 188 188
v -4.878616 1.086746 0.191515 188 188 188
v -4.918472 0.706055 0.573419 188 188 188
v -4.849991 1.080368 0.573419 188 188 188
v -4.781109 1.456879 0.191515 188 188 188
v -4.655544 1.818481 0.191515 188 188 188
v -4.118702 2.831078 0.191515 188 188 188
v -3.889870 3.137939 0.191515 188 188 188
v -3.072475 3.941406 0.191515 188 188 188
v -3.345474 3.673050 0.573419 188 188 188
v -2.761703 4.164932 0.191515 188 188 188
v -2.745502 4.140495 0.573419 188 188 188
v -2.420448 4.338417 0.573419 188 188 188
v -2.434731 4.364029 0.191515 188 188 188
v -2.093479 4.537506 0.191515 188 188 188
v -2.081196 4.510880 0.573419 188 188 188
v -1.729736 4.656876 0.573419 188 188 188
v -1.368126 4.775543 0.573419 188 188 188
v -0.626678 4.957359 0.191515 188 188 188
v -0.998489 4.866188 0.573419 188 188 188
v -0.623005 4.928268 0.573419 188 188 188
v -0.245300 4.990723 0.191515 188 188 188
v -0.243866 4.961426 0.573419 188 188 188
v 0.136700 4.965477 0.573419 188 188 188
v 0.898464 4.915154 0.191515 188 188 188
v 0.893188 4.886314 0.573419 188 188 188
v 1.272137 4.831909 0.191515 188 188 188
v 2.339790 4.414833 0.191515 188 188 188
v 2.326057 4.388924 0.573419 188 188 188
v 2.670925 4.222740 0.191515 188 188 188
v 2.655251 4.197968 0.573419 188 188 188
v 2.968853 3.982368 0.573419 188 188 188
v 4.056011 2.918068 0.191515 188 188 188
v 4.267517 2.599007 0.191515 188 188 188
v 4.427830 2.251427 0.573419 188 188 188
v 4.453972 2.264709 0.191515 188 188 188
v 4.587204 1.905869 0.573419 188 188 188
v 4.916977 -0.705887 0.573419 188 188 188
v 4.956600 -0.327431 0.573419 188 188 188
v 4.695618 -1.431129 0.951957 188 188 188
v 4.296505 -2.492722 0.573419 188 188 188
v 3.615376 -3.406120 0.573419 188 188 188
v 3.052952 -3.918106 0.573419 188 188 188
v 3.343979 -3.672890 0.573419 188 188 188
v 2.744007 -4.140335 0.573419 188 188 188
v 2.390472 -4.287186 0.951957 188 188 188
v 2.055206 -4.457619 0.951957 188 188 188
v 1.728233 -4.656715 0.573419 188 188 188
v 1.366631 -4.775375 0.573419 188 188 188
v 0.239506 -4.902863 0.951957 188 188 188
v 0.242371 -4.961273 0.573419 188 188 188
v -0.138199 -4.965317 0.573419 188 188 188
v -0.136581 -4.906868 0.951957 188 188 188
v -0.884159 -4.828629 0.951957 188 188 188
v -1.961353 -4.500359 0.951957 188 188 188
v -2.656746 -4.197800 0.573419 188 188 188
v -2.327553 -4.388756 0.573419 188 188 188
v -2.625481 -4.148384 0.951957 188 188 188
v -2.935394 -3.935326 0.951957 188 188 188
v -2.970352 -3.982201 0.573419 188 188 188
v -3.266529 -3.743240 0.573419 188 188 188
v -3.543545 -3.482307 0.573419 188 188 188
v -3.755051 -3.163246 0.951957 188 188 188
v -3.986229 -2.866631 0.951957 188 188 188
v -4.243965 -2.583603 0.573419 188 188 188
v -4.588699 -1.905701 0.573419 188 188 188
v -4.721149 -1.548973 0.573419 188 188 188
v -4.769096 -1.169220 0.951957 188 188 188
v -4.844631 -0.800835 0.951957 188 188 188
v -4.891739 -0.427750 0.951957 188 188 188
v -4.910145 -0.052155 0.951957 188 188 188
v -4.968620 -0.052780 0.573419 188 188 188
v -4.697113 1.431282 0.951957 188 188 188
v -4.753052 1.448334 0.573419 188 188 188
v -4.423561 2.131287 0.951957 188 188 188
v -4.628231 1.807808 0.573419 188 188 188
v -4.298000 2.492882 0.573419 188 188 188
v -4.476250 2.156677 0.573419 188 188 188
v -4.046349 2.781334 0.951957 188 188 188
v -4.247417 2.463539 0.951957 188 188 188
v -3.867050 3.119530 0.573419 188 188 188
v -4.094540 2.814461 0.573419 188 188 188
v -3.574306 3.366188 0.951957 188 188 188
v -3.616875 3.406281 0.573419 188 188 188
v -3.018501 3.872147 0.951957 188 188 188
v -3.054451 3.918266 0.573419 188 188 188
v -2.713192 4.091759 0.951957 188 188 188
v -1.709377 4.602058 0.951957 188 188 188
v -1.352028 4.719330 0.951957 188 188 188
v -0.615677 4.870255 0.951957 188 188 188
v -0.241005 4.903030 0.951957 188 188 188
v 0.135082 4.907036 0.951957 188 188 188
v 0.516460 4.940392 0.573419 188 188 188
v 0.510376 4.882240 0.951957 188 188 188
v 1.249771 4.747017 0.951957 188 188 188
v 0.882664 4.828789 0.951957 188 188 188
v 1.628716 4.692612 0.573419 188 188 188
v 1.264664 4.803558 0.573419 188 188 188
v 1.609535 4.637375 0.951957 188 188 188
v 1.983208 4.554131 0.573419 188 188 188
v 1.959854 4.500526 0.951957 188 188 188
v 2.298668 4.337265 0.951957 188 188 188
v 3.265034 3.743401 0.573419 188 188 188
v 3.542049 3.482460 0.573419 188 188 188
v 3.753555 3.163414 0.951957 188 188 188
v 4.032204 2.900940 0.573419 188 188 188
v 3.798275 3.201096 0.573419 188 188 188
v 3.984730 2.866791 0.951957 188 188 188
v 4.192516 2.553345 0.951957 188 188 188
v 4.375702 2.224915 0.951957 188 188 188
v 4.242466 2.583763 0.573419 188 188 188
v 4.664089 1.530899 0.951957 188 188 188
v 4.824402 1.183304 0.573419 188 188 188
v 4.719650 1.549133 0.573419 188 188 188
v 4.900833 0.810532 0.573419 188 188 188
v 4.843136 0.800995 0.951957 188 188 188
v 4.948502 0.433014 0.573419 188 188 188
v 4.890244 0.427917 0.951957 188 188 188
v 4.908649 0.052322 0.951957 188 188 188
v 4.898243 -0.323578 0.951957 188 188 188
v 4.811138 -0.317818 1.324908 188 188 188
v 4.859089 -0.697578 0.951957 188 188 188
v 4.612114 -1.405678 1.324908 188 188 188
v 4.791416 -1.067482 0.951957 188 188 188
v 4.490955 -1.754601 1.324908 188 188 188
v 4.572258 -1.786362 0.951957 188 188 188
v 4.343430 -2.093231 1.324908 188 188 188
v 4.170414 -2.419571 1.324908 188 188 188
v 4.422066 -2.131126 0.951957 188 188 188
v 4.044853 -2.781174 0.951957 188 188 188
v 4.245922 -2.463379 0.951957 188 188 188
v 3.972919 -2.731720 1.324908 188 188 188
v 3.820042 -3.082642 0.951957 188 188 188
v 3.572807 -3.366028 0.951957 188 188 188
v 3.304607 -3.629662 0.951957 188 188 188
v 2.963348 -3.803139 1.324908 188 188 188
v 3.017006 -3.871986 0.951957 188 188 188
v 2.711697 -4.091591 0.951957 188 188 188
v 2.663467 -4.018845 1.324908 188 188 188
v 2.347954 -4.210953 1.324908 188 188 188
v 1.707882 -4.601891 0.951957 188 188 188
v 0.967720 -4.723236 1.324908 188 188 188
v 0.985252 -4.808739 0.951957 188 188 188
v 1.350533 -4.719162 0.951957 188 188 188
v 0.603249 -4.783501 1.324908 188 188 188
v 0.235233 -4.815697 1.324908 188 188 188
v 0.614182 -4.870094 0.951957 188 188 188
v -0.134167 -4.819626 1.324908 188 188 188
v -0.511871 -4.882072 0.951957 188 188 188
v -0.868450 -4.742775 1.324908 188 188 188
v -1.251266 -4.746849 0.951957 188 188 188
v -1.582405 -4.554764 1.324908 188 188 188
v -1.611031 -4.637207 0.951957 188 188 188
v -2.259281 -4.259979 1.324908 188 188 188
v -1.926491 -4.420341 1.324908 188 188 188
v -2.300163 -4.337097 0.951957 188 188 188
v -2.578812 -4.074623 1.324908 188 188 188
v -2.883217 -3.865349 1.324908 188 188 188
v -3.228088 -3.699165 0.951957 188 188 188
v -3.170708 -3.633400 1.324908 188 188 188
v -3.501842 -3.441307 0.951957 188 188 188
v -3.688301 -3.107010 1.324908 188 188 188
v -4.299381 -2.185204 1.324908 188 188 188
v -4.377197 -2.224754 0.951957 188 188 188
v -4.194016 -2.553185 0.951957 188 188 188
v -4.119457 -2.507790 1.324908 188 188 188
v -4.665585 -1.530739 0.951957 188 188 188
v -4.534691 -1.883270 0.951957 188 188 188
v -4.758511 -0.786591 1.324908 188 188 188
v -4.804775 -0.420143 1.324908 188 188 188
v -4.899738 0.323746 0.951957 188 188 188
v -4.860584 0.697746 0.951957 188 188 188
v -4.792912 1.067642 0.951957 188 188 188
v -4.573757 1.786530 0.951957 188 188 188
v -4.344929 2.093391 1.324908 188 188 188
v -3.974415 2.731880 1.324908 188 188 188
v -4.171909 2.419739 1.324908 188 188 188
v -3.753605 3.028000 1.324908 188 188 188
v -3.821537 3.082809 0.951957 188 188 188
v -3.306103 3.629822 0.951957 188 188 188
v -2.664963 4.019005 1.324908 188 188 188
v -2.964844 3.803299 1.324908 188 188 188
v -2.391968 4.287346 0.951957 188 188 188
v -2.020149 4.378525 1.324908 188 188 188
v -1.679005 4.520233 1.324908 188 188 188
v -2.056705 4.457787 0.951957 188 188 188
v -0.986748 4.808899 0.951957 188 188 188
v 0.132668 4.819786 1.324908 188 188 188
v 0.501286 4.795433 1.324908 188 188 188
v 1.924992 4.420502 1.324908 188 188 188
v 2.623985 4.148544 0.951957 188 188 188
v 2.257782 4.260147 1.324908 188 188 188
v 2.881721 3.865517 1.324908 188 188 188
v 2.933899 3.935493 0.951957 188 188 188
v 3.169212 3.633560 1.324908 188 188 188
v 3.226593 3.699333 0.951957 188 188 188
v 3.500347 3.441475 0.951957 188 188 188
v 3.686802 3.107170 1.324908 188 188 188
v 3.913872 2.815819 1.324908 188 188 188
v 4.581146 1.503685 1.324908 188 188 188
v 4.533195 1.883438 0.951957 188 188 188
v 4.767601 1.169373 0.951957 188 188 188
v 4.757011 0.786751 1.324908 188 188 188
v 4.803280 0.420303 1.324908 188 188 188
v 4.821358 0.051399 1.324908 188 188 188
v 4.705769 0.050163 1.690085 188 188 188
v 4.772682 -0.685173 1.324908 188 188 188
v 4.658260 -0.668747 1.690085 188 188 188
v 4.593384 -1.023369 1.690085 188 188 188
v 4.706211 -1.048500 1.324908 188 188 188
v 4.239296 -2.043053 1.690085 188 188 188
v 4.070431 -2.361580 1.690085 188 188 188
v 3.662148 -2.955254 1.690085 188 188 188
v 3.425133 -3.226929 1.690085 188 188 188
v 3.509270 -3.306175 1.324908 188 188 188
v 3.752106 -3.027832 1.324908 188 188 188
v 2.892300 -3.711975 1.690085 188 188 188
v 3.245834 -3.565117 1.324908 188 188 188
v 2.291656 -4.110016 1.690085 188 188 188
v 1.637276 -4.411728 1.690085 188 188 188
v 2.018654 -4.378357 1.324908 188 188 188
v 1.970249 -4.273415 1.690085 188 188 188
v 1.326504 -4.635254 1.324908 188 188 188
v 1.677502 -4.520065 1.324908 188 188 188
v 1.294689 -4.524147 1.690085 188 188 188
v 0.944504 -4.610016 1.690085 188 188 188
v 0.229576 -4.700256 1.690085 188 188 188
v -0.490749 -4.680328 1.690085 188 188 188
v -0.502781 -4.795273 1.324908 188 188 188
v -1.229031 -4.662453 1.324908 188 188 188
v -1.199593 -4.550690 1.690085 188 188 188
v -1.544487 -4.445580 1.690085 188 188 188
v -1.880333 -4.314384 1.690085 188 188 188
v -2.205139 -4.157867 1.690085 188 188 188
v -2.517014 -3.976952 1.690085 188 188 188
v -2.814121 -3.772697 1.690085 188 188 188
v -3.439594 -3.380119 1.324908 188 188 188
v -3.915367 -2.815659 1.324908 188 188 188
v -3.821529 -2.748161 1.690085 188 188 188
v -4.196342 -2.132813 1.690085 188 188 188
v -4.454079 -1.849785 1.324908 188 188 188
v -4.582642 -1.503517 1.324908 188 188 188
v -4.684319 -1.148430 1.324908 188 188 188
v -4.472813 -1.467476 1.690085 188 188 188
v -4.644463 -0.767738 1.690085 188 188 188
v -4.822857 -0.051231 1.324908 188 188 188
v -4.812634 0.317986 1.324908 188 188 188
v -4.697292 0.310371 1.690085 188 188 188
v -4.707706 1.048660 1.324908 188 188 188
v -4.774178 0.685341 1.324908 188 188 188
v -4.613613 1.405838 1.324908 188 188 188
v -4.384781 1.712700 1.690085 188 188 188
v -4.492451 1.754768 1.324908 188 188 188
v -3.663643 2.955414 1.690085 188 188 188
v -3.247330 3.565285 1.324908 188 188 188
v -3.510765 3.306343 1.324908 188 188 188
v -3.426632 3.227089 1.690085 188 188 188
v -3.169514 3.479820 1.690085 188 188 188
v -2.349449 4.211121 1.324908 188 188 188
v -1.971745 4.273575 1.690085 188 188 188
v -2.293152 4.110184 1.690085 188 188 188
v -1.638771 4.411880 1.690085 188 188 188
v -1.296188 4.524307 1.690085 188 188 188
v -1.328003 4.635422 1.324908 188 188 188
v -0.969215 4.723404 1.324908 188 188 188
v -0.604748 4.783661 1.324908 188 188 188
v -0.236729 4.815857 1.324908 188 188 188
v 1.227535 4.662613 1.324908 188 188 188
v 0.866955 4.742943 1.324908 188 188 188
v 1.580906 4.554924 1.324908 188 188 188
v 2.577316 4.074791 1.324908 188 188 188
v 2.515518 3.977112 1.690085 188 188 188
v 3.093224 3.546471 1.690085 188 188 188
v 3.438099 3.380280 1.324908 188 188 188
v 3.355667 3.299263 1.690085 188 188 188
v 3.598412 3.032692 1.690085 188 188 188
v 3.820034 2.748322 1.690085 188 188 188
v 4.117962 2.507950 1.324908 188 188 188
v 4.019238 2.447838 1.690085 188 188 188
v 4.297886 2.185364 1.324908 188 188 188
v 4.345837 1.805603 1.690085 188 188 188
v 4.452583 1.849945 1.324908 188 188 188
v 4.682819 1.148590 1.324908 188 188 188
v 4.570553 1.121056 1.690085 188 188 188
v 4.545456 0.397751 2.045344 188 188 188
v 4.695797 -0.310204 1.690085 188 188 188
v 4.383286 -1.712540 1.690085 188 188 188
v 4.501541 -1.371979 1.690085 188 188 188
v 3.877666 -2.666237 1.690085 188 188 188
v 3.946556 -2.289711 2.045344 188 188 188
v 3.550697 -2.865334 2.045344 188 188 188
v 3.168018 -3.479660 1.690085 188 188 188
v 2.804272 -3.599022 2.045344 188 188 188
v 2.520485 -3.803154 2.045344 188 188 188
v 2.599606 -3.922508 1.690085 188 188 188
v 2.221901 -3.984955 2.045344 188 188 188
v 0.588772 -4.668839 1.690085 188 188 188
v 0.570835 -4.526779 2.045344 188 188 188
v -0.130966 -4.704094 1.690085 188 188 188
v 0.222569 -4.557236 2.045344 188 188 188
v -0.475842 -4.537910 2.045344 188 188 188
v -0.847652 -4.629082 1.690085 188 188 188
v -0.821884 -4.488235 2.045344 188 188 188
v -1.163109 -4.412224 2.045344 188 188 188
v -2.728519 -3.657898 2.045344 188 188 188
v -3.094723 -3.546303 1.690085 188 188 188
v -3.357162 -3.299095 1.690085 188 188 188
v -3.000580 -3.438393 2.045344 188 188 188
v -3.599911 -3.032524 1.690085 188 188 188
v -3.705273 -2.664543 2.045344 188 188 188
v -4.020733 -2.447678 1.690085 188 188 188
v -4.068684 -2.067917 2.045344 188 188 188
v -4.215076 -1.750504 2.045344 188 188 188
v -4.347332 -1.805443 1.690085 188 188 188
v -4.572048 -1.120895 1.690085 188 188 188
v -4.432957 -1.086784 2.045344 188 188 188
v -4.503166 -0.744370 2.045344 188 188 188
v -4.689625 -0.410072 1.690085 188 188 188
v -4.546955 -0.397591 2.045344 188 188 188
v -4.707268 -0.049995 1.690085 188 188 188
v -4.554386 0.300926 2.045344 188 188 188
v -4.517994 0.648560 2.045344 188 188 188
v -4.659756 0.668907 1.690085 188 188 188
v -4.594879 1.023529 1.690085 188 188 188
v -4.366047 1.330391 2.045344 188 188 188
v -4.503040 1.372147 1.690085 188 188 188
v -4.251385 1.660599 2.045344 188 188 188
v -4.071926 2.361732 1.690085 188 188 188
v -4.240791 2.043221 1.690085 188 188 188
v -3.879169 2.666405 1.690085 188 188 188
v -3.761154 2.585274 2.045344 188 188 188
v -3.073093 3.373940 2.045344 188 188 188
v -2.893795 3.712143 1.690085 188 188 188
v -2.601101 3.922668 1.690085 188 188 188
v -2.521980 3.803314 2.045344 188 188 188
v -2.223396 3.985123 2.045344 188 188 188
v -1.588932 4.277641 2.045344 188 188 188
v -0.917236 4.469910 2.045344 188 188 188
v -0.945999 4.610184 1.690085 188 188 188
v -0.231075 4.700417 1.690085 188 188 188
v -0.590267 4.668999 1.690085 188 188 188
v 0.129471 4.704254 1.690085 188 188 188
v 0.489254 4.680489 1.690085 188 188 188
v 0.820389 4.488396 2.045344 188 188 188
v 0.846157 4.629250 1.690085 188 188 188
v 0.474342 4.538071 2.045344 188 188 188
v 1.198090 4.550850 1.690085 188 188 188
v 1.542992 4.445740 1.690085 188 188 188
v 1.821644 4.183266 2.045344 188 188 188
v 1.878834 4.314545 1.690085 188 188 188
v 2.203644 4.158028 1.690085 188 188 188
v 2.136570 4.031509 2.045344 188 188 188
v 2.727024 3.658058 2.045344 188 188 188
v 2.812626 3.772858 1.690085 188 188 188
v 2.999081 3.438560 2.045344 188 188 188
v 3.253540 3.198875 2.045344 188 188 188
v 3.488899 2.940414 2.045344 188 188 188
v 3.896919 2.373352 2.045344 188 188 188
v 4.194847 2.132980 1.690085 188 188 188
v 4.067184 2.068077 2.045344 188 188 188
v 4.471317 1.467644 1.690085 188 188 188
v 4.642967 0.767899 1.690085 188 188 188
v 4.501671 0.744537 2.045344 188 188 188
v 4.688126 0.410233 1.690085 188 188 188
v 4.376110 0.382942 2.388600 188 188 188
v 4.562565 0.048645 2.045344 188 188 188
v 4.348228 -0.624245 2.388600 188 188 188
v 4.516499 -0.648399 2.045344 188 188 188
v 4.552891 -0.300758 2.045344 188 188 188
v 4.453594 -0.992226 2.045344 188 188 188
v 4.364552 -1.330231 2.045344 188 188 188
v 4.110283 -1.980888 2.045344 188 188 188
v 4.249889 -1.660439 2.045344 188 188 188
v 3.957146 -1.907089 2.388600 188 188 188
v 3.799515 -2.204422 2.388600 188 188 188
v 3.418404 -2.758591 2.388600 188 188 188
v 3.759659 -2.585114 2.045344 188 188 188
v 3.320896 -3.128738 2.045344 188 188 188
v 3.071598 -3.373787 2.045344 188 188 188
v 2.699783 -3.464958 2.388600 188 188 188
v 2.139107 -3.836510 2.388600 188 188 188
v 1.910275 -4.143379 2.045344 188 188 188
v 1.255276 -4.386482 2.045344 188 188 188
v 1.587437 -4.277489 2.045344 188 188 188
v 1.528275 -4.118134 2.388600 188 188 188
v 0.915741 -4.469742 2.045344 188 188 188
v -0.127007 -4.560959 2.045344 188 188 188
v -1.441761 -4.149750 2.388600 188 188 188
v -1.823139 -4.183105 2.045344 188 188 188
v -1.497520 -4.310310 2.045344 188 188 188
v -2.440453 -3.855934 2.045344 188 188 188
v -2.138065 -4.031357 2.045344 188 188 188
v -2.058449 -3.881180 2.388600 188 188 188
v -2.888836 -3.310310 2.388600 188 188 188
v -3.133808 -3.079552 2.388600 188 188 188
v -3.255035 -3.198708 2.045344 188 188 188
v -3.490395 -2.940254 2.045344 188 188 188
v -3.360401 -2.830727 2.388600 188 188 188
v -3.898415 -2.373192 2.045344 188 188 188
v -4.336739 -1.422821 2.045344 188 188 188
v -4.267857 -1.046303 2.388600 188 188 188
v -4.394073 -0.046669 2.388600 188 188 188
v -4.564060 -0.048477 2.045344 188 188 188
v -4.377605 -0.382782 2.388600 188 188 188
v -4.384762 0.289711 2.388600 188 188 188
v -4.349724 0.624405 2.388600 188 188 188
v -4.455090 0.992393 2.045344 188 188 188
v -4.093044 1.598740 2.388600 188 188 188
v -4.111782 1.981049 2.045344 188 188 188
v -3.958641 1.907257 2.388600 188 188 188
v -3.948051 2.289879 2.045344 188 188 188
v -3.801010 2.204582 2.388600 188 188 188
v -3.621078 2.488968 2.388600 188 188 188
v -3.419903 2.758751 2.388600 188 188 188
v -3.198654 3.012344 2.388600 188 188 188
v -3.552197 2.865494 2.045344 188 188 188
v -3.322392 3.128899 2.045344 188 188 188
v -2.805771 3.599190 2.045344 188 188 188
v -2.701279 3.465118 2.388600 188 188 188
v -2.428062 3.661636 2.388600 188 188 188
v -1.840584 3.989197 2.388600 188 188 188
v -1.911774 4.143539 2.045344 188 188 188
v -1.256771 4.386650 2.045344 188 188 188
v -0.572330 4.526939 2.045344 188 188 188
v 0.125511 4.561119 2.045344 188 188 188
v -0.224068 4.557396 2.045344 188 188 188
v 0.789803 4.321198 2.388600 188 188 188
v 1.118317 4.248024 2.388600 188 188 188
v 1.161613 4.412376 2.045344 188 188 188
v 1.440266 4.149902 2.388600 188 188 188
v 1.496021 4.310471 2.045344 188 188 188
v 1.753757 4.027443 2.388600 188 188 188
v 2.438953 3.856102 2.045344 188 188 188
v 3.132313 3.079720 2.388600 188 188 188
v 3.703777 2.664711 2.045344 188 188 188
v 3.751728 2.284950 2.388600 188 188 188
v 3.915653 1.991051 2.388600 188 188 188
v 4.335243 1.422981 2.045344 188 188 188
v 4.213581 1.750671 2.045344 188 188 188
v 4.431461 1.086952 2.045344 188 188 188
v 4.173725 1.369980 2.388600 188 188 188
v 4.266361 1.046463 2.388600 188 188 188
v 4.333954 0.716805 2.388600 188 188 188
v 4.392578 0.046837 2.388600 188 188 188
v 4.383266 -0.289558 2.388600 188 188 188
v 4.154434 -0.596420 2.717839 188 188 188
v 4.287666 -0.955261 2.388600 188 188 188
v 3.909195 -1.527336 2.717839 188 188 188
v 4.201939 -1.280678 2.388600 188 188 188
v 4.091549 -1.598579 2.388600 188 188 188
v 3.780781 -1.822113 2.717839 188 188 188
v 3.619583 -2.488808 2.388600 188 188 188
v 3.054661 -2.877960 2.717839 188 188 188
v 3.197159 -3.012184 2.388600 188 188 188
v 3.266045 -2.635666 2.717839 188 188 188
v 2.957153 -3.248108 2.388600 188 188 188
v 2.825348 -3.103363 2.717839 188 188 188
v 2.318405 -3.498322 2.717839 188 188 188
v 2.426567 -3.661476 2.388600 188 188 188
v 2.043755 -3.665550 2.717839 188 188 188
v 1.839088 -3.989029 2.388600 188 188 188
v 0.881603 -4.303246 2.388600 188 188 188
v 1.208488 -4.223083 2.388600 188 188 188
v 1.154602 -4.034897 2.717839 188 188 188
v 0.214252 -4.387474 2.388600 188 188 188
v 0.549541 -4.358147 2.388600 188 188 188
v -0.122299 -4.391060 2.388600 188 188 188
v -0.458141 -4.368866 2.388600 188 188 188
v -0.756069 -4.128487 2.717839 188 188 188
v -0.791298 -4.321045 2.388600 188 188 188
v -1.119816 -4.247856 2.388600 188 188 188
v -1.069950 -4.058571 2.717839 188 188 188
v -1.755253 -4.027283 2.388600 188 188 188
v -1.677071 -3.847816 2.717839 188 188 188
v -2.244907 -3.546875 2.717839 188 188 188
v -2.349571 -3.712296 2.388600 188 188 188
v -2.626911 -3.521637 2.388600 188 188 188
v -2.509888 -3.364716 2.717839 188 188 188
v -2.994202 -2.942322 2.717839 188 188 188
v -3.210693 -2.704582 2.717839 188 188 188
v -3.567280 -2.565277 2.388600 188 188 188
v -3.408352 -2.450974 2.717839 188 188 188
v -3.753223 -2.284782 2.388600 188 188 188
v -3.586014 -2.182976 2.717839 188 188 188
v -3.917149 -1.990883 2.388600 188 188 188
v -4.175220 -1.369812 2.388600 188 188 188
v -4.058090 -1.685295 2.388600 188 188 188
v -4.142292 -0.684708 2.717839 188 188 188
v -4.335449 -0.716637 2.388600 188 188 188
v -4.077713 -0.999672 2.717839 188 188 188
v -4.182571 -0.365723 2.717839 188 188 188
v -4.189407 0.276810 2.717839 188 188 188
v -4.203438 1.280838 2.388600 188 188 188
v -4.289162 0.955429 2.388600 188 188 188
v -4.016163 1.223770 2.717839 188 188 188
v -3.910690 1.527504 2.717839 188 188 188
v -2.826843 3.103523 2.717839 188 188 188
v -2.958649 3.248260 2.388600 188 188 188
v -2.319901 3.498482 2.717839 188 188 188
v -2.140602 3.836678 2.388600 188 188 188
v -2.045254 3.665710 2.717839 188 188 188
v -1.529770 4.118301 2.388600 188 188 188
v -1.758602 3.811440 2.717839 188 188 188
v -1.209984 4.223244 2.388600 188 188 188
v -0.843781 4.111649 2.717839 188 188 188
v -1.156101 4.035057 2.717839 188 188 188
v -0.883099 4.303398 2.388600 188 188 188
v -0.206165 4.192123 2.717839 188 188 188
v -0.215748 4.387634 2.388600 188 188 188
v -0.551037 4.358307 2.388600 188 188 188
v -0.526516 4.164101 2.717839 188 188 188
v 0.120804 4.391220 2.388600 188 188 188
v 0.456646 4.369034 2.388600 188 188 188
v 0.115391 4.195549 2.717839 188 188 188
v 0.754574 4.128654 2.717839 188 188 188
v 1.068451 4.058723 2.717839 188 188 188
v 2.056953 3.881340 2.388600 188 188 188
v 1.965263 3.708389 2.717839 188 188 188
v 2.348076 3.712463 2.388600 188 188 188
v 2.508392 3.364868 2.717839 188 188 188
v 2.887341 3.310471 2.388600 188 188 188
v 2.625412 3.521797 2.388600 188 188 188
v 2.758644 3.162964 2.717839 188 188 188
v 3.209198 2.704742 2.717839 188 188 188
v 3.358906 2.830887 2.388600 188 188 188
v 2.992706 2.942490 2.717839 188 188 188
v 3.565784 2.565445 2.388600 188 188 188
v 3.584518 2.183136 2.717839 188 188 188
v 3.741135 1.902328 2.717839 188 188 188
v 4.056591 1.685455 2.388600 188 188 188
v 4.140797 0.684868 2.717839 188 188 188
v 4.196812 0.044746 2.717839 188 188 188
v 3.961498 0.346672 3.031129 188 188 188
v 4.187912 -0.276649 2.717839 188 188 188
v 3.967979 -0.262123 3.031129 188 188 188
v 3.936260 -0.565102 3.031129 188 188 188
v 4.096573 -0.912697 2.717839 188 188 188
v 4.014668 -1.223602 2.717839 188 188 188
v 3.703896 -1.447144 3.031129 188 188 188
v 3.582226 -1.726433 3.031129 188 188 188
v 3.458260 -2.377899 2.717839 188 188 188
v 3.630173 -2.106186 2.717839 188 188 188
v 3.439526 -1.995590 3.031129 188 188 188
v 3.094517 -2.497269 3.031129 188 188 188
v 2.676956 -2.940407 3.031129 188 188 188
v 2.443970 -3.136726 3.031129 188 188 188
v 2.579445 -3.310555 2.717839 188 188 188
v 1.460140 -3.934631 2.717839 188 188 188
v 1.757103 -3.811272 2.717839 188 188 188
v 1.383434 -3.728027 3.031129 188 188 188
v 0.798019 -3.895599 3.031129 188 188 188
v 0.842285 -4.111481 2.717839 188 188 188
v 0.525021 -4.163940 2.717839 188 188 188
v 0.204670 -4.191963 2.717839 188 188 188
v 0.193886 -3.971848 3.031129 188 188 188
v -0.116886 -4.195389 2.717839 188 188 188
v -0.437759 -4.174187 2.717839 188 188 188
v -0.716408 -3.911713 3.031129 188 188 188
v -1.377548 -3.964821 2.717839 188 188 188
v -1.013805 -3.845459 3.031129 188 188 188
v -1.966759 -3.708229 2.717839 188 188 188
v -1.863529 -3.513519 3.031129 188 188 188
v -2.127075 -3.360641 3.031129 188 188 188
v -2.378139 -3.188034 3.031129 188 188 188
v -2.760139 -3.162796 2.717839 188 188 188
v -3.042152 -2.562569 3.031129 188 188 188
v -3.546154 -1.802284 3.031129 188 188 188
v -3.742630 -1.902161 2.717839 188 188 188
v -3.877293 -1.610191 2.717839 188 188 188
v -3.989204 -1.308777 2.717839 188 188 188
v -3.673748 -1.525642 3.031129 188 188 188
v -3.924831 -0.648750 3.031129 188 188 188
v -4.198307 -0.044586 2.717839 188 188 188
v -4.155930 0.596588 2.717839 188 188 188
v -3.969475 0.262276 3.031129 188 188 188
v -4.098072 0.912849 2.717839 188 188 188
v -3.882931 0.864929 3.031129 188 188 188
v -3.705395 1.447296 3.031129 188 188 188
v -3.782280 1.822273 2.717839 188 188 188
v -3.278133 2.253212 3.031129 188 188 188
v -3.631672 2.106346 2.717839 188 188 188
v -3.441021 1.995758 3.031129 188 188 188
v -3.267544 2.635834 2.717839 188 188 188
v -3.459755 2.378067 2.717839 188 188 188
v -3.096012 2.497429 3.031129 188 188 188
v -3.056156 2.878120 2.717839 188 188 188
v -2.580944 3.310722 2.717839 188 188 188
v -2.678452 2.940575 3.031129 188 188 188
v -2.198132 3.314796 3.031129 188 188 188
v -1.937901 3.473244 3.031129 188 188 188
v -1.461636 3.934799 2.717839 188 188 188
v -1.095436 3.823196 3.031129 188 188 188
v -0.799515 3.895760 3.031129 188 188 188
v -0.195381 3.972015 3.031129 188 188 188
v 0.109291 3.975258 3.031129 188 188 188
v 0.436264 4.174347 2.717839 188 188 188
v 1.376053 3.964989 2.717839 188 188 188
v 1.303761 3.756805 3.031129 188 188 188
v 1.675575 3.847984 2.717839 188 188 188
v 2.243412 3.547043 2.717839 188 188 188
v 2.376644 3.188202 3.031129 188 188 188
v 2.835526 2.787994 3.031129 188 188 188
v 3.040653 2.562729 3.031129 188 188 188
v 3.406857 2.451134 2.717839 188 188 188
v 3.227932 2.322433 3.031129 188 188 188
v 3.396263 2.068512 3.031129 188 188 188
v 3.672253 1.525810 3.031129 188 188 188
v 3.987709 1.308937 2.717839 188 188 188
v 3.875797 1.610359 2.717839 188 188 188
v 4.076214 0.999840 2.717839 188 188 188
v 3.778286 1.240211 3.031129 188 188 188
v 4.181072 0.365883 2.717839 188 188 188
v 3.718674 0.325432 3.326629 188 188 188
v 3.732670 0.039810 3.326629 188 188 188
v 3.976406 0.042404 3.031129 188 188 188
v 3.643513 -0.811760 3.326629 188 188 188
v 3.881435 -0.864761 3.031129 188 188 188
v 3.803829 -1.159355 3.031129 188 188 188
v 3.362640 -1.620621 3.326629 188 188 188
v 3.276638 -2.253044 3.031129 188 188 188
v 3.228687 -1.873283 3.326629 188 188 188
v 2.512852 -2.760201 3.326629 188 188 188
v 2.894230 -2.726845 3.031129 188 188 188
v 2.294144 -2.944481 3.326629 188 188 188
v 2.196632 -3.314629 3.031129 188 188 188
v 1.936401 -3.473076 3.031129 188 188 188
v 1.664806 -3.611153 3.031129 188 188 188
v 1.298607 -3.499557 3.326629 188 188 188
v 1.093937 -3.823029 3.031129 188 188 188
v 0.497414 -3.945297 3.031129 188 188 188
v 0.181957 -3.728432 3.326629 188 188 188
v -0.110790 -3.975090 3.031129 188 188 188
v -0.414814 -3.955009 3.031129 188 188 188
v -1.305260 -3.756645 3.031129 188 188 188
v -0.951721 -3.609779 3.326629 188 188 188
v -1.589054 -3.645775 3.031129 188 188 188
v -1.491714 -3.422340 3.326629 188 188 188
v -2.455021 -2.813065 3.326629 188 188 188
v -2.615253 -2.996727 3.031129 188 188 188
v -2.837025 -2.787827 3.031129 188 188 188
v -2.663204 -2.616966 3.326629 188 188 188
v -3.031559 -2.179947 3.326629 188 188 188
v -2.855759 -2.405518 3.326629 188 188 188
v -3.229427 -2.322273 3.031129 188 188 188
v -3.189575 -1.941589 3.326629 188 188 188
v -3.397758 -2.068352 3.031129 188 188 188
v -3.448647 -1.432144 3.326629 188 188 188
v -3.779785 -1.240051 3.031129 188 188 188
v -3.863644 -0.947182 3.031129 188 188 188
v -3.684345 -0.608978 3.326629 188 188 188
v -3.962997 -0.346504 3.031129 188 188 188
v -3.734165 -0.039642 3.326629 188 188 188
v -3.977901 -0.042236 3.031129 188 188 188
v -3.696472 0.530624 3.326629 188 188 188
v -3.937756 0.565269 3.031129 188 188 188
v -3.726250 0.246208 3.326629 188 188 188
v -3.805325 1.159515 3.031129 188 188 188
v -3.478352 1.358612 3.326629 188 188 188
v -3.583721 1.726601 3.031129 188 188 188
v -3.364136 1.620789 3.326629 188 188 188
v -3.077278 2.115128 3.326629 188 188 188
v -2.895725 2.727005 3.031129 188 188 188
v -2.718307 2.559883 3.326629 188 188 188
v -2.514347 2.760361 3.326629 188 188 188
v -2.445465 3.136887 3.031129 188 188 188
v -2.063465 3.111649 3.326629 188 188 188
v -1.564232 3.389999 3.326629 188 188 188
v -1.384930 3.728195 3.031129 188 188 188
v -1.666302 3.611313 3.031129 188 188 188
v -0.750561 3.657013 3.326629 188 188 188
v -0.183453 3.728592 3.326629 188 188 188
v -0.498909 3.945465 3.031129 188 188 188
v -0.468380 3.703674 3.326629 188 188 188
v 0.413319 3.955177 3.031129 188 188 188
v 0.714912 3.911873 3.031129 188 188 188
v 1.012310 3.845627 3.031129 188 188 188
v 0.950222 3.609947 3.326629 188 188 188
v 1.223816 3.526573 3.326629 188 188 188
v 1.490219 3.422508 3.326629 188 188 188
v 1.587559 3.645935 3.031129 188 188 188
v 1.747875 3.298347 3.326629 188 188 188
v 2.125580 3.360802 3.031129 188 188 188
v 1.862034 3.513680 3.031129 188 188 188
v 1.995266 3.154839 3.326629 188 188 188
v 2.613758 2.996887 3.031129 188 188 188
v 2.453526 2.813225 3.326629 188 188 188
v 2.661705 2.617126 3.326629 188 188 188
v 3.030064 2.180107 3.326629 188 188 188
v 3.544659 1.802444 3.031129 188 188 188
v 3.447151 1.432304 3.326629 188 188 188
v 3.625408 0.889290 3.326629 188 188 188
v 3.862144 0.947342 3.031129 188 188 188
v 3.546688 1.164207 3.326629 188 188 188
v 3.923336 0.648911 3.031129 188 188 188
v 3.432011 -0.492714 3.602609 188 188 188
v 3.724754 -0.246056 3.326629 188 188 188
v 3.694977 -0.530464 3.326629 188 188 188
v 3.384209 -0.753998 3.602609 188 188 188
v 3.570667 -1.088295 3.326629 188 188 188
v 3.476856 -1.358444 3.326629 188 188 188
v 3.316544 -1.010857 3.602609 188 188 188
v 3.229408 -1.261780 3.602609 188 188 188
v 2.856873 -1.964462 3.602609 188 188 188
v 2.904823 -2.344223 3.326629 188 188 188
v 3.075783 -2.114960 3.326629 188 188 188
v 2.698078 -2.177406 3.602609 188 188 188
v 2.716808 -2.559715 3.326629 188 188 188
v 2.333996 -2.563789 3.602609 188 188 188
v 2.061966 -3.111488 3.326629 188 188 188
v 1.688293 -3.028244 3.602609 188 188 188
v 1.817684 -3.260231 3.326629 188 188 188
v 1.562729 -3.389839 3.326629 188 188 188
v 1.026852 -3.588730 3.326629 188 188 188
v 0.953735 -3.333366 3.602609 188 188 188
v 0.749065 -3.656853 3.326629 188 188 188
v 0.466885 -3.703506 3.326629 188 188 188
v 0.168957 -3.463127 3.602609 188 188 188
v -0.104042 -3.731468 3.326629 188 188 188
v -0.389439 -3.712616 3.326629 188 188 188
v -0.624748 -3.410690 3.602609 188 188 188
v -0.672550 -3.671974 3.326629 188 188 188
v -1.225311 -3.526413 3.326629 188 188 188
v -1.138180 -3.275482 3.602609 188 188 188
v -1.749371 -3.298180 3.326629 188 188 188
v -1.854736 -2.930199 3.602609 188 188 188
v -1.996761 -3.154671 3.326629 188 188 188
v -2.073643 -2.779701 3.602609 188 188 188
v -2.232441 -2.992653 3.326629 188 188 188
v -2.280392 -2.612900 3.602609 188 188 188
v -2.815903 -2.024826 3.602609 188 188 188
v -3.328876 -1.691826 3.326629 188 188 188
v -3.092064 -1.571442 3.602609 188 188 188
v -3.203316 -1.330231 3.602609 188 188 188
v -3.548187 -1.164047 3.326629 188 188 188
v -3.626904 -0.889130 3.326629 188 188 188
v -3.422241 -0.565643 3.602609 188 188 188
v -3.455513 -0.302116 3.602609 188 188 188
v -3.720169 -0.325264 3.326629 188 188 188
v -3.468513 -0.036819 3.602609 188 188 188
v -3.433510 0.492874 3.602609 188 188 188
v -3.318039 1.011017 3.602609 188 188 188
v -3.645012 0.811920 3.326629 188 188 188
v -3.572163 1.088463 3.326629 188 188 188
v -3.000393 1.740158 3.602609 188 188 188
v -3.230183 1.873451 3.326629 188 188 188
v -2.858368 1.964622 3.602609 188 188 188
v -2.906319 2.344383 3.326629 188 188 188
v -2.524940 2.377747 3.602609 188 188 188
v -2.295639 2.944649 3.326629 188 188 188
v -2.132347 2.735123 3.602609 188 188 188
v -1.819180 3.260391 3.326629 188 188 188
v -1.916691 2.890244 3.602609 188 188 188
v -1.689789 3.028412 3.602609 188 188 188
v -1.300102 3.499718 3.326629 188 188 188
v -1.207645 3.250702 3.602609 188 188 188
v -1.028347 3.588898 3.326629 188 188 188
v -0.697212 3.396805 3.602609 188 188 188
v -0.170452 3.463295 3.602609 188 188 188
v 0.095200 3.466118 3.602609 188 188 188
v 0.387939 3.712784 3.326629 188 188 188
v 0.102547 3.731636 3.326629 188 188 188
v 0.671055 3.672134 3.326629 188 188 188
v 0.623253 3.410851 3.602609 188 188 188
v 1.136681 3.275642 3.602609 188 188 188
v 1.853237 2.930367 3.602609 188 188 188
v 2.230946 2.992813 3.326629 188 188 188
v 2.472260 2.430916 3.602609 188 188 188
v 2.854263 2.405678 3.326629 188 188 188
v 3.327381 1.691986 3.326629 188 188 188
v 3.188080 1.941742 3.326629 188 188 188
v 3.090569 1.571602 3.602609 188 188 188
v 3.682850 0.609146 3.326629 188 188 188
v 3.467018 0.036987 3.602609 188 188 188
v 3.459667 -0.228539 3.602609 188 188 188
v 3.105038 -0.691803 3.857448 188 188 188
v 2.865665 -1.381142 3.857448 188 188 188
v 2.998898 -1.739990 3.602609 188 188 188
v 3.123322 -1.505302 3.602609 188 188 188
v 2.523445 -2.377579 3.602609 188 188 188
v 2.130852 -2.734962 3.602609 188 188 188
v 1.955048 -2.509392 3.857448 188 188 188
v 1.757179 -2.651718 3.857448 188 188 188
v 1.915195 -2.890083 3.602609 188 188 188
v 1.331715 -2.888939 3.857448 188 188 188
v 1.206150 -3.250542 3.602609 188 188 188
v 1.451485 -3.148628 3.602609 188 188 188
v 0.875011 -3.058449 3.857448 188 188 188
v 0.695713 -3.396645 3.602609 188 188 188
v 0.397785 -3.156265 3.857448 188 188 188
v 0.433609 -3.439980 3.602609 188 188 188
v -0.361782 -3.448441 3.602609 188 188 188
v -0.096695 -3.465958 3.602609 188 188 188
v -0.884052 -3.352928 3.602609 188 188 188
v -1.044369 -3.005333 3.857448 188 188 188
v -1.271408 -2.916641 3.857448 188 188 188
v -1.624947 -3.063492 3.602609 188 188 188
v -1.385628 -3.178818 3.602609 188 188 188
v -1.701832 -2.688522 3.857448 188 188 188
v -2.473759 -2.430748 3.602609 188 188 188
v -2.433903 -2.050072 3.857448 188 188 188
v -2.652611 -2.234344 3.602609 188 188 188
v -2.962673 -1.803429 3.602609 188 188 188
v -3.024017 -0.992035 3.857448 188 188 188
v -3.295769 -1.081215 3.602609 188 188 188
v -3.368889 -0.825851 3.602609 188 188 188
v -3.170586 -0.277199 3.857448 188 188 188
v -3.461163 0.228699 3.602609 188 188 188
v -3.182514 -0.033775 3.857448 188 188 188
v -3.385708 0.754158 3.602609 188 188 188
v -3.106537 0.691971 3.857448 188 188 188
v -3.124817 1.505463 3.602609 188 188 188
v -3.230904 1.261948 3.602609 188 188 188
v -2.867161 1.381310 3.857448 188 188 188
v -2.752998 1.596642 3.857448 188 188 188
v -2.622692 1.802605 3.857448 188 188 188
v -2.316761 2.181648 3.857448 188 188 188
v -2.699574 2.177574 3.602609 188 188 188
v -2.142941 2.352501 3.857448 188 188 188
v -2.335495 2.563957 3.602609 188 188 188
v -1.758675 2.651886 3.857448 188 188 188
v -1.333210 2.889099 3.857448 188 188 188
v -1.452980 3.148788 3.602609 188 188 188
v -0.876511 3.058617 3.857448 188 188 188
v -0.955231 3.333534 3.602609 188 188 188
v -0.399284 3.156433 3.857448 188 188 188
v -0.639771 3.116661 3.857448 188 188 188
v -0.435104 3.440147 3.602609 188 188 188
v -0.156456 3.177673 3.857448 188 188 188
v 0.330509 3.164200 3.857448 188 188 188
v 0.360287 3.448608 3.602609 188 188 188
v 0.882557 3.353088 3.602609 188 188 188
v 1.384129 3.178986 3.602609 188 188 188
v 1.489494 2.810997 3.857448 188 188 188
v 1.623447 3.063660 3.602609 188 188 188
v 1.700333 2.688690 3.857448 188 188 188
v 2.278893 2.613052 3.602609 188 188 188
v 2.072147 2.779869 3.602609 188 188 188
v 2.090881 2.397560 3.857448 188 188 188
v 2.268299 2.230431 3.857448 188 188 188
v 2.814407 2.024994 3.602609 188 188 188
v 2.651112 2.234505 3.602609 188 188 188
v 2.716896 1.654846 3.857448 188 188 188
v 2.961178 1.803589 3.602609 188 188 188
v 3.294270 1.081383 3.602609 188 188 188
v 3.201820 1.330391 3.602609 188 188 188
v 3.089607 0.757896 3.857448 188 188 188
v 3.367393 0.826019 3.602609 188 188 188
v 3.420746 0.565811 3.602609 188 188 188
v 3.454018 0.302284 3.602609 188 188 188
v 3.169090 0.277359 3.857448 188 188 188
v 2.865559 0.250809 4.089648 188 188 188
v 3.181015 0.033943 3.857448 188 188 188
v 3.174274 -0.209679 3.857448 188 188 188
v 2.876347 0.030693 4.089648 188 188 188
v 3.148895 -0.452065 3.857448 188 188 188
v 3.042953 -0.927483 3.857448 188 188 188
v 2.963005 -1.157715 3.857448 188 188 188
v 2.487961 -1.443604 4.089648 188 188 188
v 2.751503 -1.596481 3.857448 188 188 188
v 2.475494 -1.997826 3.857448 188 188 188
v 2.621193 -1.802444 3.857448 188 188 188
v 2.238380 -1.806519 4.089648 188 188 188
v 2.315266 -2.181488 3.857448 188 188 188
v 2.141441 -2.352341 3.857448 188 188 188
v 1.767773 -2.269096 4.089648 188 188 188
v 1.400597 -2.512421 4.089648 188 188 188
v 1.204121 -2.612305 4.089648 188 188 188
v 1.548996 -2.778481 3.857448 188 188 188
v 1.106613 -2.982452 3.857448 188 188 188
v 0.791153 -2.765579 4.089648 188 188 188
v 0.638275 -3.116501 3.857448 188 188 188
v 0.577084 -2.818069 4.089648 188 188 188
v 0.140049 -2.873238 4.089648 188 188 188
v -0.088779 -3.180099 3.857448 188 188 188
v 0.154957 -3.177505 3.857448 188 188 188
v -0.332005 -3.164032 3.857448 188 188 188
v -0.573288 -3.129395 3.857448 188 188 188
v -0.811207 -3.076385 3.857448 188 188 188
v -0.733597 -2.781799 4.089648 188 188 188
v -0.944435 -2.717552 4.089648 188 188 188
v -1.490993 -2.810829 3.857448 188 188 188
v -1.902683 -2.550438 3.857448 188 188 188
v -1.538940 -2.431076 4.089648 188 188 188
v -1.720562 -2.306213 4.089648 188 188 188
v -1.892094 -2.167816 4.089648 188 188 188
v -2.092377 -2.397392 3.857448 188 188 188
v -2.269798 -2.230270 3.857448 188 188 188
v -2.583725 -1.857826 3.857448 188 188 188
v -2.336391 -1.679924 4.089648 188 188 188
v -2.718391 -1.654678 3.857448 188 188 188
v -2.458164 -1.496231 4.089648 188 188 188
v -2.837112 -1.441833 3.857448 188 188 188
v -2.939186 -1.220512 3.857448 188 188 188
v -2.657814 -1.103630 4.089648 188 188 188
v -3.091103 -0.757736 3.857448 188 188 188
v -3.140057 -0.518990 3.857448 188 188 188
v -2.795185 -0.685173 4.089648 188 188 188
v -2.867054 -0.250648 4.089648 188 188 188
v -2.839451 -0.469284 4.089648 188 188 188
v -2.871746 0.189758 4.089648 188 188 188
v -3.175770 0.209846 3.857448 188 188 188
v -3.150391 0.452232 3.857448 188 188 188
v -2.848797 0.408936 4.089648 188 188 188
v -2.752995 0.838821 4.089648 188 188 188
v -3.044449 0.927643 3.857448 188 188 188
v -2.809139 0.625717 4.089648 188 188 188
v -2.964500 1.157875 3.857448 188 188 188
v -2.592690 1.249054 4.089648 188 188 188
v -2.239876 1.806679 4.089648 188 188 188
v -2.476994 1.997993 3.857448 188 188 188
v -1.769268 2.269264 4.089648 188 188 188
v -1.956547 2.509560 3.857448 188 188 188
v -1.550491 2.778648 3.857448 188 188 188
v -1.402092 2.512589 4.089648 188 188 188
v -1.205620 2.612465 4.089648 188 188 188
v -1.108109 2.982605 3.857448 188 188 188
v -0.792652 2.765747 4.089648 188 188 188
v -0.578583 2.818237 4.089648 188 188 188
v 0.078857 2.875740 4.089648 188 188 188
v 0.087284 3.180267 3.857448 188 188 188
v -0.141548 2.873398 4.089648 188 188 188
v 0.298790 2.861214 4.089648 188 188 188
v 0.571789 3.129555 3.857448 188 188 188
v 0.732101 2.781967 4.089648 188 188 188
v 0.942940 2.717712 4.089648 188 188 188
v 1.042873 3.005493 3.857448 188 188 188
v 0.809708 3.076553 3.857448 188 188 188
v 1.269913 2.916809 3.857448 188 188 188
v 1.537445 2.431244 4.089648 188 188 188
v 1.346794 2.541840 4.089648 188 188 188
v 1.901188 2.550606 3.857448 188 188 188
v 2.432404 2.050224 3.857448 188 188 188
v 2.582230 1.857994 3.857448 188 188 188
v 2.564018 1.303917 4.089648 188 188 188
v 2.937691 1.220680 3.857448 188 188 188
v 2.835613 1.441994 3.857448 188 188 188
v 3.022518 0.992203 3.857448 188 188 188
v 3.138561 0.519150 3.857448 188 188 188
v 2.554787 0.027267 4.297849 188 188 188
v 2.847301 -0.408775 4.089648 188 188 188
v 2.870251 -0.189590 4.089648 188 188 188
v 2.549374 -0.168396 4.297849 188 188 188
v 2.751499 -0.838661 4.089648 188 188 188
v 2.807644 -0.625557 4.089648 188 188 188
v 2.591194 -1.248886 4.089648 188 188 188
v 2.679211 -1.046844 4.089648 188 188 188
v 2.379688 -0.929840 4.297849 188 188 188
v 2.370125 -1.629837 4.089648 188 188 188
v 2.209816 -1.282249 4.297849 188 188 188
v 1.859432 -1.752113 4.297849 188 188 188
v 2.093494 -1.972588 4.089648 188 188 188
v 1.936314 -2.127083 4.089648 188 188 188
v 1.570114 -2.015480 4.297849 188 188 188
v 1.588848 -2.397797 4.089648 188 188 188
v 1.243977 -2.231613 4.297849 188 188 188
v 1.069462 -2.320335 4.297849 188 188 188
v 0.888664 -2.395432 4.297849 188 188 188
v 1.000572 -2.696846 4.089648 188 188 188
v 0.512505 -2.503105 4.297849 188 188 188
v 0.359627 -2.854027 4.089648 188 188 188
v -0.080353 -2.875580 4.089648 188 188 188
v -0.300285 -2.861053 4.089648 188 188 188
v -0.460602 -2.513458 4.297849 188 188 188
v -0.518459 -2.829727 4.089648 188 188 188
v -0.651691 -2.470886 4.297849 188 188 188
v -0.838966 -2.413811 4.297849 188 188 188
v -1.149738 -2.637352 4.089648 188 188 188
v -1.348293 -2.541672 4.089648 188 188 188
v -1.528347 -2.048454 4.297849 188 188 188
v -2.052525 -2.016701 4.089648 188 188 188
v -2.200912 -1.853752 4.089648 188 188 188
v -1.955013 -1.646553 4.297849 188 188 188
v -2.565514 -1.303757 4.089648 188 188 188
v -2.183514 -1.328995 4.297849 188 188 188
v -2.734520 -0.897041 4.089648 188 188 188
v -2.482868 -0.608582 4.297849 188 188 188
v -2.522182 -0.416824 4.297849 188 188 188
v -2.546707 -0.222618 4.297849 188 188 188
v -2.556290 -0.027115 4.297849 188 188 188
v -2.877842 -0.030533 4.089648 188 188 188
v -2.550869 0.168564 4.297849 188 188 188
v -2.445396 0.745079 4.297849 188 188 188
v -2.680706 1.047005 4.089648 188 188 188
v -2.381184 0.929993 4.297849 188 188 188
v -2.303001 1.109459 4.297849 188 188 188
v -2.371624 1.630005 4.089648 188 188 188
v -2.489456 1.443756 4.089648 188 188 188
v -2.094990 1.972748 4.089648 188 188 188
v -1.937813 2.127251 4.089648 188 188 188
v -1.571609 2.015648 4.297849 188 188 188
v -1.412682 2.129967 4.297849 188 188 188
v -1.590343 2.397964 4.089648 188 188 188
v -1.002075 2.697014 4.089648 188 188 188
v -0.704147 2.456635 4.297849 188 188 188
v -0.514000 2.503265 4.297849 188 188 188
v -0.125813 2.552261 4.297849 188 188 188
v -0.361122 2.854187 4.089648 188 188 188
v -0.320843 2.535202 4.297849 188 188 188
v 0.265312 2.541443 4.297849 188 188 188
v 0.516964 2.829895 4.089648 188 188 188
v 0.459103 2.513626 4.297849 188 188 188
v 0.650196 2.471046 4.297849 188 188 188
v 1.148239 2.637512 4.089648 188 188 188
v 1.019825 2.342743 4.297849 188 188 188
v 1.719067 2.306381 4.089648 188 188 188
v 1.526852 2.048622 4.297849 188 188 188
v 1.679214 1.925690 4.297849 188 188 188
v 1.821712 1.791466 4.297849 188 188 188
v 2.051025 2.016869 4.089648 188 188 188
v 1.890594 2.167984 4.089648 188 188 188
v 1.953518 1.646721 4.297849 188 188 188
v 2.334896 1.680084 4.089648 188 188 188
v 2.199417 1.853920 4.089648 188 188 188
v 2.073853 1.492325 4.297849 188 188 188
v 2.182018 1.329155 4.297849 188 188 188
v 2.456669 1.496391 4.089648 188 188 188
v 2.359356 0.980446 4.297849 188 188 188
v 2.277370 1.158195 4.297849 188 188 188
v 2.656319 1.103798 4.089648 188 188 188
v 2.427486 0.796928 4.297849 188 188 188
v 2.733025 0.897194 4.089648 188 188 188
v 2.793690 0.685341 4.089648 188 188 188
v 2.837955 0.469452 4.089648 188 188 188
v 2.520687 0.416985 4.297849 188 188 188
v 2.209919 0.193459 4.480828 188 188 188
v 2.218235 0.023689 4.480828 188 188 188
v 2.528992 -0.363083 4.297849 188 188 188
v 2.493767 -0.555626 4.297849 188 188 188
v 2.165249 -0.482437 4.480828 188 188 188
v 2.443901 -0.744911 4.297849 188 188 188
v 2.066193 -0.807373 4.480828 188 188 188
v 2.301506 -1.109291 4.297849 188 188 188
v 1.918694 -1.113365 4.480828 188 188 188
v 2.105148 -1.447670 4.297849 188 188 188
v 1.726200 -1.393265 4.480828 188 188 188
v 1.988125 -1.604599 4.297849 188 188 188
v 1.719822 -1.889343 4.297849 188 188 188
v 1.363235 -1.750046 4.480828 188 188 188
v 1.225243 -1.849304 4.480828 188 188 188
v 1.411186 -2.129799 4.297849 188 188 188
v 0.928516 -2.014740 4.480828 188 188 188
v 1.080051 -1.937714 4.480828 188 188 188
v 0.702644 -2.456482 4.297849 188 188 188
v 0.319347 -2.535042 4.297849 188 188 188
v 0.277195 -2.201180 4.480828 188 188 188
v 0.107845 -2.215988 4.480828 188 188 188
v 0.124317 -2.552101 4.297849 188 188 188
v -0.062145 -2.217796 4.480828 188 188 188
v -0.231770 -2.206596 4.480828 188 188 188
v -0.266808 -2.541275 4.297849 188 188 188
v -0.071453 -2.554184 4.297849 188 188 188
v -0.728577 -2.095917 4.480828 188 188 188
v -0.886917 -2.034058 4.480828 188 188 188
v -1.197685 -2.257591 4.297849 188 188 188
v -1.021320 -2.342583 4.297849 188 188 188
v -1.040054 -1.960274 4.480828 188 188 188
v -1.327171 -1.778671 4.480828 188 188 188
v -1.367027 -2.159355 4.297849 188 188 188
v -1.187096 -1.874969 4.480828 188 188 188
v -1.680710 -1.925529 4.297849 188 188 188
v -1.583199 -1.555382 4.480828 188 188 188
v -1.823208 -1.791306 4.297849 188 188 188
v -1.697647 -1.429703 4.480828 188 188 188
v -1.802135 -1.295639 4.480828 188 188 188
v -2.075348 -1.492157 4.297849 188 188 188
v -1.896053 -1.153969 4.480828 188 188 188
v -1.978848 -1.005516 4.480828 188 188 188
v -2.050034 -0.851166 4.480828 188 188 188
v -2.360851 -0.980278 4.297849 188 188 188
v -2.278866 -1.158035 4.297849 188 188 188
v -2.428982 -0.796768 4.297849 188 188 188
v -2.109196 -0.691826 4.480828 188 188 188
v -2.190121 -0.361923 4.480828 188 188 188
v -2.211414 -0.193291 4.480828 188 188 188
v -2.215031 0.146370 4.480828 188 188 188
v -2.530487 0.363243 4.297849 188 188 188
v -2.495262 0.555794 4.297849 188 188 188
v -1.999805 0.963364 4.480828 188 188 188
v -2.211311 1.282410 4.297849 188 188 188
v -2.106644 1.447830 4.297849 188 188 188
v -1.920189 1.113533 4.480828 188 188 188
v -1.829311 1.257172 4.480828 188 188 188
v -1.860928 1.752281 4.297849 188 188 188
v -1.989620 1.604767 4.297849 188 188 188
v -1.721317 1.889511 4.297849 188 188 188
v -1.364738 1.750206 4.480828 188 188 188
v -1.226738 1.849464 4.480828 188 188 188
v -0.930016 2.014908 4.480828 188 188 188
v -1.070957 2.320496 4.297849 188 188 188
v -1.245472 2.231773 4.297849 188 188 188
v -0.890160 2.395599 4.297849 188 188 188
v -0.446407 2.173607 4.480828 188 188 188
v -0.109341 2.216148 4.480828 188 188 188
v 0.069958 2.554344 4.297849 188 188 188
v 0.060646 2.217957 4.480828 188 188 188
v 0.398544 2.182602 4.480828 188 188 188
v 0.564468 2.145638 4.480828 188 188 188
v 0.837471 2.413979 4.297849 188 188 188
v 0.885422 2.034225 4.480828 188 188 188
v 1.185600 1.875137 4.480828 188 188 188
v 1.365532 2.159523 4.297849 188 188 188
v 1.196190 2.257759 4.297849 188 188 188
v 1.038559 1.960426 4.480828 188 188 188
v 1.457970 1.672096 4.480828 188 188 188
v 1.696152 1.429863 4.480828 188 188 188
v 1.894558 1.154121 4.480828 188 188 188
v 1.977352 1.005684 4.480828 188 188 188
v 2.048538 0.851334 4.480828 188 188 188
v 2.481369 0.608749 4.297849 188 188 188
v 2.545212 0.222786 4.297849 188 188 188
v 1.861656 0.162994 4.637513 188 188 188
v 1.864700 -0.123161 4.637513 188 188 188
v 1.849792 -0.265579 4.637513 188 188 188
v 2.213535 -0.146210 4.480828 188 188 188
v 2.195839 -0.315247 4.480828 188 188 188
v 1.824020 -0.406425 4.637513 188 188 188
v 2.121948 -0.646805 4.480828 188 188 188
v 1.998310 -0.963196 4.480828 188 188 188
v 1.683384 -0.811447 4.637513 188 188 188
v 1.616310 -0.937958 4.637513 188 188 188
v 1.827812 -1.257004 4.480828 188 188 188
v 1.614456 -1.521355 4.480828 188 188 188
v 1.359997 -1.281677 4.637513 188 188 188
v 1.493229 -1.640511 4.480828 188 188 188
v 1.257870 -1.382057 4.637513 188 188 188
v 0.909786 -1.632431 4.637513 188 188 188
v 0.782124 -1.697334 4.637513 188 188 188
v 0.649868 -1.752266 4.637513 188 188 188
v 0.771534 -2.079956 4.480828 188 188 188
v 0.444912 -2.173439 4.480828 188 188 188
v 0.610016 -2.132957 4.480828 188 188 188
v 0.233406 -1.854393 4.637513 188 188 188
v 0.090733 -1.866875 4.637513 188 188 188
v -0.052471 -1.868401 4.637513 188 188 188
v -0.195374 -1.858955 4.637513 188 188 188
v -0.565968 -2.145470 4.480828 188 188 188
v -0.400040 -2.182442 4.480828 188 188 188
v -0.337135 -1.838608 4.637513 188 188 188
v -0.876324 -1.651436 4.637513 188 188 188
v -1.118210 -1.498451 4.637513 188 188 188
v -1.459465 -1.671936 4.480828 188 188 188
v -1.229660 -1.408531 4.637513 188 188 188
v -1.430317 -1.204460 4.637513 188 188 188
v -1.333904 -1.310341 4.637513 188 188 188
v -1.597473 -0.972153 4.637513 188 188 188
v -1.816452 -0.445168 4.637513 188 188 188
v -2.155983 -0.528427 4.480828 188 188 188
v -1.777035 -0.582825 4.637513 188 188 188
v -1.845215 -0.304893 4.637513 188 188 188
v -1.870159 -0.019814 4.637513 188 188 188
v -2.219734 -0.023529 4.480828 188 188 188
v -2.197334 0.315414 4.480828 188 188 188
v -2.123444 0.646965 4.480828 188 188 188
v -2.166744 0.482605 4.480828 188 188 188
v -2.067692 0.807533 4.480828 188 188 188
v -1.789040 0.545059 4.637513 188 188 188
v -1.684879 0.811600 4.637513 188 188 188
v -1.541241 1.059128 4.637513 188 188 188
v -1.455635 1.173927 4.637513 188 188 188
v -1.615952 1.521523 4.480828 188 188 188
v -1.727695 1.393433 4.480828 188 188 188
v -1.259369 1.382225 4.637513 188 188 188
v -1.149857 1.474503 4.637513 188 188 188
v -1.494724 1.640678 4.480828 188 188 188
v -1.081547 1.937874 4.480828 188 188 188
v -0.911282 1.632599 4.637513 188 188 188
v -0.773029 2.080116 4.480828 188 188 188
v -0.783619 1.697495 4.637513 188 188 188
v -0.515289 1.797089 4.637513 188 188 188
v -0.611511 2.133125 4.480828 188 188 188
v -0.376202 1.831192 4.637513 188 188 188
v -0.278690 2.201340 4.480828 188 188 188
v -0.092236 1.867043 4.637513 188 188 188
v 0.050976 1.868561 4.637513 188 188 188
v 0.230274 2.206757 4.480828 188 188 188
v 0.727081 2.096077 4.480828 188 188 188
v 0.612419 1.765884 4.637513 188 188 188
v 1.325676 1.778839 4.480828 188 188 188
v 1.116714 1.498619 4.637513 188 188 188
v 1.228165 1.408691 4.637513 188 188 188
v 1.332409 1.310501 4.637513 188 188 188
v 1.428822 1.204628 4.637513 188 188 188
v 1.581703 1.555542 4.480828 188 188 188
v 1.800640 1.295799 4.480828 188 188 188
v 1.595970 0.972321 4.637513 188 188 188
v 1.725697 0.717232 4.637513 188 188 188
v 1.665726 0.847260 4.637513 188 188 188
v 2.107697 0.691994 4.480828 188 188 188
v 1.775536 0.582993 4.637513 188 188 188
v 2.154484 0.528587 4.480828 188 188 188
v 1.843716 0.305061 4.637513 188 188 188
v 2.188625 0.362083 4.480828 188 188 188
v 1.868664 0.019974 4.637513 188 188 188
v 1.787544 -0.544899 4.637513 188 188 188
v 1.740570 -0.680168 4.637513 188 188 188
v 1.442642 -0.439789 4.766984 188 188 188
v 1.358570 -0.654930 4.766984 188 188 188
v 1.539745 -1.058968 4.637513 188 188 188
v 1.242634 -0.854713 4.766984 188 188 188
v 1.454140 -1.173767 4.637513 188 188 188
v 1.097557 -1.034470 4.766984 188 188 188
v 0.926735 -1.189972 4.766984 188 188 188
v 1.148357 -1.474335 4.637513 188 188 188
v 1.032101 -1.557953 4.637513 188 188 188
v 0.832901 -1.257462 4.766984 188 188 188
v 0.734173 -1.317581 4.766984 188 188 188
v 0.524387 -1.414307 4.766984 188 188 188
v 0.513794 -1.796928 4.637513 188 188 188
v 0.374702 -1.831032 4.637513 188 188 188
v 0.302288 -1.477875 4.766984 188 188 188
v 0.188244 -1.496727 4.766984 188 188 188
v 0.073090 -1.506798 4.766984 188 188 188
v -0.476925 -1.807465 4.637513 188 188 188
v -0.385086 -1.458855 4.766984 188 188 188
v -0.495659 -1.425156 4.766984 188 188 188
v -0.613914 -1.765717 4.637513 188 188 188
v -0.603321 -1.383095 4.766984 188 188 188
v -0.707458 -1.332916 4.766984 188 188 188
v -0.747311 -1.713608 4.637513 188 188 188
v -1.000198 -1.579582 4.637513 188 188 188
v -1.154606 -0.972145 4.766984 188 188 188
v -1.518349 -1.091507 4.637513 188 188 188
v -1.667221 -0.847092 4.637513 188 188 188
v -1.394222 -0.578751 4.766984 188 188 188
v -1.727192 -0.717064 4.637513 188 188 188
v -1.434452 -0.470398 4.766984 188 188 188
v -1.489479 -0.246078 4.766984 188 188 188
v -1.863152 -0.162827 4.637513 188 188 188
v -1.503956 -0.131409 4.766984 188 188 188
v -1.509613 -0.015976 4.766984 188 188 188
v -1.494381 0.214500 4.766984 188 188 188
v -1.866196 0.123322 4.637513 188 188 188
v -1.851288 0.265732 4.637513 188 188 188
v -1.473583 0.328194 4.766984 188 188 188
v -1.825516 0.406586 4.637513 188 188 188
v -1.742065 0.680328 4.637513 188 188 188
v -1.617805 0.938118 4.637513 188 188 188
v -1.305931 0.757210 4.766984 188 188 188
v -1.244133 0.854881 4.766984 188 188 188
v -1.175037 0.947540 4.766984 188 188 188
v -1.361492 1.281837 4.637513 188 188 188
v -1.033596 1.558113 4.637513 188 188 188
v -0.735668 1.317734 4.766984 188 188 188
v -0.632629 1.370125 4.766984 188 188 188
v -0.651363 1.752434 4.637513 188 188 188
v -0.234901 1.854561 4.637513 188 188 188
v -0.189739 1.496895 4.766984 188 188 188
v 0.193878 1.859123 4.637513 188 188 188
v 0.156338 1.500580 4.766984 188 188 188
v 0.335640 1.838768 4.637513 188 188 188
v 0.475430 1.807625 4.637513 188 188 188
v 0.874828 1.651604 4.637513 188 188 188
v 0.745815 1.713768 4.637513 188 188 188
v 0.998703 1.579742 4.637513 188 188 188
v 0.705959 1.333084 4.766984 188 188 188
v 0.901192 1.209602 4.766984 188 188 188
v 1.075287 1.057762 4.766984 188 188 188
v 1.288021 0.784805 4.766984 188 188 188
v 1.516853 1.091675 4.637513 188 188 188
v 1.392723 0.578918 4.766984 188 188 188
v 1.814957 0.445328 4.637513 188 188 188
v 1.487984 0.246239 4.766984 188 188 188
v 1.134449 0.099380 4.868478 188 188 188
v 1.508118 0.016136 4.766984 188 188 188
v 1.136303 -0.075035 4.868478 188 188 188
v 1.127213 -0.161842 4.868478 188 188 188
v 1.492886 -0.214333 4.766984 188 188 188
v 1.504921 -0.099396 4.766984 188 188 188
v 1.472088 -0.328026 4.766984 188 188 188
v 1.089275 -0.332100 4.868478 188 188 188
v 1.404732 -0.548973 4.766984 188 188 188
v 0.984901 -0.571686 4.868478 188 188 188
v 1.304432 -0.757050 4.766984 188 188 188
v 1.173542 -0.947372 4.766984 188 188 188
v 0.938232 -0.645447 4.868478 188 188 188
v 1.015125 -1.115486 4.766984 188 188 188
v 0.766418 -0.842377 4.868478 188 188 188
v 0.628807 -0.949593 4.868478 188 188 188
v 0.554253 -0.994987 4.868478 188 188 188
v 0.631134 -1.369957 4.766984 188 188 188
v 0.476437 -1.034546 4.868478 188 188 188
v 0.395824 -1.068031 4.868478 188 188 188
v 0.414558 -1.450340 4.766984 188 188 188
v 0.312881 -1.095253 4.868478 188 188 188
v 0.228104 -1.116035 4.868478 188 188 188
v -0.032276 -1.138817 4.868478 188 188 188
v -0.042496 -1.508026 4.766984 188 188 188
v 0.055012 -1.137886 4.868478 188 188 188
v -0.157841 -1.500412 4.766984 188 188 188
v -0.205784 -1.120651 4.868478 188 188 188
v -0.290993 -1.101677 4.868478 188 188 188
v -0.272255 -1.483986 4.766984 188 188 188
v -0.374496 -1.076233 4.868478 188 188 188
v -0.807442 -1.274918 4.766984 188 188 188
v -0.609947 -0.962769 4.868478 188 188 188
v -0.681877 -0.913322 4.868478 188 188 188
v -0.992645 -1.136848 4.766984 188 188 188
v -0.902691 -1.209435 4.766984 188 188 188
v -1.076782 -1.057602 4.766984 188 188 188
v -0.749809 -0.858505 4.868478 188 188 188
v -0.925774 -0.665283 4.868478 188 188 188
v -1.225655 -0.880981 4.766984 188 188 188
v -1.345814 -0.683708 4.766984 188 188 188
v -1.289516 -0.784645 4.766984 188 188 188
v -1.053074 -0.437042 4.868478 188 188 188
v -1.466267 -0.359299 4.766984 188 188 188
v -1.135944 -0.099220 4.868478 188 188 188
v -1.506416 0.099556 4.766984 188 188 188
v -1.140213 -0.012047 4.868478 188 188 188
v -1.137798 0.075203 4.868478 188 188 188
v -1.113003 0.247864 4.868478 188 188 188
v -1.090771 0.332268 4.868478 188 188 188
v -1.406227 0.549126 4.766984 188 188 188
v -1.444138 0.439957 4.766984 188 188 188
v -1.360065 0.655090 4.766984 188 188 188
v -1.027279 0.494736 4.868478 188 188 188
v -1.099052 1.034630 4.766984 188 188 188
v -0.830166 0.781349 4.868478 188 188 188
v -0.767918 0.842545 4.868478 188 188 188
v -1.016621 1.115654 4.766984 188 188 188
v -0.928230 1.190132 4.766984 188 188 188
v -0.834396 1.257629 4.766984 188 188 188
v -0.477936 1.034706 4.868478 188 188 188
v -0.416054 1.450500 4.766984 188 188 188
v -0.525883 1.414467 4.766984 188 188 188
v -0.397320 1.068192 4.868478 188 188 188
v -0.314381 1.095413 4.868478 188 188 188
v -0.303787 1.478043 4.766984 188 188 188
v -0.074589 1.506966 4.766984 188 188 188
v -0.143475 1.130447 4.868478 188 188 188
v 0.030781 1.138977 4.868478 188 188 188
v 0.040997 1.508194 4.766984 188 188 188
v 0.204288 1.120819 4.868478 188 188 188
v 0.270760 1.484154 4.766984 188 188 188
v 0.383587 1.459015 4.766984 188 188 188
v 0.601826 1.383255 4.766984 188 188 188
v 0.494160 1.425316 4.766984 188 188 188
v 0.454304 1.044624 4.868478 188 188 188
v 0.805943 1.275078 4.766984 188 188 188
v 0.680382 0.913483 4.868478 188 188 188
v 0.991150 1.137016 4.766984 188 188 188
v 0.811852 0.798820 4.868478 188 188 188
v 1.153111 0.972313 4.766984 188 188 188
v 1.224159 0.881142 4.766984 188 188 188
v 0.924278 0.665436 4.868478 188 188 188
v 1.344318 0.683868 4.766984 188 188 188
v 1.081955 0.355385 4.868478 188 188 188
v 1.464771 0.359459 4.766984 188 188 188
v 1.432957 0.470566 4.766984 188 188 188
v 1.105980 0.271469 4.868478 188 188 188
v 1.502460 0.131569 4.766984 188 188 188
v 1.138718 0.012207 4.868478 188 188 188
v 0.762630 0.008202 4.941403 188 188 188
v 1.111507 -0.247704 4.868478 188 188 188
v 0.744400 -0.165916 4.941403 188 188 188
v 1.060642 -0.414551 4.868478 188 188 188
v 0.729507 -0.222458 4.941403 188 188 188
v 1.025784 -0.494576 4.868478 188 188 188
v 0.686974 -0.331306 4.941403 188 188 188
v 0.886055 -0.715416 4.868478 188 188 188
v 0.828671 -0.781189 4.868478 188 188 188
v 0.593361 -0.479256 4.941403 188 188 188
v 0.513214 -0.564316 4.941403 188 188 188
v 0.699669 -0.898621 4.868478 188 188 188
v 0.468491 -0.601997 4.941403 188 188 188
v 0.421017 -0.636147 4.941403 188 188 188
v 0.209370 -0.733727 4.941403 188 188 188
v 0.152569 -0.747658 4.941403 188 188 188
v 0.141979 -1.130280 4.868478 188 188 188
v 0.036610 -0.762299 4.941403 188 188 188
v -0.119377 -1.133057 4.868478 188 188 188
v -0.138111 -0.750755 4.941403 188 188 188
v -0.195198 -0.738029 4.941403 188 188 188
v -0.251137 -0.720985 4.941403 188 188 188
v -0.455803 -1.044464 4.868478 188 188 188
v -0.305607 -0.699707 4.941403 188 188 188
v -0.358295 -0.674324 4.941403 188 188 188
v -0.534439 -1.006569 4.868478 188 188 188
v -0.457069 -0.611847 4.941403 188 188 188
v -0.872120 -0.734123 4.868478 188 188 188
v -0.813347 -0.798660 4.868478 188 188 188
v -0.974003 -0.592529 4.868478 188 188 188
v -0.652771 -0.396935 4.941403 188 188 188
v -1.016514 -0.516304 4.868478 188 188 188
v -0.705750 -0.292770 4.941403 188 188 188
v -1.107479 -0.271309 4.868478 188 188 188
v -1.083450 -0.355217 4.868478 188 188 188
v -0.753941 -0.124458 4.941403 188 188 188
v -1.125008 -0.185806 4.868478 188 188 188
v -0.761265 -0.066444 4.941403 188 188 188
v -0.762508 0.050415 4.941403 188 188 188
v -0.764126 -0.008041 4.941403 188 188 188
v -0.756424 0.108559 4.941403 188 188 188
v -1.128712 0.162003 4.868478 188 188 188
v -0.711823 0.277863 4.941403 188 188 188
v -1.062138 0.414711 4.868478 188 188 188
v -0.731003 0.222626 4.941403 188 188 188
v -0.986397 0.571854 4.868478 188 188 188
v -0.661079 0.383133 4.941403 188 188 188
v -0.887550 0.715584 4.868478 188 188 188
v -0.939728 0.645607 4.868478 188 188 188
v -0.594856 0.479424 4.941403 188 188 188
v -0.514709 0.564484 4.941403 188 188 188
v -0.469986 0.602165 4.941403 188 188 188
v -0.630302 0.949760 4.868478 188 188 188
v -0.701164 0.898781 4.868478 188 188 188
v -0.555748 0.995155 4.868478 188 188 188
v -0.372570 0.666718 4.941403 188 188 188
v -0.320435 0.693230 4.941403 188 188 188
v -0.266430 0.715660 4.941403 188 188 188
v -0.210865 0.733894 4.941403 188 188 188
v -0.229599 1.116203 4.868478 188 188 188
v -0.096367 0.757362 4.941403 188 188 188
v -0.038105 0.762459 4.941403 188 188 188
v -0.056511 1.138054 4.868478 188 188 188
v 0.117882 1.133224 4.868478 188 188 188
v 0.078728 0.759224 4.941403 188 188 188
v 0.136616 0.750916 4.941403 188 188 188
v 0.193699 0.738197 4.941403 188 188 188
v 0.289497 1.101845 4.868478 188 188 188
v 0.372997 1.076393 4.868478 188 188 188
v 0.249641 0.721153 4.941403 188 188 188
v 0.356796 0.674484 4.941403 188 188 188
v 0.532944 1.006737 4.868478 188 188 188
v 0.407383 0.645142 4.941403 188 188 188
v 0.608452 0.962936 4.868478 188 188 188
v 0.455574 0.612015 4.941403 188 188 188
v 0.501080 0.575294 4.941403 188 188 188
v 0.748314 0.858673 4.868478 188 188 188
v 0.543652 0.535194 4.941403 188 188 188
v 0.870625 0.734291 4.868478 188 188 188
v 0.972507 0.592697 4.868478 188 188 188
v 0.618965 0.445839 4.941403 188 188 188
v 1.015018 0.516464 4.868478 188 188 188
v 0.679760 0.346031 4.941403 188 188 188
v 1.051579 0.437210 4.868478 188 188 188
v 1.123512 0.185974 4.868478 188 188 188
v 0.759769 0.066612 4.941403 188 188 188
v 0.761013 -0.050247 4.941403 188 188 188
v 0.381252 -0.025154 4.985330 188 188 188
v 0.378201 -0.054321 4.985330 188 188 188
v 0.754925 -0.108406 4.941403 188 188 188
v 0.710323 -0.277702 4.941403 188 188 188
v 0.355835 -0.139221 4.985330 188 188 188
v 0.659580 -0.382973 4.941403 188 188 188
v 0.344124 -0.166100 4.985330 188 188 188
v 0.330387 -0.192009 4.985330 188 188 188
v 0.628315 -0.432388 4.941403 188 188 188
v 0.554920 -0.523331 4.941403 188 188 188
v 0.256989 -0.282951 4.985330 188 188 188
v 0.234562 -0.301842 4.985330 188 188 188
v 0.318939 -0.693062 4.941403 188 188 188
v 0.371067 -0.666565 4.941403 188 188 188
v 0.159569 -0.347504 4.985330 188 188 188
v 0.264935 -0.715492 4.941403 188 188 188
v 0.104618 -0.367905 4.985330 188 188 188
v 0.047203 -0.379677 4.985330 188 188 188
v 0.094872 -0.757202 4.941403 188 188 188
v 0.017986 -0.382233 4.985330 188 188 188
v -0.011341 -0.382545 4.985330 188 188 188
v -0.080223 -0.759064 4.941403 188 188 188
v -0.021870 -0.762917 4.941403 188 188 188
v -0.040600 -0.380608 4.985330 188 188 188
v -0.098259 -0.370064 4.985330 188 188 188
v -0.126312 -0.361519 4.985330 188 188 188
v -0.180046 -0.338112 4.985330 188 188 188
v -0.153625 -0.350838 4.985330 188 188 188
v -0.408878 -0.644981 4.941403 188 188 188
v -0.229580 -0.306786 4.985330 188 188 188
v -0.205410 -0.323395 4.985330 188 188 188
v -0.502579 -0.575127 4.941403 188 188 188
v -0.545147 -0.535034 4.941403 188 188 188
v -0.252399 -0.288368 4.985330 188 188 188
v -0.584518 -0.491798 4.941403 188 188 188
v -0.620468 -0.445671 4.941403 188 188 188
v -0.311520 -0.223450 4.985330 188 188 188
v -0.681255 -0.345863 4.941403 188 188 188
v -0.342007 -0.173401 4.985330 188 188 188
v -0.372566 -0.091095 4.985330 188 188 188
v -0.742195 -0.181732 4.941403 188 188 188
v -0.726101 -0.237953 4.941403 188 188 188
v -0.378452 -0.062370 4.985330 188 188 188
v -0.382748 0.025314 4.985330 188 188 188
v -0.379696 0.054482 4.985330 188 188 188
v -0.374420 0.083328 4.985330 188 188 188
v -0.745899 0.166084 4.941403 188 188 188
v -0.366951 0.111679 4.985330 188 188 188
v -0.357334 0.139381 4.985330 188 188 188
v -0.688469 0.331474 4.941403 188 188 188
v -0.331882 0.192177 4.985330 188 188 188
v -0.345619 0.166267 4.985330 188 188 188
v -0.629814 0.432549 4.941403 188 188 188
v -0.316204 0.216949 4.985330 188 188 188
v -0.298676 0.240456 4.985330 188 188 188
v -0.279400 0.262550 4.985330 188 188 188
v -0.556416 0.523491 4.941403 188 188 188
v -0.187202 0.334389 4.985330 188 188 188
v -0.422516 0.636307 4.941403 188 188 188
v -0.212254 0.319138 4.985330 188 188 188
v -0.133980 0.358925 4.985330 188 188 188
v -0.154064 0.747826 4.941403 188 188 188
v -0.048698 0.379837 4.985330 188 188 188
v 0.020370 0.763077 4.941403 188 188 188
v 0.068134 0.376602 4.985330 188 188 188
v 0.039104 0.380768 4.985330 188 188 188
v 0.124817 0.361679 4.985330 188 188 188
v 0.096764 0.370224 4.985330 188 188 188
v 0.304111 0.699875 4.941403 188 188 188
v 0.203915 0.323563 4.985330 188 188 188
v 0.178551 0.338280 4.985330 188 188 188
v 0.228085 0.306953 4.985330 188 188 188
v 0.250904 0.288528 4.985330 188 188 188
v 0.291996 0.246742 4.985330 188 188 188
v 0.583019 0.491959 4.941403 188 188 188
v 0.310024 0.223618 4.985330 188 188 188
v 0.651276 0.397095 4.941403 188 188 188
v 0.704254 0.292938 4.941403 188 188 188
v 0.724606 0.238113 4.941403 188 188 188
v 0.352787 0.146935 4.985330 188 188 188
v 0.371063 0.091255 4.985330 188 188 188
v 0.740700 0.181900 4.941403 188 188 188
v 0.752441 0.124619 4.941403 188 188 188
v 0.376957 0.062538 4.985330 188 188 188
v 0.380630 0.033447 4.985330 188 188 188

v 1.100994 4.620880 -4.999999 188 188 188
v 1.078087 4.882652 -4.999999 188 188 188
v 1.100994 4.620880 -4.999999 188 188 188
v 1.100994 4.620880 -0.249999 188 188 188
v 1.100994 4.620880 -0.249999 188 188 188
v 0.741150 4.692085 -0.249999 188 188 188
v 0.741150 4.692085 -0.249999 188 188 188
v -1.779789 4.404770 -0.249999 188 188 188
v 0.741150 4.692085 -0.249999 188 188 188
v -1.434601 4.528870 -0.249999 188 188 188
v 0.376881 4.735336 -0.249999 188 188 188
v 0.741150 4.692085 -4.999999 188 188 188
v 0.741150 4.692085 -0.249999 188 188 188
v 0.376881 4.735336 -0.249999 188 188 188
v 0.741150 4.692085 -4.999999 188 188 188
v 0.741150 4.692085 -4.999999 188 188 188
v 0.376881 4.735336 -4.999999 188 188 188
v 0.701462 4.950836 -4.999999 188 188 188
v 0.376881 4.735336 -4.999999 188 188 188
v 0.701462 4.950836 -4.999999 188 188 188
v 0.320728 4.990036 -4.999999 188 188 188
v 0.701462 4.950836 0.000001 188 188 188
v 0.320728 4.990036 -4.999999 188 188 188
v 0.320728 4.990036 0.000001 188 188 188
v 0.701462 4.950836 0.000001 188 188 188
v 0.701462 4.950836 0.000001 188 188 188
v 0.519512 4.969551 0.191515 188 188 188
v 0.701462 4.950836 0.000001 188 188 188
v 0.898464 4.915154 0.191515 188 188 188
v 1.078087 4.882652 0.000001 188 188 188
v 0.898464 4.915154 0.191515 188 188 188
v 1.078087 4.882652 0.000001 188 188 188
v 1.272137 4.831909 0.191515 188 188 188
v 1.078087 4.882652 0.000001 188 188 188
v 1.438461 4.788849 0.000001 188 188 188
v 2.248299 -4.466064 0.000001 188 188 188
v 1.438461 4.788849 0.000001 188 188 188
v 2.574440 -4.286369 0.000001 188 188 188
v 2.248299 -4.466064 0.000001 188 188 188
v 2.248299 -4.466064 0.000001 188 188 188
v 2.433235 -4.363861 0.191515 188 188 188
v 2.248299 -4.466064 0.000001 188 188 188
v 2.091976 -4.537346 0.191515 188 188 188
v 1.909691 -4.621002 0.000001 188 188 188
v 2.091976 -4.537346 0.191515 188 188 188
v 1.909691 -4.621002 0.000001 188 188 188
v 1.738441 -4.684204 0.191515 188 188 188
v 1.550636 -4.753540 0.000001 188 188 188
v 1.909691 -4.621002 0.000001 188 188 188
v 1.909691 -4.621002 0.000001 188 188 188
v 1.550636 -4.753540 -4.999999 188 188 188
v 1.909691 -4.621002 0.000001 188 188 188
v 1.909691 -4.621002 -4.999999 188 188 188
v 1.909691 -4.621002 -4.999999 188 188 188
v 1.886784 -4.359230 -0.249999 188 188 188
v 1.886784 -4.359230 -4.999999 188 188 188
v 1.886784 -4.359230 -0.249999 188 188 188
v 1.886784 -4.359230 -0.249999 188 188 188
v 1.544773 -4.491837 -4.999999 188 188 188
v 1.886784 -4.359230 -0.249999 188 188 188
v 1.544773 -4.491837 -0.249999 188 188 188
v 1.100994 4.620880 -0.249999 188 188 188
v 1.100994 4.620880 -0.249999 188 188 188
v 1.078087 4.882652 0.000001 188 188 188
v 1.886784 -4.359230 -0.249999 188 188 188
v 1.100994 4.620880 -0.249999 188 188 188
v 1.544773 -4.491837 -0.249999 188 188 188
v 1.100994 4.620880 -0.249999 188 188 188
v 1.193550 -4.597664 -0.249999 188 188 188
v 0.835209 -4.676094 -0.249999 188 188 188
v 1.100994 4.620880 -0.249999 188 188 188
v 1.100994 4.620880 -0.249999 188 188 188
v 0.471886 -4.726631 -0.249999 188 188 188
v 1.100994 4.620880 -0.249999 188 188 188
v 0.105740 -4.749001 -0.249999 188 188 188
v -0.261040 -4.743065 -0.249999 188 188 188
v 1.100994 4.620880 -0.249999 188 188 188
v 1.100994 4.620880 -0.249999 188 188 188
v -0.626266 -4.708847 -0.249999 188 188 188
v 1.100994 4.620880 -0.249999 188 188 188
v -3.307953 3.410545 -0.249999 188 188 188
v -3.034927 3.655495 -0.249999 188 188 188
v 1.100994 4.620880 -0.249999 188 188 188
v 1.100994 4.620880 -0.249999 188 188 188
v -2.743816 3.878654 -0.249999 188 188 188
v 1.100994 4.620880 -0.249999 188 188 188
v -2.436352 4.078690 -0.249999 188 188 188
v -2.436352 4.078690 -0.249999 188 188 188
v -2.114372 4.254410 -0.249999 188 188 188
v -2.114372 4.254410 -0.249999 188 188 188
v -2.114372 4.254410 -4.999999 188 188 188
v -2.114372 4.254410 -0.249999 188 188 188
v -1.779789 4.404770 -4.999999 188 188 188
v -1.779789 4.404770 -0.249999 188 188 188
v -1.779789 4.404770 -0.249999 188 188 188
v -1.779789 4.404770 -4.999999 188 188 188
v -1.434601 4.528870 -4.999999 188 188 188
v -1.779789 4.404770 -4.999999 188 188 188
v -1.566479 4.749008 -4.999999 188 188 188
v -1.779789 4.404770 -4.999999 188 188 188
v -1.566479 4.749008 -4.999999 188 188 188
v -1.925133 4.615379 -4.999999 188 188 188
v -1.566479 4.749008 0.000001 188 188 188
v -1.925133 4.615379 -4.999999 188 188 188
v -1.925133 4.615379 0.000001 188 188 188
v -1.566479 4.749008 0.000001 188 188 188
v -1.566479 4.749008 0.000001 188 188 188
v -1.739937 4.684364 0.191515 188 188 188
v -1.566479 4.749008 0.000001 188 188 188
v -1.376194 4.803726 0.191515 188 188 188
v -1.198650 4.854820 0.000001 188 188 188
v -1.376194 4.803726 0.191515 188 188 188
v -1.198650 4.854820 0.000001 188 188 188
v -1.004383 4.894905 0.191515 188 188 188
v -0.823811 4.932190 0.000001 188 188 188
v -1.198650 4.854820 0.000001 188 188 188
v -1.198650 4.854820 0.000001 188 188 188
v -1.198650 4.854820 -4.999999 188 188 188
v -1.566479 4.749008 -4.999999 188 188 188
v -0.823811 4.932190 0.000001 188 188 188
v -1.198650 4.854820 -4.999999 188 188 188
v -0.823811 4.932190 -4.999999 188 188 188
v -1.198650 4.854820 -4.999999 188 188 188
v -1.198650 4.854820 -4.999999 188 188 188
v -1.080864 4.625977 -4.999999 188 188 188
v -1.434601 4.528870 -4.999999 188 188 188
v -1.434601 4.528870 -0.249999 188 188 188
v -1.434601 4.528870 -4.999999 188 188 188
v -1.080864 4.625977 -4.999999 188 188 188
v -1.434601 4.528870 -0.249999 188 188 188
v -1.080864 4.625977 -4.999999 188 188 188
v -1.080864 4.625977 -0.249999 188 188 188
v -1.080864 4.625977 -4.999999 188 188 188
v -1.080864 4.625977 -0.249999 188 188 188
v -0.720692 4.695503 -4.999999 188 188 188
v -1.080864 4.625977 -0.249999 188 188 188
v -0.720692 4.695503 -0.249999 188 188 188
v 0.010361 4.750351 -0.249999 188 188 188
v -0.720692 4.695503 -0.249999 188 188 188
v -0.356224 4.737045 -0.249999 188 188 188
v 0.010361 4.750351 -0.249999 188 188 188
v 0.010361 4.750351 -0.249999 188 188 188
v 0.010361 4.750351 -4.999999 188 188 188
v 0.376881 4.735336 -4.999999 188 188 188
v -0.356224 4.737045 -0.249999 188 188 188
v 0.010361 4.750351 -4.999999 188 188 188
v 0.010361 4.750351 -4.999999 188 188 188
v -0.356224 4.737045 -4.999999 188 188 188
v -0.061890 5.000000 -4.999999 188 188 188
v -0.356224 4.737045 -4.999999 188 188 188
v -0.061890 5.000000 -4.999999 188 188 188
v -0.444149 4.980690 -4.999999 188 188 188
v -0.061890 5.000000 0.000001 188 188 188
v -0.444149 4.980690 -4.999999 188 188 188
v -0.444149 4.980690 0.000001 188 188 188
v -0.061890 5.000000 0.000001 188 188 188
v -0.061890 5.000000 0.000001 188 188 188
v -0.245300 4.990723 0.191515 188 188 188
v -0.061890 5.000000 0.000001 188 188 188
v 0.137512 4.994797 0.191515 188 188 188
v 0.320728 4.990036 0.000001 188 188 188
v -0.245300 4.990723 0.191515 188 188 188
v 0.137512 4.994797 0.191515 188 188 188
v 0.137512 4.994797 0.191515 188 188 188
v -0.243866 4.961426 0.573419 188 188 188
v 0.137512 4.994797 0.191515 188 188 188
v 0.136700 4.965477 0.573419 188 188 188
v 0.519512 4.969551 0.191515 188 188 188
v 0.519512 4.969551 0.191515 188 188 188
v 0.136700 4.965477 0.573419 188 188 188
v 0.516460 4.940392 0.573419 188 188 188
v 0.136700 4.965477 0.573419 188 188 188
v 0.135082 4.907036 0.951957 188 188 188
v 0.516460 4.940392 0.573419 188 188 188
v 0.516460 4.940392 0.573419 188 188 188
v 0.510376 4.882240 0.951957 188 188 188
v 0.510376 4.882240 0.951957 188 188 188
v 0.893188 4.886314 0.573419 188 188 188
v 0.893188 4.886314 0.573419 188 188 188
v 0.882664 4.828789 0.951957 188 188 188
v 0.882664 4.828789 0.951957 188 188 188
v 1.264664 4.803558 0.573419 188 188 188
v 1.264664 4.803558 0.573419 188 188 188
v 1.249771 4.747017 0.951957 188 188 188
v 1.249771 4.747017 0.951957 188 188 188
v 1.628716 4.692612 0.573419 188 188 188
v 1.628716 4.692612 0.573419 188 188 188
v 1.609535 4.637375 0.951957 188 188 188
v 1.609535 4.637375 0.951957 188 188 188
v 1.983208 4.554131 0.573419 188 188 188
v 1.983208 4.554131 0.573419 188 188 188
v 1.959854 4.500526 0.951957 188 188 188
v 1.959854 4.500526 0.951957 188 188 188
v 2.326057 4.388924 0.573419 188 188 188
v 2.326057 4.388924 0.573419 188 188 188
v 2.298668 4.337265 0.951957 188 188 188
v 2.298668 4.337265 0.951957 188 188 188
v 2.655251 4.197968 0.573419 188 188 188
v 2.655251 4.197968 0.573419 188 188 188
v 2.623985 4.148544 0.951957 188 188 188
v 2.623985 4.148544 0.951957 188 188 188
v 2.968853 3.982368 0.573419 188 188 188
v 2.968853 3.982368 0.573419 188 188 188
v 2.933899 3.935493 0.951957 188 188 188
v 2.933899 3.935493 0.951957 188 188 188
v 3.265034 3.743401 0.573419 188 188 188
v 3.265034 3.743401 0.573419 188 188 188
v 3.226593 3.699333 0.951957 188 188 188
v 3.226593 3.699333 0.951957 188 188 188
v 3.542049 3.482460 0.573419 188 188 188
v 3.542049 3.482460 0.573419 188 188 188
v 3.500347 3.441475 0.951957 188 188 188
v 3.500347 3.441475 0.951957 188 188 188
v 3.798275 3.201096 0.573419 188 188 188
v 3.798275 3.201096 0.573419 188 188 188
v 3.753555 3.163414 0.951957 188 188 188
v 3.753555 3.163414 0.951957 188 188 188
v 4.032204 2.900940 0.573419 188 188 188
v 4.032204 2.900940 0.573419 188 188 188
v 3.984730 2.866791 0.951957 188 188 188
v 3.984730 2.866791 0.951957 188 188 188
v 4.242466 2.583763 0.573419 188 188 188
v 4.242466 2.583763 0.573419 188 188 188
v 4.192516 2.553345 0.951957 188 188 188
v 4.192516 2.553345 0.951957 188 188 188
v 4.427830 2.251427 0.573419 188 188 188
v 4.427830 2.251427 0.573419 188 188 188
v 4.375702 2.224915 0.951957 188 188 188
v 4.375702 2.224915 0.951957 188 188 188
v 4.587204 1.905869 0.573419 188 188 188
v 4.587204 1.905869 0.573419 188 188 188
v 4.533195 1.883438 0.951957 188 188 188
v 4.533195 1.883438 0.951957 188 188 188
v 4.719650 1.549133 0.573419 188 188 188
v 4.719650 1.549133 0.573419 188 188 188
v 4.664089 1.530899 0.951957 188 188 188
v 4.664089 1.530899 0.951957 188 188 188
v 4.824402 1.183304 0.573419 188 188 188
v 4.824402 1.183304 0.573419 188 188 188
v 4.767601 1.169373 0.951957 188 188 188
v 4.824402 1.183304 0.573419 188 188 188
v 4.900833 0.810532 0.573419 188 188 188
v 4.929768 0.815323 0.191515 188 188 188
v 4.900833 0.810532 0.573419 188 188 188
v 4.929768 0.815323 0.191515 188 188 188
v 4.977718 0.435570 0.191515 188 188 188
v 4.935127 0.805321 0.000001 188 188 188
v 4.977718 0.435570 0.191515 188 188 188
v 4.935127 0.805321 0.000001 188 188 188
v 4.981373 0.435890 0.000001 188 188 188
v 4.999996 0.064034 0.000001 188 188 188
v 4.935127 0.805321 0.000001 188 188 188
v 4.861523 1.170296 0.000001 188 188 188
v 4.999996 0.064034 0.000001 188 188 188
v 4.999996 0.064034 0.000001 188 188 188
v 4.990894 -0.308174 0.000001 188 188 188
v 4.990894 -0.308174 0.000001 188 188 188
v 4.996452 0.053261 0.191515 188 188 188
v 4.990894 -0.308174 0.000001 188 188 188
v 4.985859 -0.329361 0.191515 188 188 188
v 4.954117 -0.678673 0.000001 188 188 188
v 4.990894 -0.308174 0.000001 188 188 188
v 4.954117 -0.678673 0.000001 188 188 188
v 4.760956 1.528778 0.000001 188 188 188
v 4.633987 1.878792 0.000001 188 188 188
v 4.760956 1.528778 0.000001 188 188 188
v 4.760956 1.528778 0.000001 188 188 188
v 4.747517 1.558273 0.191515 188 188 188
v 4.760956 1.528778 0.000001 188 188 188
v 4.852882 1.190285 0.191515 188 188 188
v 4.861523 1.170296 0.000001 188 188 188
v 4.861523 1.170296 0.000001 188 188 188
v 4.852882 1.190285 0.191515 188 188 188
v 4.929768 0.815323 0.191515 188 188 188
v 4.747517 1.558273 0.191515 188 188 188
v 4.719650 1.549133 0.573419 188 188 188
v 4.852882 1.190285 0.191515 188 188 188
v 4.633987 1.878792 0.000001 188 188 188
v 4.747517 1.558273 0.191515 188 188 188
v 4.614288 1.917122 0.191515 188 188 188
v 4.587204 1.905869 0.573419 188 188 188
v 4.747517 1.558273 0.191515 188 188 188
v 4.614288 1.917122 0.191515 188 188 188
v 4.633987 1.878792 0.000001 188 188 188
v 4.481323 2.218384 0.000001 188 188 188
v 4.633987 1.878792 0.000001 188 188 188
v 4.481323 2.218384 0.000001 188 188 188
v 4.889866 -1.045410 0.000001 188 188 188
v 4.889866 -1.045410 0.000001 188 188 188
v 4.798504 -1.406349 0.000001 188 188 188
v 4.798504 -1.406349 0.000001 188 188 188
v 4.877121 -1.086578 0.191515 188 188 188
v 4.798504 -1.406349 0.000001 188 188 188
v 4.779610 -1.456718 0.191515 188 188 188
v 4.680531 -1.759491 0.000001 188 188 188
v 4.798504 -1.406349 0.000001 188 188 188
v 4.680531 -1.759491 0.000001 188 188 188
v 4.303810 2.545677 0.000001 188 188 188
v 4.102436 2.858856 0.000001 188 188 188
v 4.303810 2.545677 0.000001 188 188 188
v 4.303810 2.545677 0.000001 188 188 188
v 4.267517 2.599007 0.191515 188 188 188
v 4.303810 2.545677 0.000001 188 188 188
v 4.453972 2.264709 0.191515 188 188 188
v 4.481323 2.218384 0.000001 188 188 188
v 4.267517 2.599007 0.191515 188 188 188
v 4.242466 2.583763 0.573419 188 188 188
v 4.453972 2.264709 0.191515 188 188 188
v 4.102436 2.858856 0.000001 188 188 188
v 4.267517 2.599007 0.191515 188 188 188
v 4.056011 2.918068 0.191515 188 188 188
v 4.032204 2.900940 0.573419 188 188 188
v 4.267517 2.599007 0.191515 188 188 188
v 4.056011 2.918068 0.191515 188 188 188
v 4.102436 2.858856 0.000001 188 188 188
v 3.878307 3.156197 0.000001 188 188 188
v 4.102436 2.858856 0.000001 188 188 188
v 3.878307 3.156197 0.000001 188 188 188
v 4.536606 -2.102875 0.000001 188 188 188
v 4.536606 -2.102875 0.000001 188 188 188
v 4.367523 -2.434601 0.000001 188 188 188
v 4.367523 -2.434601 0.000001 188 188 188
v 4.501167 -2.169235 0.191515 188 188 188
v 4.367523 -2.434601 0.000001 188 188 188
v 4.321869 -2.507431 0.191515 188 188 188
v 4.174221 -2.752831 0.000001 188 188 188
v 4.367523 -2.434601 0.000001 188 188 188
v 4.174221 -2.752831 0.000001 188 188 188
v 3.632675 3.436028 0.000001 188 188 188
v 3.366901 3.696808 0.000001 188 188 188
v 3.632675 3.436028 0.000001 188 188 188
v 3.632675 3.436028 0.000001 188 188 188
v 3.562962 3.503021 0.191515 188 188 188
v 3.632675 3.436028 0.000001 188 188 188
v 3.820702 3.219986 0.191515 188 188 188
v 3.878307 3.156197 0.000001 188 188 188
v 3.562962 3.503021 0.191515 188 188 188
v 3.542049 3.482460 0.573419 188 188 188
v 3.820702 3.219986 0.191515 188 188 188
v 3.366901 3.696808 0.000001 188 188 188
v 3.562962 3.503021 0.191515 188 188 188
v 3.284313 3.765495 0.191515 188 188 188
v 3.265034 3.743401 0.573419 188 188 188
v 3.562962 3.503021 0.191515 188 188 188
v 3.284313 3.765495 0.191515 188 188 188
v 3.366901 3.696808 0.000001 188 188 188
v 3.082447 3.937103 0.000001 188 188 188
v 3.366901 3.696808 0.000001 188 188 188
v 3.082447 3.937103 0.000001 188 188 188
v 3.957775 -3.055794 0.000001 188 188 188
v 3.957775 -3.055794 0.000001 188 188 188
v 3.719383 -3.341820 0.000001 188 188 188
v 3.719383 -3.341820 0.000001 188 188 188
v 3.888374 -3.137779 0.191515 188 188 188
v 3.719383 -3.341820 0.000001 188 188 188
v 3.636723 -3.426231 0.191515 188 188 188
v 3.460361 -3.609314 0.000001 188 188 188
v 3.719383 -3.341820 0.000001 188 188 188
v 3.460361 -3.609314 0.000001 188 188 188
v 2.780907 4.155556 0.000001 188 188 188
v 2.463943 4.350983 0.000001 188 188 188
v 2.780907 4.155556 0.000001 188 188 188
v 2.780907 4.155556 0.000001 188 188 188
v 2.670925 4.222740 0.191515 188 188 188
v 2.780907 4.155556 0.000001 188 188 188
v 2.986385 4.005875 0.191515 188 188 188
v 3.082447 3.937103 0.000001 188 188 188
v 2.670925 4.222740 0.191515 188 188 188
v 2.655251 4.197968 0.573419 188 188 188
v 2.986385 4.005875 0.191515 188 188 188
v 2.463943 4.350983 0.000001 188 188 188
v 2.670925 4.222740 0.191515 188 188 188
v 2.339790 4.414833 0.191515 188 188 188
v 2.326057 4.388924 0.573419 188 188 188
v 2.670925 4.222740 0.191515 188 188 188
v 2.339790 4.414833 0.191515 188 188 188
v 2.463943 4.350983 0.000001 188 188 188
v 2.133312 4.522278 0.000001 188 188 188
v 2.463943 4.350983 0.000001 188 188 188
v 2.133312 4.522278 0.000001 188 188 188
v 3.182152 -3.856796 0.000001 188 188 188
v 3.182152 -3.856796 0.000001 188 188 188
v 2.886299 -4.082901 0.000001 188 188 188
v 2.886299 -4.082901 0.000001 188 188 188
v 3.070980 -3.941238 0.191515 188 188 188
v 2.886299 -4.082901 0.000001 188 188 188
v 2.760208 -4.164772 0.191515 188 188 188
v 2.574440 -4.286369 0.000001 188 188 188
v 2.574440 -4.286369 0.000001 188 188 188
v 2.886299 -4.082901 0.000001 188 188 188
v 3.070980 -3.941238 0.191515 188 188 188
v 2.760208 -4.164772 0.191515 188 188 188
v 2.760208 -4.164772 0.191515 188 188 188
v 3.052952 -3.918106 0.573419 188 188 188
v 2.760208 -4.164772 0.191515 188 188 188
v 2.744007 -4.140335 0.573419 188 188 188
v 2.433235 -4.363861 0.191515 188 188 188
v 2.433235 -4.363861 0.191515 188 188 188
v 2.744007 -4.140335 0.573419 188 188 188
v 2.418953 -4.338249 0.573419 188 188 188
v 2.744007 -4.140335 0.573419 188 188 188
v 2.711697 -4.091591 0.951957 188 188 188
v 2.418953 -4.338249 0.573419 188 188 188
v 2.418953 -4.338249 0.573419 188 188 188
v 2.390472 -4.287186 0.951957 188 188 188
v 2.390472 -4.287186 0.951957 188 188 188
v 2.079700 -4.510712 0.573419 188 188 188
v 2.079700 -4.510712 0.573419 188 188 188
v 2.055206 -4.457619 0.951957 188 188 188
v 2.055206 -4.457619 0.951957 188 188 188
v 1.728233 -4.656715 0.573419 188 188 188
v 1.728233 -4.656715 0.573419 188 188 188
v 1.707882 -4.601891 0.951957 188 188 188
v 1.707882 -4.601891 0.951957 188 188 188
v 1.366631 -4.775375 0.573419 188 188 188
v 1.366631 -4.775375 0.573419 188 188 188
v 1.350533 -4.719162 0.951957 188 188 188
v 1.350533 -4.719162 0.951957 188 188 188
v 0.996994 -4.866020 0.573419 188 188 188
v 0.996994 -4.866020 0.573419 188 188 188
v 0.985252 -4.808739 0.951957 188 188 188
v 0.985252 -4.808739 0.951957 188 188 188
v 0.621510 -4.928108 0.573419 188 188 188
v 0.621510 -4.928108 0.573419 188 188 188
v 0.614182 -4.870094 0.951957 188 188 188
v 0.614182 -4.870094 0.951957 188 188 188
v 0.242371 -4.961273 0.573419 188 188 188
v 0.242371 -4.961273 0.573419 188 188 188
v 0.239506 -4.902863 0.951957 188 188 188
v 0.239506 -4.902863 0.951957 188 188 188
v -0.138199 -4.965317 0.573419 188 188 188
v -0.138199 -4.965317 0.573419 188 188 188
v -0.136581 -4.906868 0.951957 188 188 188
v -0.136581 -4.906868 0.951957 188 188 188
v -0.517956 -4.940231 0.573419 188 188 188
v -0.517956 -4.940231 0.573419 188 188 188
v -0.511871 -4.882072 0.951957 188 188 188
v -0.511871 -4.882072 0.951957 188 188 188
v -0.894684 -4.886147 0.573419 188 188 188
v -0.894684 -4.886147 0.573419 188 188 188
v -0.884159 -4.828629 0.951957 188 188 188
v -0.884159 -4.828629 0.951957 188 188 188
v -1.266163 -4.803398 0.573419 188 188 188
v -1.266163 -4.803398 0.573419 188 188 188
v -1.251266 -4.746849 0.951957 188 188 188
v -1.251266 -4.746849 0.951957 188 188 188
v -1.630215 -4.692451 0.573419 188 188 188
v -1.630215 -4.692451 0.573419 188 188 188
v -1.611031 -4.637207 0.951957 188 188 188
v -1.611031 -4.637207 0.951957 188 188 188
v -1.984703 -4.553970 0.573419 188 188 188
v -1.984703 -4.553970 0.573419 188 188 188
v -1.961353 -4.500359 0.951957 188 188 188
v -1.961353 -4.500359 0.951957 188 188 188
v -2.327553 -4.388756 0.573419 188 188 188
v -2.327553 -4.388756 0.573419 188 188 188
v -2.300163 -4.337097 0.951957 188 188 188
v -2.300163 -4.337097 0.951957 188 188 188
v -2.656746 -4.197800 0.573419 188 188 188
v -2.656746 -4.197800 0.573419 188 188 188
v -2.625481 -4.148384 0.951957 188 188 188
v -2.625481 -4.148384 0.951957 188 188 188
v -2.970352 -3.982201 0.573419 188 188 188
v -2.970352 -3.982201 0.573419 188 188 188
v -2.935394 -3.935326 0.951957 188 188 188
v -2.935394 -3.935326 0.951957 188 188 188
v -3.266529 -3.743240 0.573419 188 188 188
v -3.266529 -3.743240 0.573419 188 188 188
v -3.228088 -3.699165 0.951957 188 188 188
v -3.228088 -3.699165 0.951957 188 188 188
v -3.543545 -3.482307 0.573419 188 188 188
v -3.543545 -3.482307 0.573419 188 188 188
v -3.501842 -3.441307 0.951957 188 188 188
v -3.501842 -3.441307 0.951957 188 188 188
v -3.799770 -3.200928 0.573419 188 188 188
v -3.799770 -3.200928 0.573419 188 188 188
v -3.755051 -3.163246 0.951957 188 188 188
v -3.755051 -3.163246 0.951957 188 188 188
v -4.033703 -2.900772 0.573419 188 188 188
v -4.033703 -2.900772 0.573419 188 188 188
v -3.986229 -2.866631 0.951957 188 188 188
v -3.986229 -2.866631 0.951957 188 188 188
v -4.243965 -2.583603 0.573419 188 188 188
v -4.243965 -2.583603 0.573419 188 188 188
v -4.194016 -2.553185 0.951957 188 188 188
v -4.194016 -2.553185 0.951957 188 188 188
v -4.429329 -2.251259 0.573419 188 188 188
v -4.429329 -2.251259 0.573419 188 188 188
v -4.377197 -2.224754 0.951957 188 188 188
v -4.377197 -2.224754 0.951957 188 188 188
v -4.588699 -1.905701 0.573419 188 188 188
v -4.588699 -1.905701 0.573419 188 188 188
v -4.534691 -1.883270 0.951957 188 188 188
v -4.534691 -1.883270 0.951957 188 188 188
v -4.721149 -1.548973 0.573419 188 188 188
v -4.721149 -1.548973 0.573419 188 188 188
v -4.665585 -1.530739 0.951957 188 188 188
v -4.665585 -1.530739 0.951957 188 188 188
v -4.825901 -1.183144 0.573419 188 188 188
v -4.825901 -1.183144 0.573419 188 188 188
v -4.769096 -1.169220 0.951957 188 188 188
v -4.769096 -1.169220 0.951957 188 188 188
v -4.902328 -0.810371 0.573419 188 188 188
v -4.902328 -0.810371 0.573419 188 188 188
v -4.844631 -0.800835 0.951957 188 188 188
v -4.844631 -0.800835 0.951957 188 188 188
v -4.949997 -0.432846 0.573419 188 188 188
v -4.949997 -0.432846 0.573419 188 188 188
v -4.891739 -0.427750 0.951957 188 188 188
v -4.891739 -0.427750 0.951957 188 188 188
v -4.968620 -0.052780 0.573419 188 188 188
v -4.968620 -0.052780 0.573419 188 188 188
v -4.910145 -0.052155 0.951957 188 188 188
v -4.910145 -0.052155 0.951957 188 188 188
v -4.958096 0.327599 0.573419 188 188 188
v -4.958096 0.327599 0.573419 188 188 188
v -4.899738 0.323746 0.951957 188 188 188
v -4.899738 0.323746 0.951957 188 188 188
v -4.918472 0.706055 0.573419 188 188 188
v -4.918472 0.706055 0.573419 188 188 188
v -4.860584 0.697746 0.951957 188 188 188
v -4.860584 0.697746 0.951957 188 188 188
v -4.849991 1.080368 0.573419 188 188 188
v -4.849991 1.080368 0.573419 188 188 188
v -4.792912 1.067642 0.951957 188 188 188
v -4.792912 1.067642 0.951957 188 188 188
v -4.753052 1.448334 0.573419 188 188 188
v -4.753052 1.448334 0.573419 188 188 188
v -4.697113 1.431282 0.951957 188 188 188
v -4.697113 1.431282 0.951957 188 188 188
v -4.628231 1.807808 0.573419 188 188 188
v -4.628231 1.807808 0.573419 188 188 188
v -4.573757 1.786530 0.951957 188 188 188
v -4.573757 1.786530 0.951957 188 188 188
v -4.476250 2.156677 0.573419 188 188 188
v -4.476250 2.156677 0.573419 188 188 188
v -4.423561 2.131287 0.951957 188 188 188
v -4.423561 2.131287 0.951957 188 188 188
v -4.298000 2.492882 0.573419 188 188 188
v -4.298000 2.492882 0.573419 188 188 188
v -4.247417 2.463539 0.951957 188 188 188
v -4.247417 2.463539 0.951957 188 188 188
v -4.094540 2.814461 0.573419 188 188 188
v -4.094540 2.814461 0.573419 188 188 188
v -4.046349 2.781334 0.951957 188 188 188
v -4.046349 2.781334 0.951957 188 188 188
v -3.867050 3.119530 0.573419 188 188 188
v -3.867050 3.119530 0.573419 188 188 188
v -3.821537 3.082809 0.951957 188 188 188
v -3.821537 3.082809 0.951957 188 188 188
v -3.616875 3.406281 0.573419 188 188 188
v -3.616875 3.406281 0.573419 188 188 188
v -3.574306 3.366188 0.951957 188 188 188
v -3.574306 3.366188 0.951957 188 188 188
v -3.345474 3.673050 0.573419 188 188 188
v -3.345474 3.673050 0.573419 188 188 188
v -3.306103 3.629822 0.951957 188 188 188
v -3.306103 3.629822 0.951957 188 188 188
v -3.054451 3.918266 0.573419 188 188 188
v -3.054451 3.918266 0.573419 188 188 188
v -3.018501 3.872147 0.951957 188 188 188
v -3.018501 3.872147 0.951957 188 188 188
v -2.745502 4.140495 0.573419 188 188 188
v -2.745502 4.140495 0.573419 188 188 188
v -2.713192 4.091759 0.951957 188 188 188
v -2.713192 4.091759 0.951957 188 188 188
v -2.420448 4.338417 0.573419 188 188 188
v -2.420448 4.338417 0.573419 188 188 188
v -2.391968 4.287346 0.951957 188 188 188
v -2.391968 4.287346 0.951957 188 188 188
v -2.081196 4.510880 0.573419 188 188 188
v -2.081196 4.510880 0.573419 188 188 188
v -2.056705 4.457787 0.951957 188 188 188
v -2.056705 4.457787 0.951957 188 188 188
v -1.729736 4.656876 0.573419 188 188 188
v -1.729736 4.656876 0.573419 188 188 188
v -1.709377 4.602058 0.951957 188 188 188
v -1.709377 4.602058 0.951957 188 188 188
v -1.368126 4.775543 0.573419 188 188 188
v -1.368126 4.775543 0.573419 188 188 188
v -1.352028 4.719330 0.951957 188 188 188
v -1.352028 4.719330 0.951957 188 188 188
v -0.998489 4.866188 0.573419 188 188 188
v -0.998489 4.866188 0.573419 188 188 188
v -0.986748 4.808899 0.951957 188 188 188
v -0.986748 4.808899 0.951957 188 188 188
v -0.623005 4.928268 0.573419 188 188 188
v -0.243866 4.961426 0.573419 188 188 188
v -0.623005 4.928268 0.573419 188 188 188
v -0.615677 4.870255 0.951957 188 188 188
v -0.615677 4.870255 0.951957 188 188 188
v -0.243866 4.961426 0.573419 188 188 188
v -0.241005 4.903030 0.951957 188 188 188
v -0.615677 4.870255 0.951957 188 188 188
v -0.604748 4.783661 1.324908 188 188 188
v -0.241005 4.903030 0.951957 188 188 188
v 0.135082 4.907036 0.951957 188 188 188
v -0.241005 4.903030 0.951957 188 188 188
v -0.236729 4.815857 1.324908 188 188 188
v -0.236729 4.815857 1.324908 188 188 188
v 0.135082 4.907036 0.951957 188 188 188
v 0.132668 4.819786 1.324908 188 188 188
v -0.236729 4.815857 1.324908 188 188 188
v -0.231075 4.700417 1.690085 188 188 188
v 0.132668 4.819786 1.324908 188 188 188
v 0.132668 4.819786 1.324908 188 188 188
v 0.129471 4.704254 1.690085 188 188 188
v 0.129471 4.704254 1.690085 188 188 188
v 0.501286 4.795433 1.324908 188 188 188
v 0.501286 4.795433 1.324908 188 188 188
v 0.489254 4.680489 1.690085 188 188 188
v 0.489254 4.680489 1.690085 188 188 188
v 0.866955 4.742943 1.324908 188 188 188
v 0.866955 4.742943 1.324908 188 188 188
v 0.846157 4.629250 1.690085 188 188 188
v 0.846157 4.629250 1.690085 188 188 188
v 1.227535 4.662613 1.324908 188 188 188
v 1.227535 4.662613 1.324908 188 188 188
v 1.198090 4.550850 1.690085 188 188 188
v 1.198090 4.550850 1.690085 188 188 188
v 1.580906 4.554924 1.324908 188 188 188
v 1.580906 4.554924 1.324908 188 188 188
v 1.542992 4.445740 1.690085 188 188 188
v 1.542992 4.445740 1.690085 188 188 188
v 1.924992 4.420502 1.324908 188 188 188
v 1.924992 4.420502 1.324908 188 188 188
v 1.878834 4.314545 1.690085 188 188 188
v 1.878834 4.314545 1.690085 188 188 188
v 2.257782 4.260147 1.324908 188 188 188
v 2.257782 4.260147 1.324908 188 188 188
v 2.203644 4.158028 1.690085 188 188 188
v 2.203644 4.158028 1.690085 188 188 188
v 2.577316 4.074791 1.324908 188 188 188
v 2.577316 4.074791 1.324908 188 188 188
v 2.515518 3.977112 1.690085 188 188 188
v 2.515518 3.977112 1.690085 188 188 188
v 2.881721 3.865517 1.324908 188 188 188
v 2.881721 3.865517 1.324908 188 188 188
v 2.812626 3.772858 1.690085 188 188 188
v 2.812626 3.772858 1.690085 188 188 188
v 3.169212 3.633560 1.324908 188 188 188
v 3.169212 3.633560 1.324908 188 188 188
v 3.093224 3.546471 1.690085 188 188 188
v 3.093224 3.546471 1.690085 188 188 188
v 3.438099 3.380280 1.324908 188 188 188
v 3.438099 3.380280 1.324908 188 188 188
v 3.355667 3.299263 1.690085 188 188 188
v 3.355667 3.299263 1.690085 188 188 188
v 3.686802 3.107170 1.324908 188 188 188
v 3.686802 3.107170 1.324908 188 188 188
v 3.598412 3.032692 1.690085 188 188 188
v 3.598412 3.032692 1.690085 188 188 188
v 3.913872 2.815819 1.324908 188 188 188
v 3.913872 2.815819 1.324908 188 188 188
v 3.820034 2.748322 1.690085 188 188 188
v 3.820034 2.748322 1.690085 188 188 188
v 4.117962 2.507950 1.324908 188 188 188
v 4.117962 2.507950 1.324908 188 188 188
v 4.019238 2.447838 1.690085 188 188 188
v 4.019238 2.447838 1.690085 188 188 188
v 4.297886 2.185364 1.324908 188 188 188
v 4.297886 2.185364 1.324908 188 188 188
v 4.194847 2.132980 1.690085 188 188 188
v 4.194847 2.132980 1.690085 188 188 188
v 4.452583 1.849945 1.324908 188 188 188
v 4.452583 1.849945 1.324908 188 188 188
v 4.345837 1.805603 1.690085 188 188 188
v 4.345837 1.805603 1.690085 188 188 188
v 4.581146 1.503685 1.324908 188 188 188
v 4.581146 1.503685 1.324908 188 188 188
v 4.471317 1.467644 1.690085 188 188 188
v 4.471317 1.467644 1.690085 188 188 188
v 4.682819 1.148590 1.324908 188 188 188
v 4.682819 1.148590 1.324908 188 188 188
v 4.570553 1.121056 1.690085 188 188 188
v 4.682819 1.148590 1.324908 188 188 188
v 4.757011 0.786751 1.324908 188 188 188
v 4.843136 0.800995 0.951957 188 188 188
v 4.757011 0.786751 1.324908 188 188 188
v 4.843136 0.800995 0.951957 188 188 188
v 4.890244 0.427917 0.951957 188 188 188
v 4.948502 0.433014 0.573419 188 188 188
v 4.890244 0.427917 0.951957 188 188 188
v 4.996452 0.053261 0.191515 188 188 188
v 4.948502 0.433014 0.573419 188 188 188
v 4.967125 0.052948 0.573419 188 188 188
v 4.977718 0.435570 0.191515 188 188 188
v 4.948502 0.433014 0.573419 188 188 188
v 4.996452 0.053261 0.191515 188 188 188
v 4.967125 0.052948 0.573419 188 188 188
v 4.890244 0.427917 0.951957 188 188 188
v 4.967125 0.052948 0.573419 188 188 188
v 4.908649 0.052322 0.951957 188 188 188
v 4.985859 -0.329361 0.191515 188 188 188
v 4.967125 0.052948 0.573419 188 188 188
v 4.956600 -0.327431 0.573419 188 188 188
v 4.985859 -0.329361 0.191515 188 188 188
v 4.956600 -0.327431 0.573419 188 188 188
v 4.946007 -0.710052 0.191515 188 188 188
v 4.956600 -0.327431 0.573419 188 188 188
v 4.946007 -0.710052 0.191515 188 188 188
v 4.916977 -0.705887 0.573419 188 188 188
v 4.877121 -1.086578 0.191515 188 188 188
v 4.877121 -1.086578 0.191515 188 188 188
v 4.916977 -0.705887 0.573419 188 188 188
v 4.848495 -1.080200 0.573419 188 188 188
v 4.916977 -0.705887 0.573419 188 188 188
v 4.859089 -0.697578 0.951957 188 188 188
v 4.848495 -1.080200 0.573419 188 188 188
v 4.848495 -1.080200 0.573419 188 188 188
v 4.791416 -1.067482 0.951957 188 188 188
v 4.791416 -1.067482 0.951957 188 188 188
v 4.751556 -1.448174 0.573419 188 188 188
v 4.751556 -1.448174 0.573419 188 188 188
v 4.695618 -1.431129 0.951957 188 188 188
v 4.695618 -1.431129 0.951957 188 188 188
v 4.626732 -1.807648 0.573419 188 188 188
v 4.626732 -1.807648 0.573419 188 188 188
v 4.572258 -1.786362 0.951957 188 188 188
v 4.572258 -1.786362 0.951957 188 188 188
v 4.474751 -2.156509 0.573419 188 188 188
v 4.474751 -2.156509 0.573419 188 188 188
v 4.422066 -2.131126 0.951957 188 188 188
v 4.422066 -2.131126 0.951957 188 188 188
v 4.296505 -2.492722 0.573419 188 188 188
v 4.296505 -2.492722 0.573419 188 188 188
v 4.245922 -2.463379 0.951957 188 188 188
v 4.245922 -2.463379 0.951957 188 188 188
v 4.093040 -2.814301 0.573419 188 188 188
v 4.093040 -2.814301 0.573419 188 188 188
v 4.044853 -2.781174 0.951957 188 188 188
v 4.044853 -2.781174 0.951957 188 188 188
v 3.865555 -3.119370 0.573419 188 188 188
v 3.865555 -3.119370 0.573419 188 188 188
v 3.820042 -3.082642 0.951957 188 188 188
v 3.820042 -3.082642 0.951957 188 188 188
v 3.615376 -3.406120 0.573419 188 188 188
v 3.615376 -3.406120 0.573419 188 188 188
v 3.572807 -3.366028 0.951957 188 188 188
v 3.572807 -3.366028 0.951957 188 188 188
v 3.343979 -3.672890 0.573419 188 188 188
v 3.052952 -3.918106 0.573419 188 188 188
v 3.343979 -3.672890 0.573419 188 188 188
v 3.304607 -3.629662 0.951957 188 188 188
v 3.304607 -3.629662 0.951957 188 188 188
v 3.052952 -3.918106 0.573419 188 188 188
v 3.017006 -3.871986 0.951957 188 188 188
v 3.304607 -3.629662 0.951957 188 188 188
v 3.245834 -3.565117 1.324908 188 188 188
v 3.017006 -3.871986 0.951957 188 188 188
v 2.711697 -4.091591 0.951957 188 188 188
v 3.017006 -3.871986 0.951957 188 188 188
v 2.963348 -3.803139 1.324908 188 188 188
v 2.963348 -3.803139 1.324908 188 188 188
v 2.711697 -4.091591 0.951957 188 188 188
v 2.663467 -4.018845 1.324908 188 188 188
v 2.963348 -3.803139 1.324908 188 188 188
v 2.892300 -3.711975 1.690085 188 188 188
v 2.663467 -4.018845 1.324908 188 188 188
v 2.663467 -4.018845 1.324908 188 188 188
v 2.599606 -3.922508 1.690085 188 188 188
v 2.599606 -3.922508 1.690085 188 188 188
v 2.347954 -4.210953 1.324908 188 188 188
v 2.347954 -4.210953 1.324908 188 188 188
v 2.291656 -4.110016 1.690085 188 188 188
v 2.291656 -4.110016 1.690085 188 188 188
v 2.018654 -4.378357 1.324908 188 188 188
v 2.018654 -4.378357 1.324908 188 188 188
v 1.970249 -4.273415 1.690085 188 188 188
v 1.970249 -4.273415 1.690085 188 188 188
v 1.677502 -4.520065 1.324908 188 188 188
v 1.677502 -4.520065 1.324908 188 188 188
v 1.637276 -4.411728 1.690085 188 188 188
v 1.637276 -4.411728 1.690085 188 188 188
v 1.326504 -4.635254 1.324908 188 188 188
v 1.326504 -4.635254 1.324908 188 188 188
v 1.294689 -4.524147 1.690085 188 188 188
v 1.294689 -4.524147 1.690085 188 188 188
v 0.967720 -4.723236 1.324908 188 188 188
v 0.967720 -4.723236 1.324908 188 188 188
v 0.944504 -4.610016 1.690085 188 188 188
v 0.944504 -4.610016 1.690085 188 188 188
v 0.603249 -4.783501 1.324908 188 188 188
v 0.603249 -4.783501 1.324908 188 188 188
v 0.588772 -4.668839 1.690085 188 188 188
v 0.588772 -4.668839 1.690085 188 188 188
v 0.235233 -4.815697 1.324908 188 188 188
v 0.235233 -4.815697 1.324908 188 188 188
v 0.229576 -4.700256 1.690085 188 188 188
v 0.229576 -4.700256 1.690085 188 188 188
v -0.134167 -4.819626 1.324908 188 188 188
v -0.134167 -4.819626 1.324908 188 188 188
v -0.130966 -4.704094 1.690085 188 188 188
v -0.130966 -4.704094 1.690085 188 188 188
v -0.502781 -4.795273 1.324908 188 188 188
v -0.502781 -4.795273 1.324908 188 188 188
v -0.490749 -4.680328 1.690085 188 188 188
v -0.490749 -4.680328 1.690085 188 188 188
v -0.868450 -4.742775 1.324908 188 188 188
v -0.868450 -4.742775 1.324908 188 188 188
v -0.847652 -4.629082 1.690085 188 188 188
v -0.847652 -4.629082 1.690085 188 188 188
v -1.229031 -4.662453 1.324908 188 188 188
v -1.229031 -4.662453 1.324908 188 188 188
v -1.199593 -4.550690 1.690085 188 188 188
v -1.199593 -4.550690 1.690085 188 188 188
v -1.582405 -4.554764 1.324908 188 188 188
v -1.582405 -4.554764 1.324908 188 188 188
v -1.544487 -4.445580 1.690085 188 188 188
v -1.544487 -4.445580 1.690085 188 188 188
v -1.926491 -4.420341 1.324908 188 188 188
v -1.926491 -4.420341 1.324908 188 188 188
v -1.880333 -4.314384 1.690085 188 188 188
v -1.880333 -4.314384 1.690085 188 188 188
v -2.259281 -4.259979 1.324908 188 188 188
v -2.259281 -4.259979 1.324908 188 188 188
v -2.205139 -4.157867 1.690085 188 188 188
v -2.205139 -4.157867 1.690085 188 188 188
v -2.578812 -4.074623 1.324908 188 188 188
v -2.578812 -4.074623 1.324908 188 188 188
v -2.517014 -3.976952 1.690085 188 188 188
v -2.517014 -3.976952 1.690085 188 188 188
v -2.883217 -3.865349 1.324908 188 188 188
v -2.883217 -3.865349 1.324908 188 188 188
v -2.814121 -3.772697 1.690085 188 188 188
v -2.814121 -3.772697 1.690085 188 188 188
v -3.170708 -3.633400 1.324908 188 188 188
v -3.170708 -3.633400 1.324908 188 188 188
v -3.094723 -3.546303 1.690085 188 188 188
v -3.094723 -3.546303 1.690085 188 188 188
v -3.439594 -3.380119 1.324908 188 188 188
v -3.439594 -3.380119 1.324908 188 188 188
v -3.357162 -3.299095 1.690085 188 188 188
v -3.357162 -3.299095 1.690085 188 188 188
v -3.688301 -3.107010 1.324908 188 188 188
v -3.688301 -3.107010 1.324908 188 188 188
v -3.599911 -3.032524 1.690085 188 188 188
v -3.599911 -3.032524 1.690085 188 188 188
v -3.915367 -2.815659 1.324908 188 188 188
v -3.915367 -2.815659 1.324908 188 188 188
v -3.821529 -2.748161 1.690085 188 188 188
v -3.821529 -2.748161 1.690085 188 188 188
v -4.119457 -2.507790 1.324908 188 188 188
v -4.119457 -2.507790 1.324908 188 188 188
v -4.020733 -2.447678 1.690085 188 188 188
v -4.020733 -2.447678 1.690085 188 188 188
v -4.299381 -2.185204 1.324908 188 188 188
v -4.299381 -2.185204 1.324908 188 188 188
v -4.196342 -2.132813 1.690085 188 188 188
v -4.196342 -2.132813 1.690085 188 188 188
v -4.454079 -1.849785 1.324908 188 188 188
v -4.454079 -1.849785 1.324908 188 188 188
v -4.347332 -1.805443 1.690085 188 188 188
v -4.347332 -1.805443 1.690085 188 188 188
v -4.582642 -1.503517 1.324908 188 188 188
v -4.582642 -1.503517 1.324908 188 188 188
v -4.472813 -1.467476 1.690085 188 188 188
v -4.472813 -1.467476 1.690085 188 188 188
v -4.684319 -1.148430 1.324908 188 188 188
v -4.684319 -1.148430 1.324908 188 188 188
v -4.572048 -1.120895 1.690085 188 188 188
v -4.572048 -1.120895 1.690085 188 188 188
v -4.758511 -0.786591 1.324908 188 188 188
v -4.758511 -0.786591 1.324908 188 188 188
v -4.644463 -0.767738 1.690085 188 188 188
v -4.644463 -0.767738 1.690085 188 188 188
v -4.804775 -0.420143 1.324908 188 188 188
v -4.804775 -0.420143 1.324908 188 188 188
v -4.689625 -0.410072 1.690085 188 188 188
v -4.689625 -0.410072 1.690085 188 188 188
v -4.822857 -0.051231 1.324908 188 188 188
v -4.822857 -0.051231 1.324908 188 188 188
v -4.707268 -0.049995 1.690085 188 188 188
v -4.707268 -0.049995 1.690085 188 188 188
v -4.812634 0.317986 1.324908 188 188 188
v -4.812634 0.317986 1.324908 188 188 188
v -4.697292 0.310371 1.690085 188 188 188
v -4.697292 0.310371 1.690085 188 188 188
v -4.774178 0.685341 1.324908 188 188 188
v -4.774178 0.685341 1.324908 188 188 188
v -4.659756 0.668907 1.690085 188 188 188
v -4.659756 0.668907 1.690085 188 188 188
v -4.707706 1.048660 1.324908 188 188 188
v -4.707706 1.048660 1.324908 188 188 188
v -4.594879 1.023529 1.690085 188 188 188
v -4.594879 1.023529 1.690085 188 188 188
v -4.613613 1.405838 1.324908 188 188 188
v -4.613613 1.405838 1.324908 188 188 188
v -4.503040 1.372147 1.690085 188 188 188
v -4.503040 1.372147 1.690085 188 188 188
v -4.492451 1.754768 1.324908 188 188 188
v -4.492451 1.754768 1.324908 188 188 188
v -4.384781 1.712700 1.690085 188 188 188
v -4.384781 1.712700 1.690085 188 188 188
v -4.344929 2.093391 1.324908 188 188 188
v -4.344929 2.093391 1.324908 188 188 188
v -4.240791 2.043221 1.690085 188 188 188
v -4.240791 2.043221 1.690085 188 188 188
v -4.171909 2.419739 1.324908 188 188 188
v -4.171909 2.419739 1.324908 188 188 188
v -4.071926 2.361732 1.690085 188 188 188
v -4.071926 2.361732 1.690085 188 188 188
v -3.974415 2.731880 1.324908 188 188 188
v -3.974415 2.731880 1.324908 188 188 188
v -3.879169 2.666405 1.690085 188 188 188
v -3.879169 2.666405 1.690085 188 188 188
v -3.753605 3.028000 1.324908 188 188 188
v -3.753605 3.028000 1.324908 188 188 188
v -3.663643 2.955414 1.690085 188 188 188
v -3.663643 2.955414 1.690085 188 188 188
v -3.510765 3.306343 1.324908 188 188 188
v -3.510765 3.306343 1.324908 188 188 188
v -3.426632 3.227089 1.690085 188 188 188
v -3.426632 3.227089 1.690085 188 188 188
v -3.247330 3.565285 1.324908 188 188 188
v -3.247330 3.565285 1.324908 188 188 188
v -3.169514 3.479820 1.690085 188 188 188
v -3.169514 3.479820 1.690085 188 188 188
v -2.964844 3.803299 1.324908 188 188 188
v -2.964844 3.803299 1.324908 188 188 188
v -2.893795 3.712143 1.690085 188 188 188
v -2.893795 3.712143 1.690085 188 188 188
v -2.664963 4.019005 1.324908 188 188 188
v -2.664963 4.019005 1.324908 188 188 188
v -2.601101 3.922668 1.690085 188 188 188
v -2.601101 3.922668 1.690085 188 188 188
v -2.349449 4.211121 1.324908 188 188 188
v -2.349449 4.211121 1.324908 188 188 188
v -2.293152 4.110184 1.690085 188 188 188
v -2.293152 4.110184 1.690085 188 188 188
v -2.020149 4.378525 1.324908 188 188 188
v -2.020149 4.378525 1.324908 188 188 188
v -1.971745 4.273575 1.690085 188 188 188
v -1.971745 4.273575 1.690085 188 188 188
v -1.679005 4.520233 1.324908 188 188 188
v -1.679005 4.520233 1.324908 188 188 188
v -1.638771 4.411880 1.690085 188 188 188
v -1.638771 4.411880 1.690085 188 188 188
v -1.328003 4.635422 1.324908 188 188 188
v -1.328003 4.635422 1.324908 188 188 188
v -1.296188 4.524307 1.690085 188 188 188
v -1.296188 4.524307 1.690085 188 188 188
v -0.969215 4.723404 1.324908 188 188 188
v -0.604748 4.783661 1.324908 188 188 188
v -0.969215 4.723404 1.324908 188 188 188
v -0.945999 4.610184 1.690085 188 188 188
v -0.945999 4.610184 1.690085 188 188 188
v -0.604748 4.783661 1.324908 188 188 188
v -0.590267 4.668999 1.690085 188 188 188
v -0.945999 4.610184 1.690085 188 188 188
v -0.917236 4.469910 2.045344 188 188 188
v -0.590267 4.668999 1.690085 188 188 188
v -0.231075 4.700417 1.690085 188 188 188
v -0.590267 4.668999 1.690085 188 188 188
v -0.572330 4.526939 2.045344 188 188 188
v -0.572330 4.526939 2.045344 188 188 188
v -0.231075 4.700417 1.690085 188 188 188
v -0.224068 4.557396 2.045344 188 188 188
v -0.572330 4.526939 2.045344 188 188 188
v -0.551037 4.358307 2.388600 188 188 188
v -0.224068 4.557396 2.045344 188 188 188
v -0.224068 4.557396 2.045344 188 188 188
v -0.215748 4.387634 2.388600 188 188 188
v -0.215748 4.387634 2.388600 188 188 188
v 0.125511 4.561119 2.045344 188 188 188
v 0.125511 4.561119 2.045344 188 188 188
v 0.120804 4.391220 2.388600 188 188 188
v 0.120804 4.391220 2.388600 188 188 188
v 0.474342 4.538071 2.045344 188 188 188
v 0.474342 4.538071 2.045344 188 188 188
v 0.456646 4.369034 2.388600 188 188 188
v 0.456646 4.369034 2.388600 188 188 188
v 0.820389 4.488396 2.045344 188 188 188
v 0.820389 4.488396 2.045344 188 188 188
v 0.789803 4.321198 2.388600 188 188 188
v 0.789803 4.321198 2.388600 188 188 188
v 1.161613 4.412376 2.045344 188 188 188
v 1.161613 4.412376 2.045344 188 188 188
v 1.118317 4.248024 2.388600 188 188 188
v 1.118317 4.248024 2.388600 188 188 188
v 1.496021 4.310471 2.045344 188 188 188
v 1.496021 4.310471 2.045344 188 188 188
v 1.440266 4.149902 2.388600 188 188 188
v 1.440266 4.149902 2.388600 188 188 188
v 1.821644 4.183266 2.045344 188 188 188
v 1.821644 4.183266 2.045344 188 188 188
v 1.753757 4.027443 2.388600 188 188 188
v 1.753757 4.027443 2.388600 188 188 188
v 2.136570 4.031509 2.045344 188 188 188
v 2.136570 4.031509 2.045344 188 188 188
v 2.056953 3.881340 2.388600 188 188 188
v 2.056953 3.881340 2.388600 188 188 188
v 2.438953 3.856102 2.045344 188 188 188
v 2.438953 3.856102 2.045344 188 188 188
v 2.348076 3.712463 2.388600 188 188 188
v 2.348076 3.712463 2.388600 188 188 188
v 2.727024 3.658058 2.045344 188 188 188
v 2.727024 3.658058 2.045344 188 188 188
v 2.625412 3.521797 2.388600 188 188 188
v 2.625412 3.521797 2.388600 188 188 188
v 2.999081 3.438560 2.045344 188 188 188
v 2.999081 3.438560 2.045344 188 188 188
v 2.887341 3.310471 2.388600 188 188 188
v 2.887341 3.310471 2.388600 188 188 188
v 3.253540 3.198875 2.045344 188 188 188
v 3.253540 3.198875 2.045344 188 188 188
v 3.132313 3.079720 2.388600 188 188 188
v 3.132313 3.079720 2.388600 188 188 188
v 3.488899 2.940414 2.045344 188 188 188
v 3.488899 2.940414 2.045344 188 188 188
v 3.358906 2.830887 2.388600 188 188 188
v 3.358906 2.830887 2.388600 188 188 188
v 3.703777 2.664711 2.045344 188 188 188
v 3.703777 2.664711 2.045344 188 188 188
v 3.565784 2.565445 2.388600 188 188 188
v 3.565784 2.565445 2.388600 188 188 188
v 3.896919 2.373352 2.045344 188 188 188
v 3.896919 2.373352 2.045344 188 188 188
v 3.751728 2.284950 2.388600 188 188 188
v 3.751728 2.284950 2.388600 188 188 188
v 4.067184 2.068077 2.045344 188 188 188
v 4.067184 2.068077 2.045344 188 188 188
v 3.915653 1.991051 2.388600 188 188 188
v 3.915653 1.991051 2.388600 188 188 188
v 4.213581 1.750671 2.045344 188 188 188
v 4.213581 1.750671 2.045344 188 188 188
v 4.056591 1.685455 2.388600 188 188 188
v 4.056591 1.685455 2.388600 188 188 188
v 4.335243 1.422981 2.045344 188 188 188
v 4.335243 1.422981 2.045344 188 188 188
v 4.173725 1.369980 2.388600 188 188 188
v 4.173725 1.369980 2.388600 188 188 188
v 4.431461 1.086952 2.045344 188 188 188
v 4.431461 1.086952 2.045344 188 188 188
v 4.266361 1.046463 2.388600 188 188 188
v 4.431461 1.086952 2.045344 188 188 188
v 4.501671 0.744537 2.045344 188 188 188
v 4.642967 0.767899 1.690085 188 188 188
v 4.501671 0.744537 2.045344 188 188 188
v 4.642967 0.767899 1.690085 188 188 188
v 4.688126 0.410233 1.690085 188 188 188
v 4.803280 0.420303 1.324908 188 188 188
v 4.688126 0.410233 1.690085 188 188 188
v 4.908649 0.052322 0.951957 188 188 188
v 4.803280 0.420303 1.324908 188 188 188
v 4.821358 0.051399 1.324908 188 188 188
v 4.908649 0.052322 0.951957 188 188 188
v 4.821358 0.051399 1.324908 188 188 188
v 4.898243 -0.323578 0.951957 188 188 188
v 4.821358 0.051399 1.324908 188 188 188
v 4.859089 -0.697578 0.951957 188 188 188
v 4.898243 -0.323578 0.951957 188 188 188
v 4.811138 -0.317818 1.324908 188 188 188
v 4.811138 -0.317818 1.324908 188 188 188
v 4.859089 -0.697578 0.951957 188 188 188
v 4.772682 -0.685173 1.324908 188 188 188
v 4.811138 -0.317818 1.324908 188 188 188
v 4.695797 -0.310204 1.690085 188 188 188
v 4.772682 -0.685173 1.324908 188 188 188
v 4.772682 -0.685173 1.324908 188 188 188
v 4.658260 -0.668747 1.690085 188 188 188
v 4.658260 -0.668747 1.690085 188 188 188
v 4.706211 -1.048500 1.324908 188 188 188
v 4.706211 -1.048500 1.324908 188 188 188
v 4.593384 -1.023369 1.690085 188 188 188
v 4.593384 -1.023369 1.690085 188 188 188
v 4.612114 -1.405678 1.324908 188 188 188
v 4.612114 -1.405678 1.324908 188 188 188
v 4.501541 -1.371979 1.690085 188 188 188
v 4.501541 -1.371979 1.690085 188 188 188
v 4.490955 -1.754601 1.324908 188 188 188
v 4.490955 -1.754601 1.324908 188 188 188
v 4.383286 -1.712540 1.690085 188 188 188
v 4.383286 -1.712540 1.690085 188 188 188
v 4.343430 -2.093231 1.324908 188 188 188
v 4.343430 -2.093231 1.324908 188 188 188
v 4.239296 -2.043053 1.690085 188 188 188
v 4.239296 -2.043053 1.690085 188 188 188
v 4.170414 -2.419571 1.324908 188 188 188
v 4.170414 -2.419571 1.324908 188 188 188
v 4.070431 -2.361580 1.690085 188 188 188
v 4.070431 -2.361580 1.690085 188 188 188
v 3.972919 -2.731720 1.324908 188 188 188
v 3.972919 -2.731720 1.324908 188 188 188
v 3.877666 -2.666237 1.690085 188 188 188
v 3.877666 -2.666237 1.690085 188 188 188
v 3.752106 -3.027832 1.324908 188 188 188
v 3.752106 -3.027832 1.324908 188 188 188
v 3.662148 -2.955254 1.690085 188 188 188
v 3.662148 -2.955254 1.690085 188 188 188
v 3.509270 -3.306175 1.324908 188 188 188
v 3.245834 -3.565117 1.324908 188 188 188
v 3.509270 -3.306175 1.324908 188 188 188
v 3.425133 -3.226929 1.690085 188 188 188
v 3.425133 -3.226929 1.690085 188 188 188
v 3.245834 -3.565117 1.324908 188 188 188
v 3.168018 -3.479660 1.690085 188 188 188
v 3.425133 -3.226929 1.690085 188 188 188
v 3.320896 -3.128738 2.045344 188 188 188
v 3.168018 -3.479660 1.690085 188 188 188
v 2.892300 -3.711975 1.690085 188 188 188
v 3.168018 -3.479660 1.690085 188 188 188
v 3.071598 -3.373787 2.045344 188 188 188
v 3.071598 -3.373787 2.045344 188 188 188
v 2.892300 -3.711975 1.690085 188 188 188
v 2.804272 -3.599022 2.045344 188 188 188
v 3.071598 -3.373787 2.045344 188 188 188
v 2.957153 -3.248108 2.388600 188 188 188
v 2.804272 -3.599022 2.045344 188 188 188
v 2.804272 -3.599022 2.045344 188 188 188
v 2.699783 -3.464958 2.388600 188 188 188
v 2.699783 -3.464958 2.388600 188 188 188
v 2.520485 -3.803154 2.045344 188 188 188
v 2.520485 -3.803154 2.045344 188 188 188
v 2.426567 -3.661476 2.388600 188 188 188
v 2.426567 -3.661476 2.388600 188 188 188
v 2.221901 -3.984955 2.045344 188 188 188
v 2.221901 -3.984955 2.045344 188 188 188
v 2.139107 -3.836510 2.388600 188 188 188
v 2.139107 -3.836510 2.388600 188 188 188
v 1.910275 -4.143379 2.045344 188 188 188
v 1.910275 -4.143379 2.045344 188 188 188
v 1.839088 -3.989029 2.388600 188 188 188
v 1.839088 -3.989029 2.388600 188 188 188
v 1.587437 -4.277489 2.045344 188 188 188
v 1.587437 -4.277489 2.045344 188 188 188
v 1.528275 -4.118134 2.388600 188 188 188
v 1.528275 -4.118134 2.388600 188 188 188
v 1.255276 -4.386482 2.045344 188 188 188
v 1.255276 -4.386482 2.045344 188 188 188
v 1.208488 -4.223083 2.388600 188 188 188
v 1.208488 -4.223083 2.388600 188 188 188
v 0.915741 -4.469742 2.045344 188 188 188
v 0.915741 -4.469742 2.045344 188 188 188
v 0.881603 -4.303246 2.388600 188 188 188
v 0.881603 -4.303246 2.388600 188 188 188
v 0.570835 -4.526779 2.045344 188 188 188
v 0.570835 -4.526779 2.045344 188 188 188
v 0.549541 -4.358147 2.388600 188 188 188
v 0.549541 -4.358147 2.388600 188 188 188
v 0.222569 -4.557236 2.045344 188 188 188
v 0.222569 -4.557236 2.045344 188 188 188
v 0.214252 -4.387474 2.388600 188 188 188
v 0.214252 -4.387474 2.388600 188 188 188
v -0.127007 -4.560959 2.045344 188 188 188
v -0.127007 -4.560959 2.045344 188 188 188
v -0.122299 -4.391060 2.388600 188 188 188
v -0.122299 -4.391060 2.388600 188 188 188
v -0.475842 -4.537910 2.045344 188 188 188
v -0.475842 -4.537910 2.045344 188 188 188
v -0.458141 -4.368866 2.388600 188 188 188
v -0.458141 -4.368866 2.388600 188 188 188
v -0.821884 -4.488235 2.045344 188 188 188
v -0.821884 -4.488235 2.045344 188 188 188
v -0.791298 -4.321045 2.388600 188 188 188
v -0.791298 -4.321045 2.388600 188 188 188
v -1.163109 -4.412224 2.045344 188 188 188
v -1.163109 -4.412224 2.045344 188 188 188
v -1.119816 -4.247856 2.388600 188 188 188
v -1.119816 -4.247856 2.388600 188 188 188
v -1.497520 -4.310310 2.045344 188 188 188
v -1.497520 -4.310310 2.045344 188 188 188
v -1.441761 -4.149750 2.388600 188 188 188
v -1.441761 -4.149750 2.388600 188 188 188
v -1.823139 -4.183105 2.045344 188 188 188
v -1.823139 -4.183105 2.045344 188 188 188
v -1.755253 -4.027283 2.388600 188 188 188
v -1.755253 -4.027283 2.388600 188 188 188
v -2.138065 -4.031357 2.045344 188 188 188
v -2.138065 -4.031357 2.045344 188 188 188
v -2.058449 -3.881180 2.388600 188 188 188
v -2.058449 -3.881180 2.388600 188 188 188
v -2.440453 -3.855934 2.045344 188 188 188
v -2.440453 -3.855934 2.045344 188 188 188
v -2.349571 -3.712296 2.388600 188 188 188
v -2.349571 -3.712296 2.388600 188 188 188
v -2.728519 -3.657898 2.045344 188 188 188
v -2.728519 -3.657898 2.045344 188 188 188
v -2.626911 -3.521637 2.388600 188 188 188
v -2.626911 -3.521637 2.388600 188 188 188
v -3.000580 -3.438393 2.045344 188 188 188
v -3.000580 -3.438393 2.045344 188 188 188
v -2.888836 -3.310310 2.388600 188 188 188
v -2.888836 -3.310310 2.388600 188 188 188
v -3.255035 -3.198708 2.045344 188 188 188
v -3.255035 -3.198708 2.045344 188 188 188
v -3.133808 -3.079552 2.388600 188 188 188
v -3.133808 -3.079552 2.388600 188 188 188
v -3.490395 -2.940254 2.045344 188 188 188
v -3.490395 -2.940254 2.045344 188 188 188
v -3.360401 -2.830727 2.388600 188 188 188
v -3.360401 -2.830727 2.388600 188 188 188
v -3.705273 -2.664543 2.045344 188 188 188
v -3.705273 -2.664543 2.045344 188 188 188
v -3.567280 -2.565277 2.388600 188 188 188
v -3.567280 -2.565277 2.388600 188 188 188
v -3.898415 -2.373192 2.045344 188 188 188
v -3.898415 -2.373192 2.045344 188 188 188
v -3.753223 -2.284782 2.388600 188 188 188
v -3.753223 -2.284782 2.388600 188 188 188
v -4.068684 -2.067917 2.045344 188 188 188
v -4.068684 -2.067917 2.045344 188 188 188
v -3.917149 -1.990883 2.388600 188 188 188
v -3.917149 -1.990883 2.388600 188 188 188
v -4.215076 -1.750504 2.045344 188 188 188
v -4.215076 -1.750504 2.045344 188 188 188
v -4.058090 -1.685295 2.388600 188 188 188
v -4.058090 -1.685295 2.388600 188 188 188
v -4.336739 -1.422821 2.045344 188 188 188
v -4.336739 -1.422821 2.045344 188 188 188
v -4.175220 -1.369812 2.388600 188 188 188
v -4.175220 -1.369812 2.388600 188 188 188
v -4.432957 -1.086784 2.045344 188 188 188
v -4.432957 -1.086784 2.045344 188 188 188
v -4.267857 -1.046303 2.388600 188 188 188
v -4.267857 -1.046303 2.388600 188 188 188
v -4.503166 -0.744370 2.045344 188 188 188
v -4.503166 -0.744370 2.045344 188 188 188
v -4.335449 -0.716637 2.388600 188 188 188
v -4.335449 -0.716637 2.388600 188 188 188
v -4.546955 -0.397591 2.045344 188 188 188
v -4.546955 -0.397591 2.045344 188 188 188
v -4.377605 -0.382782 2.388600 188 188 188
v -4.377605 -0.382782 2.388600 188 188 188
v -4.564060 -0.048477 2.045344 188 188 188
v -4.564060 -0.048477 2.045344 188 188 188
v -4.394073 -0.046669 2.388600 188 188 188
v -4.394073 -0.046669 2.388600 188 188 188
v -4.554386 0.300926 2.045344 188 188 188
v -4.554386 0.300926 2.045344 188 188 188
v -4.384762 0.289711 2.388600 188 188 188
v -4.384762 0.289711 2.388600 188 188 188
v -4.517994 0.648560 2.045344 188 188 188
v -4.517994 0.648560 2.045344 188 188 188
v -4.349724 0.624405 2.388600 188 188 188
v -4.349724 0.624405 2.388600 188 188 188
v -4.455090 0.992393 2.045344 188 188 188
v -4.455090 0.992393 2.045344 188 188 188
v -4.289162 0.955429 2.388600 188 188 188
v -4.289162 0.955429 2.388600 188 188 188
v -4.366047 1.330391 2.045344 188 188 188
v -4.366047 1.330391 2.045344 188 188 188
v -4.203438 1.280838 2.388600 188 188 188
v -4.203438 1.280838 2.388600 188 188 188
v -4.251385 1.660599 2.045344 188 188 188
v -4.251385 1.660599 2.045344 188 188 188
v -4.093044 1.598740 2.388600 188 188 188
v -4.093044 1.598740 2.388600 188 188 188
v -4.111782 1.981049 2.045344 188 188 188
v -4.111782 1.981049 2.045344 188 188 188
v -3.958641 1.907257 2.388600 188 188 188
v -3.958641 1.907257 2.388600 188 188 188
v -3.948051 2.289879 2.045344 188 188 188
v -3.948051 2.289879 2.045344 188 188 188
v -3.801010 2.204582 2.388600 188 188 188
v -3.801010 2.204582 2.388600 188 188 188
v -3.761154 2.585274 2.045344 188 188 188
v -3.761154 2.585274 2.045344 188 188 188
v -3.621078 2.488968 2.388600 188 188 188
v -3.621078 2.488968 2.388600 188 188 188
v -3.552197 2.865494 2.045344 188 188 188
v -3.552197 2.865494 2.045344 188 188 188
v -3.419903 2.758751 2.388600 188 188 188
v -3.419903 2.758751 2.388600 188 188 188
v -3.322392 3.128899 2.045344 188 188 188
v -3.322392 3.128899 2.045344 188 188 188
v -3.198654 3.012344 2.388600 188 188 188
v -3.198654 3.012344 2.388600 188 188 188
v -3.073093 3.373940 2.045344 188 188 188
v -3.073093 3.373940 2.045344 188 188 188
v -2.958649 3.248260 2.388600 188 188 188
v -2.958649 3.248260 2.388600 188 188 188
v -2.805771 3.599190 2.045344 188 188 188
v -2.805771 3.599190 2.045344 188 188 188
v -2.701279 3.465118 2.388600 188 188 188
v -2.701279 3.465118 2.388600 188 188 188
v -2.521980 3.803314 2.045344 188 188 188
v -2.521980 3.803314 2.045344 188 188 188
v -2.428062 3.661636 2.388600 188 188 188
v -2.428062 3.661636 2.388600 188 188 188
v -2.223396 3.985123 2.045344 188 188 188
v -2.223396 3.985123 2.045344 188 188 188
v -2.140602 3.836678 2.388600 188 188 188
v -2.140602 3.836678 2.388600 188 188 188
v -1.911774 4.143539 2.045344 188 188 188
v -1.911774 4.143539 2.045344 188 188 188
v -1.840584 3.989197 2.388600 188 188 188
v -1.840584 3.989197 2.388600 188 188 188
v -1.588932 4.277641 2.045344 188 188 188
v -1.588932 4.277641 2.045344 188 188 188
v -1.529770 4.118301 2.388600 188 188 188
v -1.529770 4.118301 2.388600 188 188 188
v -1.256771 4.386650 2.045344 188 188 188
v -0.917236 4.469910 2.045344 188 188 188
v -1.256771 4.386650 2.045344 188 188 188
v -1.209984 4.223244 2.388600 188 188 188
v -1.209984 4.223244 2.388600 188 188 188
v -0.917236 4.469910 2.045344 188 188 188
v -0.883099 4.303398 2.388600 188 188 188
v -1.209984 4.223244 2.388600 188 188 188
v -1.156101 4.035057 2.717839 188 188 188
v -0.883099 4.303398 2.388600 188 188 188
v -0.551037 4.358307 2.388600 188 188 188
v -0.883099 4.303398 2.388600 188 188 188
v -0.843781 4.111649 2.717839 188 188 188
v -0.843781 4.111649 2.717839 188 188 188
v -0.551037 4.358307 2.388600 188 188 188
v -0.526516 4.164101 2.717839 188 188 188
v -0.843781 4.111649 2.717839 188 188 188
v -0.799515 3.895760 3.031129 188 188 188
v -0.526516 4.164101 2.717839 188 188 188
v -0.526516 4.164101 2.717839 188 188 188
v -0.498909 3.945465 3.031129 188 188 188
v -0.498909 3.945465 3.031129 188 188 188
v -0.206165 4.192123 2.717839 188 188 188
v -0.206165 4.192123 2.717839 188 188 188
v -0.195381 3.972015 3.031129 188 188 188
v -0.195381 3.972015 3.031129 188 188 188
v 0.115391 4.195549 2.717839 188 188 188
v 0.115391 4.195549 2.717839 188 188 188
v 0.109291 3.975258 3.031129 188 188 188
v 0.109291 3.975258 3.031129 188 188 188
v 0.436264 4.174347 2.717839 188 188 188
v 0.436264 4.174347 2.717839 188 188 188
v 0.413319 3.955177 3.031129 188 188 188
v 0.413319 3.955177 3.031129 188 188 188
v 0.754574 4.128654 2.717839 188 188 188
v 0.754574 4.128654 2.717839 188 188 188
v 0.714912 3.911873 3.031129 188 188 188
v 0.714912 3.911873 3.031129 188 188 188
v 1.068451 4.058723 2.717839 188 188 188
v 1.068451 4.058723 2.717839 188 188 188
v 1.012310 3.845627 3.031129 188 188 188
v 1.012310 3.845627 3.031129 188 188 188
v 1.376053 3.964989 2.717839 188 188 188
v 1.376053 3.964989 2.717839 188 188 188
v 1.303761 3.756805 3.031129 188 188 188
v 1.303761 3.756805 3.031129 188 188 188
v 1.675575 3.847984 2.717839 188 188 188
v 1.675575 3.847984 2.717839 188 188 188
v 1.587559 3.645935 3.031129 188 188 188
v 1.587559 3.645935 3.031129 188 188 188
v 1.965263 3.708389 2.717839 188 188 188
v 1.965263 3.708389 2.717839 188 188 188
v 1.862034 3.513680 3.031129 188 188 188
v 1.862034 3.513680 3.031129 188 188 188
v 2.243412 3.547043 2.717839 188 188 188
v 2.243412 3.547043 2.717839 188 188 188
v 2.125580 3.360802 3.031129 188 188 188
v 2.125580 3.360802 3.031129 188 188 188
v 2.508392 3.364868 2.717839 188 188 188
v 2.508392 3.364868 2.717839 188 188 188
v 2.376644 3.188202 3.031129 188 188 188
v 2.376644 3.188202 3.031129 188 188 188
v 2.758644 3.162964 2.717839 188 188 188
v 2.758644 3.162964 2.717839 188 188 188
v 2.613758 2.996887 3.031129 188 188 188
v 2.613758 2.996887 3.031129 188 188 188
v 2.992706 2.942490 2.717839 188 188 188
v 2.992706 2.942490 2.717839 188 188 188
v 2.835526 2.787994 3.031129 188 188 188
v 2.835526 2.787994 3.031129 188 188 188
v 3.209198 2.704742 2.717839 188 188 188
v 3.209198 2.704742 2.717839 188 188 188
v 3.040653 2.562729 3.031129 188 188 188
v 3.040653 2.562729 3.031129 188 188 188
v 3.406857 2.451134 2.717839 188 188 188
v 3.406857 2.451134 2.717839 188 188 188
v 3.227932 2.322433 3.031129 188 188 188
v 3.227932 2.322433 3.031129 188 188 188
v 3.584518 2.183136 2.717839 188 188 188
v 3.584518 2.183136 2.717839 188 188 188
v 3.396263 2.068512 3.031129 188 188 188
v 3.396263 2.068512 3.031129 188 188 188
v 3.741135 1.902328 2.717839 188 188 188
v 3.741135 1.902328 2.717839 188 188 188
v 3.544659 1.802444 3.031129 188 188 188
v 3.544659 1.802444 3.031129 188 188 188
v 3.875797 1.610359 2.717839 188 188 188
v 3.875797 1.610359 2.717839 188 188 188
v 3.672253 1.525810 3.031129 188 188 188
v 3.672253 1.525810 3.031129 188 188 188
v 3.987709 1.308937 2.717839 188 188 188
v 3.987709 1.308937 2.717839 188 188 188
v 3.778286 1.240211 3.031129 188 188 188
v 3.778286 1.240211 3.031129 188 188 188
v 4.076214 0.999840 2.717839 188 188 188
v 4.076214 0.999840 2.717839 188 188 188
v 3.862144 0.947342 3.031129 188 188 188
v 4.076214 0.999840 2.717839 188 188 188
v 4.140797 0.684868 2.717839 188 188 188
v 4.333954 0.716805 2.388600 188 188 188
v 4.140797 0.684868 2.717839 188 188 188
v 4.333954 0.716805 2.388600 188 188 188
v 4.376110 0.382942 2.388600 188 188 188
v 4.545456 0.397751 2.045344 188 188 188
v 4.376110 0.382942 2.388600 188 188 188
v 4.545456 0.397751 2.045344 188 188 188
v 4.562565 0.048645 2.045344 188 188 188
v 4.705769 0.050163 1.690085 188 188 188
v 4.562565 0.048645 2.045344 188 188 188
v 4.695797 -0.310204 1.690085 188 188 188
v 4.695797 -0.310204 1.690085 188 188 188
v 4.562565 0.048645 2.045344 188 188 188
v 4.562565 0.048645 2.045344 188 188 188
v 4.552891 -0.300758 2.045344 188 188 188
v 4.552891 -0.300758 2.045344 188 188 188
v 4.392578 0.046837 2.388600 188 188 188
v 4.552891 -0.300758 2.045344 188 188 188
v 4.383266 -0.289558 2.388600 188 188 188
v 4.383266 -0.289558 2.388600 188 188 188
v 4.516499 -0.648399 2.045344 188 188 188
v 4.516499 -0.648399 2.045344 188 188 188
v 4.348228 -0.624245 2.388600 188 188 188
v 4.348228 -0.624245 2.388600 188 188 188
v 4.453594 -0.992226 2.045344 188 188 188
v 4.453594 -0.992226 2.045344 188 188 188
v 4.287666 -0.955261 2.388600 188 188 188
v 4.287666 -0.955261 2.388600 188 188 188
v 4.364552 -1.330231 2.045344 188 188 188
v 4.364552 -1.330231 2.045344 188 188 188
v 4.201939 -1.280678 2.388600 188 188 188
v 4.201939 -1.280678 2.388600 188 188 188
v 4.249889 -1.660439 2.045344 188 188 188
v 4.249889 -1.660439 2.045344 188 188 188
v 4.091549 -1.598579 2.388600 188 188 188
v 4.091549 -1.598579 2.388600 188 188 188
v 4.110283 -1.980888 2.045344 188 188 188
v 4.110283 -1.980888 2.045344 188 188 188
v 3.957146 -1.907089 2.388600 188 188 188
v 3.957146 -1.907089 2.388600 188 188 188
v 3.946556 -2.289711 2.045344 188 188 188
v 3.946556 -2.289711 2.045344 188 188 188
v 3.799515 -2.204422 2.388600 188 188 188
v 3.799515 -2.204422 2.388600 188 188 188
v 3.759659 -2.585114 2.045344 188 188 188
v 3.759659 -2.585114 2.045344 188 188 188
v 3.619583 -2.488808 2.388600 188 188 188
v 3.619583 -2.488808 2.388600 188 188 188
v 3.550697 -2.865334 2.045344 188 188 188
v 3.320896 -3.128738 2.045344 188 188 188
v 3.550697 -2.865334 2.045344 188 188 188
v 3.418404 -2.758591 2.388600 188 188 188
v 3.418404 -2.758591 2.388600 188 188 188
v 3.320896 -3.128738 2.045344 188 188 188
v 3.197159 -3.012184 2.388600 188 188 188
v 3.418404 -2.758591 2.388600 188 188 188
v 3.266045 -2.635666 2.717839 188 188 188
v 3.197159 -3.012184 2.388600 188 188 188
v 2.957153 -3.248108 2.388600 188 188 188
v 3.197159 -3.012184 2.388600 188 188 188
v 3.054661 -2.877960 2.717839 188 188 188
v 3.054661 -2.877960 2.717839 188 188 188
v 2.957153 -3.248108 2.388600 188 188 188
v 2.825348 -3.103363 2.717839 188 188 188
v 3.054661 -2.877960 2.717839 188 188 188
v 2.894230 -2.726845 3.031129 188 188 188
v 2.825348 -3.103363 2.717839 188 188 188
v 2.825348 -3.103363 2.717839 188 188 188
v 2.676956 -2.940407 3.031129 188 188 188
v 2.676956 -2.940407 3.031129 188 188 188
v 2.579445 -3.310555 2.717839 188 188 188
v 2.579445 -3.310555 2.717839 188 188 188
v 2.443970 -3.136726 3.031129 188 188 188
v 2.443970 -3.136726 3.031129 188 188 188
v 2.318405 -3.498322 2.717839 188 188 188
v 2.318405 -3.498322 2.717839 188 188 188
v 2.196632 -3.314629 3.031129 188 188 188
v 2.196632 -3.314629 3.031129 188 188 188
v 2.043755 -3.665550 2.717839 188 188 188
v 2.043755 -3.665550 2.717839 188 188 188
v 1.936401 -3.473076 3.031129 188 188 188
v 1.936401 -3.473076 3.031129 188 188 188
v 1.757103 -3.811272 2.717839 188 188 188
v 1.757103 -3.811272 2.717839 188 188 188
v 1.664806 -3.611153 3.031129 188 188 188
v 1.664806 -3.611153 3.031129 188 188 188
v 1.460140 -3.934631 2.717839 188 188 188
v 1.460140 -3.934631 2.717839 188 188 188
v 1.383434 -3.728027 3.031129 188 188 188
v 1.383434 -3.728027 3.031129 188 188 188
v 1.154602 -4.034897 2.717839 188 188 188
v 1.154602 -4.034897 2.717839 188 188 188
v 1.093937 -3.823029 3.031129 188 188 188
v 1.093937 -3.823029 3.031129 188 188 188
v 0.842285 -4.111481 2.717839 188 188 188
v 0.842285 -4.111481 2.717839 188 188 188
v 0.798019 -3.895599 3.031129 188 188 188
v 0.798019 -3.895599 3.031129 188 188 188
v 0.525021 -4.163940 2.717839 188 188 188
v 0.525021 -4.163940 2.717839 188 188 188
v 0.497414 -3.945297 3.031129 188 188 188
v 0.497414 -3.945297 3.031129 188 188 188
v 0.204670 -4.191963 2.717839 188 188 188
v 0.204670 -4.191963 2.717839 188 188 188
v 0.193886 -3.971848 3.031129 188 188 188
v 0.193886 -3.971848 3.031129 188 188 188
v -0.116886 -4.195389 2.717839 188 188 188
v -0.116886 -4.195389 2.717839 188 188 188
v -0.110790 -3.975090 3.031129 188 188 188
v -0.110790 -3.975090 3.031129 188 188 188
v -0.437759 -4.174187 2.717839 188 188 188
v -0.437759 -4.174187 2.717839 188 188 188
v -0.414814 -3.955009 3.031129 188 188 188
v -0.414814 -3.955009 3.031129 188 188 188
v -0.756069 -4.128487 2.717839 188 188 188
v -0.756069 -4.128487 2.717839 188 188 188
v -0.716408 -3.911713 3.031129 188 188 188
v -0.716408 -3.911713 3.031129 188 188 188
v -1.069950 -4.058571 2.717839 188 188 188
v -1.069950 -4.058571 2.717839 188 188 188
v -1.013805 -3.845459 3.031129 188 188 188
v -1.013805 -3.845459 3.031129 188 188 188
v -1.377548 -3.964821 2.717839 188 188 188
v -1.377548 -3.964821 2.717839 188 188 188
v -1.305260 -3.756645 3.031129 188 188 188
v -1.305260 -3.756645 3.031129 188 188 188
v -1.677071 -3.847816 2.717839 188 188 188
v -1.677071 -3.847816 2.717839 188 188 188
v -1.589054 -3.645775 3.031129 188 188 188
v -1.589054 -3.645775 3.031129 188 188 188
v -1.966759 -3.708229 2.717839 188 188 188
v -1.966759 -3.708229 2.717839 188 188 188
v -1.863529 -3.513519 3.031129 188 188 188
v -1.863529 -3.513519 3.031129 188 188 188
v -2.244907 -3.546875 2.717839 188 188 188
v -2.244907 -3.546875 2.717839 188 188 188
v -2.127075 -3.360641 3.031129 188 188 188
v -2.127075 -3.360641 3.031129 188 188 188
v -2.509888 -3.364716 2.717839 188 188 188
v -2.509888 -3.364716 2.717839 188 188 188
v -2.378139 -3.188034 3.031129 188 188 188
v -2.378139 -3.188034 3.031129 188 188 188
v -2.760139 -3.162796 2.717839 188 188 188
v -2.760139 -3.162796 2.717839 188 188 188
v -2.615253 -2.996727 3.031129 188 188 188
v -2.615253 -2.996727 3.031129 188 188 188
v -2.994202 -2.942322 2.717839 188 188 188
v -2.994202 -2.942322 2.717839 188 188 188
v -2.837025 -2.787827 3.031129 188 188 188
v -2.837025 -2.787827 3.031129 188 188 188
v -3.210693 -2.704582 2.717839 188 188 188
v -3.210693 -2.704582 2.717839 188 188 188
v -3.042152 -2.562569 3.031129 188 188 188
v -3.042152 -2.562569 3.031129 188 188 188
v -3.408352 -2.450974 2.717839 188 188 188
v -3.408352 -2.450974 2.717839 188 188 188
v -3.229427 -2.322273 3.031129 188 188 188
v -3.229427 -2.322273 3.031129 188 188 188
v -3.586014 -2.182976 2.717839 188 188 188
v -3.586014 -2.182976 2.717839 188 188 188
v -3.397758 -2.068352 3.031129 188 188 188
v -3.397758 -2.068352 3.031129 188 188 188
v -3.742630 -1.902161 2.717839 188 188 188
v -3.742630 -1.902161 2.717839 188 188 188
v -3.546154 -1.802284 3.031129 188 188 188
v -3.546154 -1.802284 3.031129 188 188 188
v -3.877293 -1.610191 2.717839 188 188 188
v -3.877293 -1.610191 2.717839 188 188 188
v -3.673748 -1.525642 3.031129 188 188 188
v -3.673748 -1.525642 3.031129 188 188 188
v -3.989204 -1.308777 2.717839 188 188 188
v -3.989204 -1.308777 2.717839 188 188 188
v -3.779785 -1.240051 3.031129 188 188 188
v -3.779785 -1.240051 3.031129 188 188 188
v -4.077713 -0.999672 2.717839 188 188 188
v -4.077713 -0.999672 2.717839 188 188 188
v -3.863644 -0.947182 3.031129 188 188 188
v -3.863644 -0.947182 3.031129 188 188 188
v -4.142292 -0.684708 2.717839 188 188 188
v -4.142292 -0.684708 2.717839 188 188 188
v -3.924831 -0.648750 3.031129 188 188 188
v -3.924831 -0.648750 3.031129 188 188 188
v -4.182571 -0.365723 2.717839 188 188 188
v -4.182571 -0.365723 2.717839 188 188 188
v -3.962997 -0.346504 3.031129 188 188 188
v -3.962997 -0.346504 3.031129 188 188 188
v -4.198307 -0.044586 2.717839 188 188 188
v -4.198307 -0.044586 2.717839 188 188 188
v -3.977901 -0.042236 3.031129 188 188 188
v -3.977901 -0.042236 3.031129 188 188 188
v -4.189407 0.276810 2.717839 188 188 188
v -4.189407 0.276810 2.717839 188 188 188
v -3.969475 0.262276 3.031129 188 188 188
v -3.969475 0.262276 3.031129 188 188 188
v -4.155930 0.596588 2.717839 188 188 188
v -4.155930 0.596588 2.717839 188 188 188
v -3.937756 0.565269 3.031129 188 188 188
v -3.937756 0.565269 3.031129 188 188 188
v -4.098072 0.912849 2.717839 188 188 188
v -4.098072 0.912849 2.717839 188 188 188
v -3.882931 0.864929 3.031129 188 188 188
v -3.882931 0.864929 3.031129 188 188 188
v -4.016163 1.223770 2.717839 188 188 188
v -4.016163 1.223770 2.717839 188 188 188
v -3.805325 1.159515 3.031129 188 188 188
v -3.805325 1.159515 3.031129 188 188 188
v -3.910690 1.527504 2.717839 188 188 188
v -3.910690 1.527504 2.717839 188 188 188
v -3.705395 1.447296 3.031129 188 188 188
v -3.705395 1.447296 3.031129 188 188 188
v -3.782280 1.822273 2.717839 188 188 188
v -3.782280 1.822273 2.717839 188 188 188
v -3.583721 1.726601 3.031129 188 188 188
v -3.583721 1.726601 3.031129 188 188 188
v -3.631672 2.106346 2.717839 188 188 188
v -3.631672 2.106346 2.717839 188 188 188
v -3.441021 1.995758 3.031129 188 188 188
v -3.441021 1.995758 3.031129 188 188 188
v -3.459755 2.378067 2.717839 188 188 188
v -3.459755 2.378067 2.717839 188 188 188
v -3.278133 2.253212 3.031129 188 188 188
v -3.278133 2.253212 3.031129 188 188 188
v -3.267544 2.635834 2.717839 188 188 188
v -3.267544 2.635834 2.717839 188 188 188
v -3.096012 2.497429 3.031129 188 188 188
v -3.096012 2.497429 3.031129 188 188 188
v -3.056156 2.878120 2.717839 188 188 188
v -3.056156 2.878120 2.717839 188 188 188
v -2.895725 2.727005 3.031129 188 188 188
v -2.895725 2.727005 3.031129 188 188 188
v -2.826843 3.103523 2.717839 188 188 188
v -2.826843 3.103523 2.717839 188 188 188
v -2.678452 2.940575 3.031129 188 188 188
v -2.678452 2.940575 3.031129 188 188 188
v -2.580944 3.310722 2.717839 188 188 188
v -2.580944 3.310722 2.717839 188 188 188
v -2.445465 3.136887 3.031129 188 188 188
v -2.445465 3.136887 3.031129 188 188 188
v -2.319901 3.498482 2.717839 188 188 188
v -2.319901 3.498482 2.717839 188 188 188
v -2.198132 3.314796 3.031129 188 188 188
v -2.198132 3.314796 3.031129 188 188 188
v -2.045254 3.665710 2.717839 188 188 188
v -2.045254 3.665710 2.717839 188 188 188
v -1.937901 3.473244 3.031129 188 188 188
v -1.937901 3.473244 3.031129 188 188 188
v -1.758602 3.811440 2.717839 188 188 188
v -1.758602 3.811440 2.717839 188 188 188
v -1.666302 3.611313 3.031129 188 188 188
v -1.666302 3.611313 3.031129 188 188 188
v -1.461636 3.934799 2.717839 188 188 188
v -1.156101 4.035057 2.717839 188 188 188
v -1.461636 3.934799 2.717839 188 188 188
v -1.384930 3.728195 3.031129 188 188 188
v -1.384930 3.728195 3.031129 188 188 188
v -1.156101 4.035057 2.717839 188 188 188
v -1.095436 3.823196 3.031129 188 188 188
v -1.384930 3.728195 3.031129 188 188 188
v -1.300102 3.499718 3.326629 188 188 188
v -1.095436 3.823196 3.031129 188 188 188
v -0.799515 3.895760 3.031129 188 188 188
v -1.095436 3.823196 3.031129 188 188 188
v -1.028347 3.588898 3.326629 188 188 188
v -1.028347 3.588898 3.326629 188 188 188
v -0.799515 3.895760 3.031129 188 188 188
v -0.750561 3.657013 3.326629 188 188 188
v -1.028347 3.588898 3.326629 188 188 188
v -0.955231 3.333534 3.602609 188 188 188
v -0.750561 3.657013 3.326629 188 188 188
v -0.750561 3.657013 3.326629 188 188 188
v -0.697212 3.396805 3.602609 188 188 188
v -0.697212 3.396805 3.602609 188 188 188
v -0.468380 3.703674 3.326629 188 188 188
v -0.468380 3.703674 3.326629 188 188 188
v -0.435104 3.440147 3.602609 188 188 188
v -0.435104 3.440147 3.602609 188 188 188
v -0.183453 3.728592 3.326629 188 188 188
v -0.183453 3.728592 3.326629 188 188 188
v -0.170452 3.463295 3.602609 188 188 188
v -0.170452 3.463295 3.602609 188 188 188
v 0.102547 3.731636 3.326629 188 188 188
v 0.102547 3.731636 3.326629 188 188 188
v 0.095200 3.466118 3.602609 188 188 188
v 0.095200 3.466118 3.602609 188 188 188
v 0.387939 3.712784 3.326629 188 188 188
v 0.387939 3.712784 3.326629 188 188 188
v 0.360287 3.448608 3.602609 188 188 188
v 0.360287 3.448608 3.602609 188 188 188
v 0.671055 3.672134 3.326629 188 188 188
v 0.671055 3.672134 3.326629 188 188 188
v 0.623253 3.410851 3.602609 188 188 188
v 0.623253 3.410851 3.602609 188 188 188
v 0.950222 3.609947 3.326629 188 188 188
v 0.950222 3.609947 3.326629 188 188 188
v 0.882557 3.353088 3.602609 188 188 188
v 0.882557 3.353088 3.602609 188 188 188
v 1.223816 3.526573 3.326629 188 188 188
v 1.223816 3.526573 3.326629 188 188 188
v 1.136681 3.275642 3.602609 188 188 188
v 1.136681 3.275642 3.602609 188 188 188
v 1.490219 3.422508 3.326629 188 188 188
v 1.490219 3.422508 3.326629 188 188 188
v 1.384129 3.178986 3.602609 188 188 188
v 1.384129 3.178986 3.602609 188 188 188
v 1.747875 3.298347 3.326629 188 188 188
v 1.747875 3.298347 3.326629 188 188 188
v 1.623447 3.063660 3.602609 188 188 188
v 1.623447 3.063660 3.602609 188 188 188
v 1.995266 3.154839 3.326629 188 188 188
v 1.995266 3.154839 3.326629 188 188 188
v 1.853237 2.930367 3.602609 188 188 188
v 1.853237 2.930367 3.602609 188 188 188
v 2.230946 2.992813 3.326629 188 188 188
v 2.230946 2.992813 3.326629 188 188 188
v 2.072147 2.779869 3.602609 188 188 188
v 2.072147 2.779869 3.602609 188 188 188
v 2.453526 2.813225 3.326629 188 188 188
v 2.453526 2.813225 3.326629 188 188 188
v 2.278893 2.613052 3.602609 188 188 188
v 2.278893 2.613052 3.602609 188 188 188
v 2.661705 2.617126 3.326629 188 188 188
v 2.661705 2.617126 3.326629 188 188 188
v 2.472260 2.430916 3.602609 188 188 188
v 2.472260 2.430916 3.602609 188 188 188
v 2.854263 2.405678 3.326629 188 188 188
v 2.854263 2.405678 3.326629 188 188 188
v 2.651112 2.234505 3.602609 188 188 188
v 2.651112 2.234505 3.602609 188 188 188
v 3.030064 2.180107 3.326629 188 188 188
v 3.030064 2.180107 3.326629 188 188 188
v 2.814407 2.024994 3.602609 188 188 188
v 2.814407 2.024994 3.602609 188 188 188
v 3.188080 1.941742 3.326629 188 188 188
v 3.188080 1.941742 3.326629 188 188 188
v 2.961178 1.803589 3.602609 188 188 188
v 2.961178 1.803589 3.602609 188 188 188
v 3.327381 1.691986 3.326629 188 188 188
v 3.327381 1.691986 3.326629 188 188 188
v 3.090569 1.571602 3.602609 188 188 188
v 3.090569 1.571602 3.602609 188 188 188
v 3.447151 1.432304 3.326629 188 188 188
v 3.447151 1.432304 3.326629 188 188 188
v 3.201820 1.330391 3.602609 188 188 188
v 3.201820 1.330391 3.602609 188 188 188
v 3.546688 1.164207 3.326629 188 188 188
v 3.546688 1.164207 3.326629 188 188 188
v 3.294270 1.081383 3.602609 188 188 188
v 3.294270 1.081383 3.602609 188 188 188
v 3.625408 0.889290 3.326629 188 188 188
v 3.625408 0.889290 3.326629 188 188 188
v 3.367393 0.826019 3.602609 188 188 188
v 3.625408 0.889290 3.326629 188 188 188
v 3.682850 0.609146 3.326629 188 188 188
v 3.923336 0.648911 3.031129 188 188 188
v 3.682850 0.609146 3.326629 188 188 188
v 3.923336 0.648911 3.031129 188 188 188
v 3.961498 0.346672 3.031129 188 188 188
v 4.181072 0.365883 2.717839 188 188 188
v 3.961498 0.346672 3.031129 188 188 188
v 4.392578 0.046837 2.388600 188 188 188
v 4.181072 0.365883 2.717839 188 188 188
v 4.196812 0.044746 2.717839 188 188 188
v 4.376110 0.382942 2.388600 188 188 188
v 4.181072 0.365883 2.717839 188 188 188
v 4.392578 0.046837 2.388600 188 188 188
v 4.196812 0.044746 2.717839 188 188 188
v 3.961498 0.346672 3.031129 188 188 188
v 4.196812 0.044746 2.717839 188 188 188
v 3.976406 0.042404 3.031129 188 188 188
v 4.383266 -0.289558 2.388600 188 188 188
v 4.196812 0.044746 2.717839 188 188 188
v 4.187912 -0.276649 2.717839 188 188 188
v 4.187912 -0.276649 2.717839 188 188 188
v 3.976406 0.042404 3.031129 188 188 188
v 4.187912 -0.276649 2.717839 188 188 188
v 3.967979 -0.262123 3.031129 188 188 188
v 3.967979 -0.262123 3.031129 188 188 188
v 4.154434 -0.596420 2.717839 188 188 188
v 4.154434 -0.596420 2.717839 188 188 188
v 3.936260 -0.565102 3.031129 188 188 188
v 3.936260 -0.565102 3.031129 188 188 188
v 4.096573 -0.912697 2.717839 188 188 188
v 4.096573 -0.912697 2.717839 188 188 188
v 3.881435 -0.864761 3.031129 188 188 188
v 3.881435 -0.864761 3.031129 188 188 188
v 4.014668 -1.223602 2.717839 188 188 188
v 4.014668 -1.223602 2.717839 188 188 188
v 3.803829 -1.159355 3.031129 188 188 188
v 3.803829 -1.159355 3.031129 188 188 188
v 3.909195 -1.527336 2.717839 188 188 188
v 3.909195 -1.527336 2.717839 188 188 188
v 3.703896 -1.447144 3.031129 188 188 188
v 3.703896 -1.447144 3.031129 188 188 188
v 3.780781 -1.822113 2.717839 188 188 188
v 3.780781 -1.822113 2.717839 188 188 188
v 3.582226 -1.726433 3.031129 188 188 188
v 3.582226 -1.726433 3.031129 188 188 188
v 3.630173 -2.106186 2.717839 188 188 188
v 3.630173 -2.106186 2.717839 188 188 188
v 3.439526 -1.995590 3.031129 188 188 188
v 3.439526 -1.995590 3.031129 188 188 188
v 3.458260 -2.377899 2.717839 188 188 188
v 3.266045 -2.635666 2.717839 188 188 188
v 3.458260 -2.377899 2.717839 188 188 188
v 3.276638 -2.253044 3.031129 188 188 188
v 3.276638 -2.253044 3.031129 188 188 188
v 3.266045 -2.635666 2.717839 188 188 188
v 3.094517 -2.497269 3.031129 188 188 188
v 3.276638 -2.253044 3.031129 188 188 188
v 3.075783 -2.114960 3.326629 188 188 188
v 3.094517 -2.497269 3.031129 188 188 188
v 2.894230 -2.726845 3.031129 188 188 188
v 3.094517 -2.497269 3.031129 188 188 188
v 2.904823 -2.344223 3.326629 188 188 188
v 2.904823 -2.344223 3.326629 188 188 188
v 2.894230 -2.726845 3.031129 188 188 188
v 2.716808 -2.559715 3.326629 188 188 188
v 2.904823 -2.344223 3.326629 188 188 188
v 2.698078 -2.177406 3.602609 188 188 188
v 2.716808 -2.559715 3.326629 188 188 188
v 2.716808 -2.559715 3.326629 188 188 188
v 2.523445 -2.377579 3.602609 188 188 188
v 2.523445 -2.377579 3.602609 188 188 188
v 2.512852 -2.760201 3.326629 188 188 188
v 2.512852 -2.760201 3.326629 188 188 188
v 2.333996 -2.563789 3.602609 188 188 188
v 2.333996 -2.563789 3.602609 188 188 188
v 2.294144 -2.944481 3.326629 188 188 188
v 2.294144 -2.944481 3.326629 188 188 188
v 2.130852 -2.734962 3.602609 188 188 188
v 2.130852 -2.734962 3.602609 188 188 188
v 2.061966 -3.111488 3.326629 188 188 188
v 2.061966 -3.111488 3.326629 188 188 188
v 1.915195 -2.890083 3.602609 188 188 188
v 1.915195 -2.890083 3.602609 188 188 188
v 1.817684 -3.260231 3.326629 188 188 188
v 1.817684 -3.260231 3.326629 188 188 188
v 1.688293 -3.028244 3.602609 188 188 188
v 1.688293 -3.028244 3.602609 188 188 188
v 1.562729 -3.389839 3.326629 188 188 188
v 1.562729 -3.389839 3.326629 188 188 188
v 1.451485 -3.148628 3.602609 188 188 188
v 1.451485 -3.148628 3.602609 188 188 188
v 1.298607 -3.499557 3.326629 188 188 188
v 1.298607 -3.499557 3.326629 188 188 188
v 1.206150 -3.250542 3.602609 188 188 188
v 1.206150 -3.250542 3.602609 188 188 188
v 1.026852 -3.588730 3.326629 188 188 188
v 1.026852 -3.588730 3.326629 188 188 188
v 0.953735 -3.333366 3.602609 188 188 188
v 0.953735 -3.333366 3.602609 188 188 188
v 0.749065 -3.656853 3.326629 188 188 188
v 0.749065 -3.656853 3.326629 188 188 188
v 0.695713 -3.396645 3.602609 188 188 188
v 0.695713 -3.396645 3.602609 188 188 188
v 0.466885 -3.703506 3.326629 188 188 188
v 0.466885 -3.703506 3.326629 188 188 188
v 0.433609 -3.439980 3.602609 188 188 188
v 0.433609 -3.439980 3.602609 188 188 188
v 0.181957 -3.728432 3.326629 188 188 188
v 0.181957 -3.728432 3.326629 188 188 188
v 0.168957 -3.463127 3.602609 188 188 188
v 0.168957 -3.463127 3.602609 188 188 188
v -0.104042 -3.731468 3.326629 188 188 188
v -0.104042 -3.731468 3.326629 188 188 188
v -0.096695 -3.465958 3.602609 188 188 188
v -0.096695 -3.465958 3.602609 188 188 188
v -0.389439 -3.712616 3.326629 188 188 188
v -0.389439 -3.712616 3.326629 188 188 188
v -0.361782 -3.448441 3.602609 188 188 188
v -0.361782 -3.448441 3.602609 188 188 188
v -0.672550 -3.671974 3.326629 188 188 188
v -0.672550 -3.671974 3.326629 188 188 188
v -0.624748 -3.410690 3.602609 188 188 188
v -0.624748 -3.410690 3.602609 188 188 188
v -0.951721 -3.609779 3.326629 188 188 188
v -0.951721 -3.609779 3.326629 188 188 188
v -0.884052 -3.352928 3.602609 188 188 188
v -0.884052 -3.352928 3.602609 188 188 188
v -1.225311 -3.526413 3.326629 188 188 188
v -1.225311 -3.526413 3.326629 188 188 188
v -1.138180 -3.275482 3.602609 188 188 188
v -1.138180 -3.275482 3.602609 188 188 188
v -1.491714 -3.422340 3.326629 188 188 188
v -1.491714 -3.422340 3.326629 188 188 188
v -1.385628 -3.178818 3.602609 188 188 188
v -1.385628 -3.178818 3.602609 188 188 188
v -1.749371 -3.298180 3.326629 188 188 188
v -1.749371 -3.298180 3.326629 188 188 188
v -1.624947 -3.063492 3.602609 188 188 188
v -1.624947 -3.063492 3.602609 188 188 188
v -1.996761 -3.154671 3.326629 188 188 188
v -1.996761 -3.154671 3.326629 188 188 188
v -1.854736 -2.930199 3.602609 188 188 188
v -1.854736 -2.930199 3.602609 188 188 188
v -2.232441 -2.992653 3.326629 188 188 188
v -2.232441 -2.992653 3.326629 188 188 188
v -2.073643 -2.779701 3.602609 188 188 188
v -2.073643 -2.779701 3.602609 188 188 188
v -2.455021 -2.813065 3.326629 188 188 188
v -2.455021 -2.813065 3.326629 188 188 188
v -2.280392 -2.612900 3.602609 188 188 188
v -2.280392 -2.612900 3.602609 188 188 188
v -2.663204 -2.616966 3.326629 188 188 188
v -2.663204 -2.616966 3.326629 188 188 188
v -2.473759 -2.430748 3.602609 188 188 188
v -2.473759 -2.430748 3.602609 188 188 188
v -2.855759 -2.405518 3.326629 188 188 188
v -2.855759 -2.405518 3.326629 188 188 188
v -2.652611 -2.234344 3.602609 188 188 188
v -2.652611 -2.234344 3.602609 188 188 188
v -3.031559 -2.179947 3.326629 188 188 188
v -3.031559 -2.179947 3.326629 188 188 188
v -2.815903 -2.024826 3.602609 188 188 188
v -2.815903 -2.024826 3.602609 188 188 188
v -3.189575 -1.941589 3.326629 188 188 188
v -3.189575 -1.941589 3.326629 188 188 188
v -2.962673 -1.803429 3.602609 188 188 188
v -2.962673 -1.803429 3.602609 188 188 188
v -3.328876 -1.691826 3.326629 188 188 188
v -3.328876 -1.691826 3.326629 188 188 188
v -3.092064 -1.571442 3.602609 188 188 188
v -3.092064 -1.571442 3.602609 188 188 188
v -3.448647 -1.432144 3.326629 188 188 188
v -3.448647 -1.432144 3.326629 188 188 188
v -3.203316 -1.330231 3.602609 188 188 188
v -3.203316 -1.330231 3.602609 188 188 188
v -3.548187 -1.164047 3.326629 188 188 188
v -3.548187 -1.164047 3.326629 188 188 188
v -3.295769 -1.081215 3.602609 188 188 188
v -3.295769 -1.081215 3.602609 188 188 188
v -3.626904 -0.889130 3.326629 188 188 188
v -3.626904 -0.889130 3.326629 188 188 188
v -3.368889 -0.825851 3.602609 188 188 188
v -3.368889 -0.825851 3.602609 188 188 188
v -3.684345 -0.608978 3.326629 188 188 188
v -3.684345 -0.608978 3.326629 188 188 188
v -3.422241 -0.565643 3.602609 188 188 188
v -3.422241 -0.565643 3.602609 188 188 188
v -3.720169 -0.325264 3.326629 188 188 188
v -3.720169 -0.325264 3.326629 188 188 188
v -3.455513 -0.302116 3.602609 188 188 188
v -3.455513 -0.302116 3.602609 188 188 188
v -3.734165 -0.039642 3.326629 188 188 188
v -3.734165 -0.039642 3.326629 188 188 188
v -3.468513 -0.036819 3.602609 188 188 188
v -3.468513 -0.036819 3.602609 188 188 188
v -3.726250 0.246208 3.326629 188 188 188
v -3.726250 0.246208 3.326629 188 188 188
v -3.461163 0.228699 3.602609 188 188 188
v -3.461163 0.228699 3.602609 188 188 188
v -3.696472 0.530624 3.326629 188 188 188
v -3.696472 0.530624 3.326629 188 188 188
v -3.433510 0.492874 3.602609 188 188 188
v -3.433510 0.492874 3.602609 188 188 188
v -3.645012 0.811920 3.326629 188 188 188
v -3.645012 0.811920 3.326629 188 188 188
v -3.385708 0.754158 3.602609 188 188 188
v -3.385708 0.754158 3.602609 188 188 188
v -3.572163 1.088463 3.326629 188 188 188
v -3.572163 1.088463 3.326629 188 188 188
v -3.318039 1.011017 3.602609 188 188 188
v -3.318039 1.011017 3.602609 188 188 188
v -3.478352 1.358612 3.326629 188 188 188
v -3.478352 1.358612 3.326629 188 188 188
v -3.230904 1.261948 3.602609 188 188 188
v -3.230904 1.261948 3.602609 188 188 188
v -3.364136 1.620789 3.326629 188 188 188
v -3.364136 1.620789 3.326629 188 188 188
v -3.124817 1.505463 3.602609 188 188 188
v -3.124817 1.505463 3.602609 188 188 188
v -3.230183 1.873451 3.326629 188 188 188
v -3.230183 1.873451 3.326629 188 188 188
v -3.000393 1.740158 3.602609 188 188 188
v -3.000393 1.740158 3.602609 188 188 188
v -3.077278 2.115128 3.326629 188 188 188
v -3.077278 2.115128 3.326629 188 188 188
v -2.858368 1.964622 3.602609 188 188 188
v -2.858368 1.964622 3.602609 188 188 188
v -2.906319 2.344383 3.326629 188 188 188
v -2.906319 2.344383 3.326629 188 188 188
v -2.699574 2.177574 3.602609 188 188 188
v -2.699574 2.177574 3.602609 188 188 188
v -2.718307 2.559883 3.326629 188 188 188
v -2.718307 2.559883 3.326629 188 188 188
v -2.524940 2.377747 3.602609 188 188 188
v -2.524940 2.377747 3.602609 188 188 188
v -2.514347 2.760361 3.326629 188 188 188
v -2.514347 2.760361 3.326629 188 188 188
v -2.335495 2.563957 3.602609 188 188 188
v -2.335495 2.563957 3.602609 188 188 188
v -2.295639 2.944649 3.326629 188 188 188
v -2.295639 2.944649 3.326629 188 188 188
v -2.132347 2.735123 3.602609 188 188 188
v -2.132347 2.735123 3.602609 188 188 188
v -2.063465 3.111649 3.326629 188 188 188
v -2.063465 3.111649 3.326629 188 188 188
v -1.916691 2.890244 3.602609 188 188 188
v -1.916691 2.890244 3.602609 188 188 188
v -1.819180 3.260391 3.326629 188 188 188
v -1.819180 3.260391 3.326629 188 188 188
v -1.689789 3.028412 3.602609 188 188 188
v -1.689789 3.028412 3.602609 188 188 188
v -1.564232 3.389999 3.326629 188 188 188
v -1.300102 3.499718 3.326629 188 188 188
v -1.564232 3.389999 3.326629 188 188 188
v -1.452980 3.148788 3.602609 188 188 188
v -1.452980 3.148788 3.602609 188 188 188
v -1.300102 3.499718 3.326629 188 188 188
v -1.207645 3.250702 3.602609 188 188 188
v -1.452980 3.148788 3.602609 188 188 188
v -1.333210 2.889099 3.857448 188 188 188
v -1.207645 3.250702 3.602609 188 188 188
v -0.955231 3.333534 3.602609 188 188 188
v -1.207645 3.250702 3.602609 188 188 188
v -1.108109 2.982605 3.857448 188 188 188
v -1.108109 2.982605 3.857448 188 188 188
v -0.955231 3.333534 3.602609 188 188 188
v -0.876511 3.058617 3.857448 188 188 188
v -1.108109 2.982605 3.857448 188 188 188
v -1.002075 2.697014 4.089648 188 188 188
v -0.876511 3.058617 3.857448 188 188 188
v -0.876511 3.058617 3.857448 188 188 188
v -0.792652 2.765747 4.089648 188 188 188
v -0.792652 2.765747 4.089648 188 188 188
v -0.639771 3.116661 3.857448 188 188 188
v -0.639771 3.116661 3.857448 188 188 188
v -0.578583 2.818237 4.089648 188 188 188
v -0.578583 2.818237 4.089648 188 188 188
v -0.399284 3.156433 3.857448 188 188 188
v -0.399284 3.156433 3.857448 188 188 188
v -0.361122 2.854187 4.089648 188 188 188
v -0.361122 2.854187 4.089648 188 188 188
v -0.156456 3.177673 3.857448 188 188 188
v -0.156456 3.177673 3.857448 188 188 188
v -0.141548 2.873398 4.089648 188 188 188
v -0.141548 2.873398 4.089648 188 188 188
v 0.087284 3.180267 3.857448 188 188 188
v 0.087284 3.180267 3.857448 188 188 188
v 0.078857 2.875740 4.089648 188 188 188
v 0.078857 2.875740 4.089648 188 188 188
v 0.330509 3.164200 3.857448 188 188 188
v 0.330509 3.164200 3.857448 188 188 188
v 0.298790 2.861214 4.089648 188 188 188
v 0.298790 2.861214 4.089648 188 188 188
v 0.571789 3.129555 3.857448 188 188 188
v 0.571789 3.129555 3.857448 188 188 188
v 0.516964 2.829895 4.089648 188 188 188
v 0.516964 2.829895 4.089648 188 188 188
v 0.809708 3.076553 3.857448 188 188 188
v 0.809708 3.076553 3.857448 188 188 188
v 0.732101 2.781967 4.089648 188 188 188
v 0.732101 2.781967 4.089648 188 188 188
v 1.042873 3.005493 3.857448 188 188 188
v 1.042873 3.005493 3.857448 188 188 188
v 0.942940 2.717712 4.089648 188 188 188
v 0.942940 2.717712 4.089648 188 188 188
v 1.269913 2.916809 3.857448 188 188 188
v 1.269913 2.916809 3.857448 188 188 188
v 1.148239 2.637512 4.089648 188 188 188
v 1.148239 2.637512 4.089648 188 188 188
v 1.489494 2.810997 3.857448 188 188 188
v 1.489494 2.810997 3.857448 188 188 188
v 1.346794 2.541840 4.089648 188 188 188
v 1.346794 2.541840 4.089648 188 188 188
v 1.700333 2.688690 3.857448 188 188 188
v 1.700333 2.688690 3.857448 188 188 188
v 1.537445 2.431244 4.089648 188 188 188
v 1.537445 2.431244 4.089648 188 188 188
v 1.901188 2.550606 3.857448 188 188 188
v 1.901188 2.550606 3.857448 188 188 188
v 1.719067 2.306381 4.089648 188 188 188
v 1.719067 2.306381 4.089648 188 188 188
v 2.090881 2.397560 3.857448 188 188 188
v 2.090881 2.397560 3.857448 188 188 188
v 1.890594 2.167984 4.089648 188 188 188
v 1.890594 2.167984 4.089648 188 188 188
v 2.268299 2.230431 3.857448 188 188 188
v 2.268299 2.230431 3.857448 188 188 188
v 2.051025 2.016869 4.089648 188 188 188
v 2.051025 2.016869 4.089648 188 188 188
v 2.432404 2.050224 3.857448 188 188 188
v 2.432404 2.050224 3.857448 188 188 188
v 2.199417 1.853920 4.089648 188 188 188
v 2.199417 1.853920 4.089648 188 188 188
v 2.582230 1.857994 3.857448 188 188 188
v 2.582230 1.857994 3.857448 188 188 188
v 2.334896 1.680084 4.089648 188 188 188
v 2.334896 1.680084 4.089648 188 188 188
v 2.716896 1.654846 3.857448 188 188 188
v 2.716896 1.654846 3.857448 188 188 188
v 2.456669 1.496391 4.089648 188 188 188
v 2.456669 1.496391 4.089648 188 188 188
v 2.835613 1.441994 3.857448 188 188 188
v 2.835613 1.441994 3.857448 188 188 188
v 2.564018 1.303917 4.089648 188 188 188
v 2.564018 1.303917 4.089648 188 188 188
v 2.937691 1.220680 3.857448 188 188 188
v 2.937691 1.220680 3.857448 188 188 188
v 2.656319 1.103798 4.089648 188 188 188
v 2.656319 1.103798 4.089648 188 188 188
v 3.022518 0.992203 3.857448 188 188 188
v 3.022518 0.992203 3.857448 188 188 188
v 2.733025 0.897194 4.089648 188 188 188
v 2.733025 0.897194 4.089648 188 188 188
v 3.089607 0.757896 3.857448 188 188 188
v 3.089607 0.757896 3.857448 188 188 188
v 2.793690 0.685341 4.089648 188 188 188
v 3.089607 0.757896 3.857448 188 188 188
v 3.138561 0.519150 3.857448 188 188 188
v 3.420746 0.565811 3.602609 188 188 188
v 3.138561 0.519150 3.857448 188 188 188
v 3.420746 0.565811 3.602609 188 188 188
v 3.454018 0.302284 3.602609 188 188 188
v 3.718674 0.325432 3.326629 188 188 188
v 3.454018 0.302284 3.602609 188 188 188
v 3.976406 0.042404 3.031129 188 188 188
v 3.718674 0.325432 3.326629 188 188 188
v 3.732670 0.039810 3.326629 188 188 188
v 3.732670 0.039810 3.326629 188 188 188
v 3.454018 0.302284 3.602609 188 188 188
v 3.732670 0.039810 3.326629 188 188 188
v 3.467018 0.036987 3.602609 188 188 188
v 3.967979 -0.262123 3.031129 188 188 188
v 3.732670 0.039810 3.326629 188 188 188
v 3.724754 -0.246056 3.326629 188 188 188
v 3.724754 -0.246056 3.326629 188 188 188
v 3.467018 0.036987 3.602609 188 188 188
v 3.724754 -0.246056 3.326629 188 188 188
v 3.459667 -0.228539 3.602609 188 188 188
v 3.459667 -0.228539 3.602609 188 188 188
v 3.694977 -0.530464 3.326629 188 188 188
v 3.694977 -0.530464 3.326629 188 188 188
v 3.432011 -0.492714 3.602609 188 188 188
v 3.432011 -0.492714 3.602609 188 188 188
v 3.643513 -0.811760 3.326629 188 188 188
v 3.643513 -0.811760 3.326629 188 188 188
v 3.384209 -0.753998 3.602609 188 188 188
v 3.384209 -0.753998 3.602609 188 188 188
v 3.570667 -1.088295 3.326629 188 188 188
v 3.570667 -1.088295 3.326629 188 188 188
v 3.316544 -1.010857 3.602609 188 188 188
v 3.316544 -1.010857 3.602609 188 188 188
v 3.476856 -1.358444 3.326629 188 188 188
v 3.476856 -1.358444 3.326629 188 188 188
v 3.229408 -1.261780 3.602609 188 188 188
v 3.229408 -1.261780 3.602609 188 188 188
v 3.362640 -1.620621 3.326629 188 188 188
v 3.362640 -1.620621 3.326629 188 188 188
v 3.123322 -1.505302 3.602609 188 188 188
v 3.123322 -1.505302 3.602609 188 188 188
v 3.228687 -1.873283 3.326629 188 188 188
v 3.075783 -2.114960 3.326629 188 188 188
v 3.228687 -1.873283 3.326629 188 188 188
v 2.998898 -1.739990 3.602609 188 188 188
v 2.998898 -1.739990 3.602609 188 188 188
v 3.075783 -2.114960 3.326629 188 188 188
v 2.856873 -1.964462 3.602609 188 188 188
v 2.998898 -1.739990 3.602609 188 188 188
v 2.751503 -1.596481 3.857448 188 188 188
v 2.856873 -1.964462 3.602609 188 188 188
v 2.698078 -2.177406 3.602609 188 188 188
v 2.856873 -1.964462 3.602609 188 188 188
v 2.621193 -1.802444 3.857448 188 188 188
v 2.621193 -1.802444 3.857448 188 188 188
v 2.698078 -2.177406 3.602609 188 188 188
v 2.475494 -1.997826 3.857448 188 188 188
v 2.621193 -1.802444 3.857448 188 188 188
v 2.370125 -1.629837 4.089648 188 188 188
v 2.475494 -1.997826 3.857448 188 188 188
v 2.475494 -1.997826 3.857448 188 188 188
v 2.238380 -1.806519 4.089648 188 188 188
v 2.238380 -1.806519 4.089648 188 188 188
v 2.315266 -2.181488 3.857448 188 188 188
v 2.315266 -2.181488 3.857448 188 188 188
v 2.093494 -1.972588 4.089648 188 188 188
v 2.093494 -1.972588 4.089648 188 188 188
v 2.141441 -2.352341 3.857448 188 188 188
v 2.141441 -2.352341 3.857448 188 188 188
v 1.936314 -2.127083 4.089648 188 188 188
v 1.936314 -2.127083 4.089648 188 188 188
v 1.955048 -2.509392 3.857448 188 188 188
v 1.955048 -2.509392 3.857448 188 188 188
v 1.767773 -2.269096 4.089648 188 188 188
v 1.767773 -2.269096 4.089648 188 188 188
v 1.757179 -2.651718 3.857448 188 188 188
v 1.757179 -2.651718 3.857448 188 188 188
v 1.588848 -2.397797 4.089648 188 188 188
v 1.588848 -2.397797 4.089648 188 188 188
v 1.548996 -2.778481 3.857448 188 188 188
v 1.548996 -2.778481 3.857448 188 188 188
v 1.400597 -2.512421 4.089648 188 188 188
v 1.400597 -2.512421 4.089648 188 188 188
v 1.331715 -2.888939 3.857448 188 188 188
v 1.331715 -2.888939 3.857448 188 188 188
v 1.204121 -2.612305 4.089648 188 188 188
v 1.204121 -2.612305 4.089648 188 188 188
v 1.106613 -2.982452 3.857448 188 188 188
v 1.106613 -2.982452 3.857448 188 188 188
v 1.000572 -2.696846 4.089648 188 188 188
v 1.000572 -2.696846 4.089648 188 188 188
v 0.875011 -3.058449 3.857448 188 188 188
v 0.875011 -3.058449 3.857448 188 188 188
v 0.791153 -2.765579 4.089648 188 188 188
v 0.791153 -2.765579 4.089648 188 188 188
v 0.638275 -3.116501 3.857448 188 188 188
v 0.638275 -3.116501 3.857448 188 188 188
v 0.577084 -2.818069 4.089648 188 188 188
v 0.577084 -2.818069 4.089648 188 188 188
v 0.397785 -3.156265 3.857448 188 188 188
v 0.397785 -3.156265 3.857448 188 188 188
v 0.359627 -2.854027 4.089648 188 188 188
v 0.359627 -2.854027 4.089648 188 188 188
v 0.154957 -3.177505 3.857448 188 188 188
v 0.154957 -3.177505 3.857448 188 188 188
v 0.140049 -2.873238 4.089648 188 188 188
v 0.140049 -2.873238 4.089648 188 188 188
v -0.088779 -3.180099 3.857448 188 188 188
v -0.088779 -3.180099 3.857448 188 188 188
v -0.080353 -2.875580 4.089648 188 188 188
v -0.080353 -2.875580 4.089648 188 188 188
v -0.332005 -3.164032 3.857448 188 188 188
v -0.332005 -3.164032 3.857448 188 188 188
v -0.300285 -2.861053 4.089648 188 188 188
v -0.300285 -2.861053 4.089648 188 188 188
v -0.573288 -3.129395 3.857448 188 188 188
v -0.573288 -3.129395 3.857448 188 188 188
v -0.518459 -2.829727 4.089648 188 188 188
v -0.518459 -2.829727 4.089648 188 188 188
v -0.811207 -3.076385 3.857448 188 188 188
v -0.811207 -3.076385 3.857448 188 188 188
v -0.733597 -2.781799 4.089648 188 188 188
v -0.733597 -2.781799 4.089648 188 188 188
v -1.044369 -3.005333 3.857448 188 188 188
v -1.044369 -3.005333 3.857448 188 188 188
v -0.944435 -2.717552 4.089648 188 188 188
v -0.944435 -2.717552 4.089648 188 188 188
v -1.271408 -2.916641 3.857448 188 188 188
v -1.271408 -2.916641 3.857448 188 188 188
v -1.149738 -2.637352 4.089648 188 188 188
v -1.149738 -2.637352 4.089648 188 188 188
v -1.490993 -2.810829 3.857448 188 188 188
v -1.490993 -2.810829 3.857448 188 188 188
v -1.348293 -2.541672 4.089648 188 188 188
v -1.348293 -2.541672 4.089648 188 188 188
v -1.701832 -2.688522 3.857448 188 188 188
v -1.701832 -2.688522 3.857448 188 188 188
v -1.538940 -2.431076 4.089648 188 188 188
v -1.538940 -2.431076 4.089648 188 188 188
v -1.902683 -2.550438 3.857448 188 188 188
v -1.902683 -2.550438 3.857448 188 188 188
v -1.720562 -2.306213 4.089648 188 188 188
v -1.720562 -2.306213 4.089648 188 188 188
v -2.092377 -2.397392 3.857448 188 188 188
v -2.092377 -2.397392 3.857448 188 188 188
v -1.892094 -2.167816 4.089648 188 188 188
v -1.892094 -2.167816 4.089648 188 188 188
v -2.269798 -2.230270 3.857448 188 188 188
v -2.269798 -2.230270 3.857448 188 188 188
v -2.052525 -2.016701 4.089648 188 188 188
v -2.052525 -2.016701 4.089648 188 188 188
v -2.433903 -2.050072 3.857448 188 188 188
v -2.433903 -2.050072 3.857448 188 188 188
v -2.200912 -1.853752 4.089648 188 188 188
v -2.200912 -1.853752 4.089648 188 188 188
v -2.583725 -1.857826 3.857448 188 188 188
v -2.583725 -1.857826 3.857448 188 188 188
v -2.336391 -1.679924 4.089648 188 188 188
v -2.336391 -1.679924 4.089648 188 188 188
v -2.718391 -1.654678 3.857448 188 188 188
v -2.718391 -1.654678 3.857448 188 188 188
v -2.458164 -1.496231 4.089648 188 188 188
v -2.458164 -1.496231 4.089648 188 188 188
v -2.837112 -1.441833 3.857448 188 188 188
v -2.837112 -1.441833 3.857448 188 188 188
v -2.565514 -1.303757 4.089648 188 188 188
v -2.565514 -1.303757 4.089648 188 188 188
v -2.939186 -1.220512 3.857448 188 188 188
v -2.939186 -1.220512 3.857448 188 188 188
v -2.657814 -1.103630 4.089648 188 188 188
v -2.657814 -1.103630 4.089648 188 188 188
v -3.024017 -0.992035 3.857448 188 188 188
v -3.024017 -0.992035 3.857448 188 188 188
v -2.734520 -0.897041 4.089648 188 188 188
v -2.734520 -0.897041 4.089648 188 188 188
v -3.091103 -0.757736 3.857448 188 188 188
v -3.091103 -0.757736 3.857448 188 188 188
v -2.795185 -0.685173 4.089648 188 188 188
v -2.795185 -0.685173 4.089648 188 188 188
v -3.140057 -0.518990 3.857448 188 188 188
v -3.140057 -0.518990 3.857448 188 188 188
v -2.839451 -0.469284 4.089648 188 188 188
v -2.839451 -0.469284 4.089648 188 188 188
v -3.170586 -0.277199 3.857448 188 188 188
v -3.170586 -0.277199 3.857448 188 188 188
v -2.867054 -0.250648 4.089648 188 188 188
v -2.867054 -0.250648 4.089648 188 188 188
v -3.182514 -0.033775 3.857448 188 188 188
v -3.182514 -0.033775 3.857448 188 188 188
v -2.877842 -0.030533 4.089648 188 188 188
v -2.877842 -0.030533 4.089648 188 188 188
v -3.175770 0.209846 3.857448 188 188 188
v -3.175770 0.209846 3.857448 188 188 188
v -2.871746 0.189758 4.089648 188 188 188
v -2.871746 0.189758 4.089648 188 188 188
v -3.150391 0.452232 3.857448 188 188 188
v -3.150391 0.452232 3.857448 188 188 188
v -2.848797 0.408936 4.089648 188 188 188
v -2.848797 0.408936 4.089648 188 188 188
v -3.106537 0.691971 3.857448 188 188 188
v -3.106537 0.691971 3.857448 188 188 188
v -2.809139 0.625717 4.089648 188 188 188
v -2.809139 0.625717 4.089648 188 188 188
v -3.044449 0.927643 3.857448 188 188 188
v -3.044449 0.927643 3.857448 188 188 188
v -2.752995 0.838821 4.089648 188 188 188
v -2.752995 0.838821 4.089648 188 188 188
v -2.964500 1.157875 3.857448 188 188 188
v -2.964500 1.157875 3.857448 188 188 188
v -2.680706 1.047005 4.089648 188 188 188
v -2.680706 1.047005 4.089648 188 188 188
v -2.867161 1.381310 3.857448 188 188 188
v -2.867161 1.381310 3.857448 188 188 188
v -2.592690 1.249054 4.089648 188 188 188
v -2.592690 1.249054 4.089648 188 188 188
v -2.752998 1.596642 3.857448 188 188 188
v -2.752998 1.596642 3.857448 188 188 188
v -2.489456 1.443756 4.089648 188 188 188
v -2.489456 1.443756 4.089648 188 188 188
v -2.622692 1.802605 3.857448 188 188 188
v -2.622692 1.802605 3.857448 188 188 188
v -2.371624 1.630005 4.089648 188 188 188
v -2.371624 1.630005 4.089648 188 188 188
v -2.476994 1.997993 3.857448 188 188 188
v -2.476994 1.997993 3.857448 188 188 188
v -2.239876 1.806679 4.089648 188 188 188
v -2.239876 1.806679 4.089648 188 188 188
v -2.316761 2.181648 3.857448 188 188 188
v -2.316761 2.181648 3.857448 188 188 188
v -2.094990 1.972748 4.089648 188 188 188
v -2.094990 1.972748 4.089648 188 188 188
v -2.142941 2.352501 3.857448 188 188 188
v -2.142941 2.352501 3.857448 188 188 188
v -1.937813 2.127251 4.089648 188 188 188
v -1.937813 2.127251 4.089648 188 188 188
v -1.956547 2.509560 3.857448 188 188 188
v -1.956547 2.509560 3.857448 188 188 188
v -1.769268 2.269264 4.089648 188 188 188
v -1.769268 2.269264 4.089648 188 188 188
v -1.758675 2.651886 3.857448 188 188 188
v -1.758675 2.651886 3.857448 188 188 188
v -1.590343 2.397964 4.089648 188 188 188
v -1.590343 2.397964 4.089648 188 188 188
v -1.550491 2.778648 3.857448 188 188 188
v -1.333210 2.889099 3.857448 188 188 188
v -1.550491 2.778648 3.857448 188 188 188
v -1.402092 2.512589 4.089648 188 188 188
v -1.402092 2.512589 4.089648 188 188 188
v -1.333210 2.889099 3.857448 188 188 188
v -1.205620 2.612465 4.089648 188 188 188
v -1.402092 2.512589 4.089648 188 188 188
v -1.245472 2.231773 4.297849 188 188 188
v -1.205620 2.612465 4.089648 188 188 188
v -1.002075 2.697014 4.089648 188 188 188
v -1.205620 2.612465 4.089648 188 188 188
v -1.070957 2.320496 4.297849 188 188 188
v -1.070957 2.320496 4.297849 188 188 188
v -1.002075 2.697014 4.089648 188 188 188
v -0.890160 2.395599 4.297849 188 188 188
v -1.070957 2.320496 4.297849 188 188 188
v -0.930016 2.014908 4.480828 188 188 188
v -0.890160 2.395599 4.297849 188 188 188
v -0.890160 2.395599 4.297849 188 188 188
v -0.773029 2.080116 4.480828 188 188 188
v -0.773029 2.080116 4.480828 188 188 188
v -0.704147 2.456635 4.297849 188 188 188
v -0.704147 2.456635 4.297849 188 188 188
v -0.611511 2.133125 4.480828 188 188 188
v -0.611511 2.133125 4.480828 188 188 188
v -0.514000 2.503265 4.297849 188 188 188
v -0.514000 2.503265 4.297849 188 188 188
v -0.446407 2.173607 4.480828 188 188 188
v -0.446407 2.173607 4.480828 188 188 188
v -0.320843 2.535202 4.297849 188 188 188
v -0.320843 2.535202 4.297849 188 188 188
v -0.278690 2.201340 4.480828 188 188 188
v -0.278690 2.201340 4.480828 188 188 188
v -0.125813 2.552261 4.297849 188 188 188
v -0.125813 2.552261 4.297849 188 188 188
v -0.109341 2.216148 4.480828 188 188 188
v -0.109341 2.216148 4.480828 188 188 188
v 0.069958 2.554344 4.297849 188 188 188
v 0.069958 2.554344 4.297849 188 188 188
v 0.060646 2.217957 4.480828 188 188 188
v 0.060646 2.217957 4.480828 188 188 188
v 0.265312 2.541443 4.297849 188 188 188
v 0.265312 2.541443 4.297849 188 188 188
v 0.230274 2.206757 4.480828 188 188 188
v 0.230274 2.206757 4.480828 188 188 188
v 0.459103 2.513626 4.297849 188 188 188
v 0.459103 2.513626 4.297849 188 188 188
v 0.398544 2.182602 4.480828 188 188 188
v 0.398544 2.182602 4.480828 188 188 188
v 0.650196 2.471046 4.297849 188 188 188
v 0.650196 2.471046 4.297849 188 188 188
v 0.564468 2.145638 4.480828 188 188 188
v 0.564468 2.145638 4.480828 188 188 188
v 0.837471 2.413979 4.297849 188 188 188
v 0.837471 2.413979 4.297849 188 188 188
v 0.727081 2.096077 4.480828 188 188 188
v 0.727081 2.096077 4.480828 188 188 188
v 1.019825 2.342743 4.297849 188 188 188
v 1.019825 2.342743 4.297849 188 188 188
v 0.885422 2.034225 4.480828 188 188 188
v 0.885422 2.034225 4.480828 188 188 188
v 1.196190 2.257759 4.297849 188 188 188
v 1.196190 2.257759 4.297849 188 188 188
v 1.038559 1.960426 4.480828 188 188 188
v 1.038559 1.960426 4.480828 188 188 188
v 1.365532 2.159523 4.297849 188 188 188
v 1.365532 2.159523 4.297849 188 188 188
v 1.185600 1.875137 4.480828 188 188 188
v 1.185600 1.875137 4.480828 188 188 188
v 1.526852 2.048622 4.297849 188 188 188
v 1.526852 2.048622 4.297849 188 188 188
v 1.325676 1.778839 4.480828 188 188 188
v 1.325676 1.778839 4.480828 188 188 188
v 1.679214 1.925690 4.297849 188 188 188
v 1.679214 1.925690 4.297849 188 188 188
v 1.457970 1.672096 4.480828 188 188 188
v 1.457970 1.672096 4.480828 188 188 188
v 1.821712 1.791466 4.297849 188 188 188
v 1.821712 1.791466 4.297849 188 188 188
v 1.581703 1.555542 4.480828 188 188 188
v 1.581703 1.555542 4.480828 188 188 188
v 1.953518 1.646721 4.297849 188 188 188
v 1.953518 1.646721 4.297849 188 188 188
v 1.696152 1.429863 4.480828 188 188 188
v 1.696152 1.429863 4.480828 188 188 188
v 2.073853 1.492325 4.297849 188 188 188
v 2.073853 1.492325 4.297849 188 188 188
v 1.800640 1.295799 4.480828 188 188 188
v 1.800640 1.295799 4.480828 188 188 188
v 2.182018 1.329155 4.297849 188 188 188
v 2.182018 1.329155 4.297849 188 188 188
v 1.894558 1.154121 4.480828 188 188 188
v 1.894558 1.154121 4.480828 188 188 188
v 2.277370 1.158195 4.297849 188 188 188
v 2.277370 1.158195 4.297849 188 188 188
v 1.977352 1.005684 4.480828 188 188 188
v 1.977352 1.005684 4.480828 188 188 188
v 2.359356 0.980446 4.297849 188 188 188
v 2.359356 0.980446 4.297849 188 188 188
v 2.048538 0.851334 4.480828 188 188 188
v 2.048538 0.851334 4.480828 188 188 188
v 2.427486 0.796928 4.297849 188 188 188
v 2.427486 0.796928 4.297849 188 188 188
v 2.107697 0.691994 4.480828 188 188 188
v 2.107697 0.691994 4.480828 188 188 188
v 2.481369 0.608749 4.297849 188 188 188
v 2.481369 0.608749 4.297849 188 188 188
v 2.154484 0.528587 4.480828 188 188 188
v 2.481369 0.608749 4.297849 188 188 188
v 2.520687 0.416985 4.297849 188 188 188
v 2.837955 0.469452 4.089648 188 188 188
v 2.520687 0.416985 4.297849 188 188 188
v 2.837955 0.469452 4.089648 188 188 188
v 2.865559 0.250809 4.089648 188 188 188
v 3.169090 0.277359 3.857448 188 188 188
v 2.865559 0.250809 4.089648 188 188 188
v 3.467018 0.036987 3.602609 188 188 188
v 3.169090 0.277359 3.857448 188 188 188
v 3.181015 0.033943 3.857448 188 188 188
v 3.181015 0.033943 3.857448 188 188 188
v 2.865559 0.250809 4.089648 188 188 188
v 3.181015 0.033943 3.857448 188 188 188
v 2.876347 0.030693 4.089648 188 188 188
v 3.459667 -0.228539 3.602609 188 188 188
v 3.181015 0.033943 3.857448 188 188 188
v 3.174274 -0.209679 3.857448 188 188 188
v 3.174274 -0.209679 3.857448 188 188 188
v 2.876347 0.030693 4.089648 188 188 188
v 3.174274 -0.209679 3.857448 188 188 188
v 2.870251 -0.189590 4.089648 188 188 188
v 2.870251 -0.189590 4.089648 188 188 188
v 3.148895 -0.452065 3.857448 188 188 188
v 3.148895 -0.452065 3.857448 188 188 188
v 2.847301 -0.408775 4.089648 188 188 188
v 2.847301 -0.408775 4.089648 188 188 188
v 3.105038 -0.691803 3.857448 188 188 188
v 3.105038 -0.691803 3.857448 188 188 188
v 2.807644 -0.625557 4.089648 188 188 188
v 2.807644 -0.625557 4.089648 188 188 188
v 3.042953 -0.927483 3.857448 188 188 188
v 3.042953 -0.927483 3.857448 188 188 188
v 2.751499 -0.838661 4.089648 188 188 188
v 2.751499 -0.838661 4.089648 188 188 188
v 2.963005 -1.157715 3.857448 188 188 188
v 2.963005 -1.157715 3.857448 188 188 188
v 2.679211 -1.046844 4.089648 188 188 188
v 2.679211 -1.046844 4.089648 188 188 188
v 2.865665 -1.381142 3.857448 188 188 188
v 2.751503 -1.596481 3.857448 188 188 188
v 2.865665 -1.381142 3.857448 188 188 188
v 2.591194 -1.248886 4.089648 188 188 188
v 2.591194 -1.248886 4.089648 188 188 188
v 2.751503 -1.596481 3.857448 188 188 188
v 2.487961 -1.443604 4.089648 188 188 188
v 2.591194 -1.248886 4.089648 188 188 188
v 2.301506 -1.109291 4.297849 188 188 188
v 2.487961 -1.443604 4.089648 188 188 188
v 2.370125 -1.629837 4.089648 188 188 188
v 2.487961 -1.443604 4.089648 188 188 188
v 2.209816 -1.282249 4.297849 188 188 188
v 2.209816 -1.282249 4.297849 188 188 188
v 2.370125 -1.629837 4.089648 188 188 188
v 2.105148 -1.447670 4.297849 188 188 188
v 2.209816 -1.282249 4.297849 188 188 188
v 1.918694 -1.113365 4.480828 188 188 188
v 2.105148 -1.447670 4.297849 188 188 188
v 2.105148 -1.447670 4.297849 188 188 188
v 1.827812 -1.257004 4.480828 188 188 188
v 1.827812 -1.257004 4.480828 188 188 188
v 1.988125 -1.604599 4.297849 188 188 188
v 1.988125 -1.604599 4.297849 188 188 188
v 1.726200 -1.393265 4.480828 188 188 188
v 1.726200 -1.393265 4.480828 188 188 188
v 1.859432 -1.752113 4.297849 188 188 188
v 1.859432 -1.752113 4.297849 188 188 188
v 1.614456 -1.521355 4.480828 188 188 188
v 1.614456 -1.521355 4.480828 188 188 188
v 1.719822 -1.889343 4.297849 188 188 188
v 1.719822 -1.889343 4.297849 188 188 188
v 1.493229 -1.640511 4.480828 188 188 188
v 1.493229 -1.640511 4.480828 188 188 188
v 1.570114 -2.015480 4.297849 188 188 188
v 1.570114 -2.015480 4.297849 188 188 188
v 1.363235 -1.750046 4.480828 188 188 188
v 1.363235 -1.750046 4.480828 188 188 188
v 1.411186 -2.129799 4.297849 188 188 188
v 1.411186 -2.129799 4.297849 188 188 188
v 1.225243 -1.849304 4.480828 188 188 188
v 1.225243 -1.849304 4.480828 188 188 188
v 1.243977 -2.231613 4.297849 188 188 188
v 1.243977 -2.231613 4.297849 188 188 188
v 1.080051 -1.937714 4.480828 188 188 188
v 1.080051 -1.937714 4.480828 188 188 188
v 1.069462 -2.320335 4.297849 188 188 188
v 1.069462 -2.320335 4.297849 188 188 188
v 0.928516 -2.014740 4.480828 188 188 188
v 0.928516 -2.014740 4.480828 188 188 188
v 0.888664 -2.395432 4.297849 188 188 188
v 0.888664 -2.395432 4.297849 188 188 188
v 0.771534 -2.079956 4.480828 188 188 188
v 0.771534 -2.079956 4.480828 188 188 188
v 0.702644 -2.456482 4.297849 188 188 188
v 0.702644 -2.456482 4.297849 188 188 188
v 0.610016 -2.132957 4.480828 188 188 188
v 0.610016 -2.132957 4.480828 188 188 188
v 0.512505 -2.503105 4.297849 188 188 188
v 0.512505 -2.503105 4.297849 188 188 188
v 0.444912 -2.173439 4.480828 188 188 188
v 0.444912 -2.173439 4.480828 188 188 188
v 0.319347 -2.535042 4.297849 188 188 188
v 0.319347 -2.535042 4.297849 188 188 188
v 0.277195 -2.201180 4.480828 188 188 188
v 0.277195 -2.201180 4.480828 188 188 188
v 0.124317 -2.552101 4.297849 188 188 188
v 0.124317 -2.552101 4.297849 188 188 188
v 0.107845 -2.215988 4.480828 188 188 188
v 0.107845 -2.215988 4.480828 188 188 188
v -0.071453 -2.554184 4.297849 188 188 188
v -0.071453 -2.554184 4.297849 188 188 188
v -0.062145 -2.217796 4.480828 188 188 188
v -0.062145 -2.217796 4.480828 188 188 188
v -0.266808 -2.541275 4.297849 188 188 188
v -0.266808 -2.541275 4.297849 188 188 188
v -0.231770 -2.206596 4.480828 188 188 188
v -0.231770 -2.206596 4.480828 188 188 188
v -0.460602 -2.513458 4.297849 188 188 188
v -0.460602 -2.513458 4.297849 188 188 188
v -0.400040 -2.182442 4.480828 188 188 188
v -0.400040 -2.182442 4.480828 188 188 188
v -0.651691 -2.470886 4.297849 188 188 188
v -0.651691 -2.470886 4.297849 188 188 188
v -0.565968 -2.145470 4.480828 188 188 188
v -0.565968 -2.145470 4.480828 188 188 188
v -0.838966 -2.413811 4.297849 188 188 188
v -0.838966 -2.413811 4.297849 188 188 188
v -0.728577 -2.095917 4.480828 188 188 188
v -0.728577 -2.095917 4.480828 188 188 188
v -1.021320 -2.342583 4.297849 188 188 188
v -1.021320 -2.342583 4.297849 188 188 188
v -0.886917 -2.034058 4.480828 188 188 188
v -0.886917 -2.034058 4.480828 188 188 188
v -1.197685 -2.257591 4.297849 188 188 188
v -1.197685 -2.257591 4.297849 188 188 188
v -1.040054 -1.960274 4.480828 188 188 188
v -1.040054 -1.960274 4.480828 188 188 188
v -1.367027 -2.159355 4.297849 188 188 188
v -1.367027 -2.159355 4.297849 188 188 188
v -1.187096 -1.874969 4.480828 188 188 188
v -1.187096 -1.874969 4.480828 188 188 188
v -1.528347 -2.048454 4.297849 188 188 188
v -1.528347 -2.048454 4.297849 188 188 188
v -1.327171 -1.778671 4.480828 188 188 188
v -1.327171 -1.778671 4.480828 188 188 188
v -1.680710 -1.925529 4.297849 188 188 188
v -1.680710 -1.925529 4.297849 188 188 188
v -1.459465 -1.671936 4.480828 188 188 188
v -1.459465 -1.671936 4.480828 188 188 188
v -1.823208 -1.791306 4.297849 188 188 188
v -1.823208 -1.791306 4.297849 188 188 188
v -1.583199 -1.555382 4.480828 188 188 188
v -1.583199 -1.555382 4.480828 188 188 188
v -1.955013 -1.646553 4.297849 188 188 188
v -1.955013 -1.646553 4.297849 188 188 188
v -1.697647 -1.429703 4.480828 188 188 188
v -1.697647 -1.429703 4.480828 188 188 188
v -2.075348 -1.492157 4.297849 188 188 188
v -2.075348 -1.492157 4.297849 188 188 188
v -1.802135 -1.295639 4.480828 188 188 188
v -1.802135 -1.295639 4.480828 188 188 188
v -2.183514 -1.328995 4.297849 188 188 188
v -2.183514 -1.328995 4.297849 188 188 188
v -1.896053 -1.153969 4.480828 188 188 188
v -1.896053 -1.153969 4.480828 188 188 188
v -2.278866 -1.158035 4.297849 188 188 188
v -2.278866 -1.158035 4.297849 188 188 188
v -1.978848 -1.005516 4.480828 188 188 188
v -1.978848 -1.005516 4.480828 188 188 188
v -2.360851 -0.980278 4.297849 188 188 188
v -2.360851 -0.980278 4.297849 188 188 188
v -2.050034 -0.851166 4.480828 188 188 188
v -2.050034 -0.851166 4.480828 188 188 188
v -2.428982 -0.796768 4.297849 188 188 188
v -2.428982 -0.796768 4.297849 188 188 188
v -2.109196 -0.691826 4.480828 188 188 188
v -2.109196 -0.691826 4.480828 188 188 188
v -2.482868 -0.608582 4.297849 188 188 188
v -2.482868 -0.608582 4.297849 188 188 188
v -2.155983 -0.528427 4.480828 188 188 188
v -2.155983 -0.528427 4.480828 188 188 188
v -2.522182 -0.416824 4.297849 188 188 188
v -2.522182 -0.416824 4.297849 188 188 188
v -2.190121 -0.361923 4.480828 188 188 188
v -2.190121 -0.361923 4.480828 188 188 188
v -2.546707 -0.222618 4.297849 188 188 188
v -2.546707 -0.222618 4.297849 188 188 188
v -2.211414 -0.193291 4.480828 188 188 188
v -2.211414 -0.193291 4.480828 188 188 188
v -2.556290 -0.027115 4.297849 188 188 188
v -2.556290 -0.027115 4.297849 188 188 188
v -2.219734 -0.023529 4.480828 188 188 188
v -2.219734 -0.023529 4.480828 188 188 188
v -2.550869 0.168564 4.297849 188 188 188
v -2.550869 0.168564 4.297849 188 188 188
v -2.215031 0.146370 4.480828 188 188 188
v -2.215031 0.146370 4.480828 188 188 188
v -2.530487 0.363243 4.297849 188 188 188
v -2.530487 0.363243 4.297849 188 188 188
v -2.197334 0.315414 4.480828 188 188 188
v -2.197334 0.315414 4.480828 188 188 188
v -2.495262 0.555794 4.297849 188 188 188
v -2.495262 0.555794 4.297849 188 188 188
v -2.166744 0.482605 4.480828 188 188 188
v -2.166744 0.482605 4.480828 188 188 188
v -2.445396 0.745079 4.297849 188 188 188
v -2.445396 0.745079 4.297849 188 188 188
v -2.123444 0.646965 4.480828 188 188 188
v -2.123444 0.646965 4.480828 188 188 188
v -2.381184 0.929993 4.297849 188 188 188
v -2.381184 0.929993 4.297849 188 188 188
v -2.067692 0.807533 4.480828 188 188 188
v -2.067692 0.807533 4.480828 188 188 188
v -2.303001 1.109459 4.297849 188 188 188
v -2.303001 1.109459 4.297849 188 188 188
v -1.999805 0.963364 4.480828 188 188 188
v -1.999805 0.963364 4.480828 188 188 188
v -2.211311 1.282410 4.297849 188 188 188
v -2.211311 1.282410 4.297849 188 188 188
v -1.920189 1.113533 4.480828 188 188 188
v -1.920189 1.113533 4.480828 188 188 188
v -2.106644 1.447830 4.297849 188 188 188
v -2.106644 1.447830 4.297849 188 188 188
v -1.829311 1.257172 4.480828 188 188 188
v -1.829311 1.257172 4.480828 188 188 188
v -1.989620 1.604767 4.297849 188 188 188
v -1.989620 1.604767 4.297849 188 188 188
v -1.727695 1.393433 4.480828 188 188 188
v -1.727695 1.393433 4.480828 188 188 188
v -1.860928 1.752281 4.297849 188 188 188
v -1.860928 1.752281 4.297849 188 188 188
v -1.615952 1.521523 4.480828 188 188 188
v -1.615952 1.521523 4.480828 188 188 188
v -1.721317 1.889511 4.297849 188 188 188
v -1.721317 1.889511 4.297849 188 188 188
v -1.494724 1.640678 4.480828 188 188 188
v -1.494724 1.640678 4.480828 188 188 188
v -1.571609 2.015648 4.297849 188 188 188
v -1.571609 2.015648 4.297849 188 188 188
v -1.364738 1.750206 4.480828 188 188 188
v -1.364738 1.750206 4.480828 188 188 188
v -1.412682 2.129967 4.297849 188 188 188
v -1.245472 2.231773 4.297849 188 188 188
v -1.412682 2.129967 4.297849 188 188 188
v -1.226738 1.849464 4.480828 188 188 188
v -1.226738 1.849464 4.480828 188 188 188
v -1.245472 2.231773 4.297849 188 188 188
v -1.081547 1.937874 4.480828 188 188 188
v -1.226738 1.849464 4.480828 188 188 188
v -1.033596 1.558113 4.637513 188 188 188
v -1.081547 1.937874 4.480828 188 188 188
v -0.930016 2.014908 4.480828 188 188 188
v -1.081547 1.937874 4.480828 188 188 188
v -0.911282 1.632599 4.637513 188 188 188
v -0.911282 1.632599 4.637513 188 188 188
v -0.930016 2.014908 4.480828 188 188 188
v -0.783619 1.697495 4.637513 188 188 188
v -0.911282 1.632599 4.637513 188 188 188
v -0.735668 1.317734 4.766984 188 188 188
v -0.783619 1.697495 4.637513 188 188 188
v -0.783619 1.697495 4.637513 188 188 188
v -0.632629 1.370125 4.766984 188 188 188
v -0.632629 1.370125 4.766984 188 188 188
v -0.651363 1.752434 4.637513 188 188 188
v -0.651363 1.752434 4.637513 188 188 188
v -0.525883 1.414467 4.766984 188 188 188
v -0.525883 1.414467 4.766984 188 188 188
v -0.515289 1.797089 4.637513 188 188 188
v -0.515289 1.797089 4.637513 188 188 188
v -0.416054 1.450500 4.766984 188 188 188
v -0.416054 1.450500 4.766984 188 188 188
v -0.376202 1.831192 4.637513 188 188 188
v -0.376202 1.831192 4.637513 188 188 188
v -0.303787 1.478043 4.766984 188 188 188
v -0.303787 1.478043 4.766984 188 188 188
v -0.234901 1.854561 4.637513 188 188 188
v -0.234901 1.854561 4.637513 188 188 188
v -0.189739 1.496895 4.766984 188 188 188
v -0.189739 1.496895 4.766984 188 188 188
v -0.092236 1.867043 4.637513 188 188 188
v -0.092236 1.867043 4.637513 188 188 188
v -0.074589 1.506966 4.766984 188 188 188
v -0.074589 1.506966 4.766984 188 188 188
v 0.050976 1.868561 4.637513 188 188 188
v 0.050976 1.868561 4.637513 188 188 188
v 0.040997 1.508194 4.766984 188 188 188
v 0.040997 1.508194 4.766984 188 188 188
v 0.193878 1.859123 4.637513 188 188 188
v 0.193878 1.859123 4.637513 188 188 188
v 0.156338 1.500580 4.766984 188 188 188
v 0.156338 1.500580 4.766984 188 188 188
v 0.335640 1.838768 4.637513 188 188 188
v 0.335640 1.838768 4.637513 188 188 188
v 0.270760 1.484154 4.766984 188 188 188
v 0.270760 1.484154 4.766984 188 188 188
v 0.475430 1.807625 4.637513 188 188 188
v 0.475430 1.807625 4.637513 188 188 188
v 0.383587 1.459015 4.766984 188 188 188
v 0.383587 1.459015 4.766984 188 188 188
v 0.612419 1.765884 4.637513 188 188 188
v 0.612419 1.765884 4.637513 188 188 188
v 0.494160 1.425316 4.766984 188 188 188
v 0.494160 1.425316 4.766984 188 188 188
v 0.745815 1.713768 4.637513 188 188 188
v 0.745815 1.713768 4.637513 188 188 188
v 0.601826 1.383255 4.766984 188 188 188
v 0.601826 1.383255 4.766984 188 188 188
v 0.874828 1.651604 4.637513 188 188 188
v 0.874828 1.651604 4.637513 188 188 188
v 0.705959 1.333084 4.766984 188 188 188
v 0.705959 1.333084 4.766984 188 188 188
v 0.998703 1.579742 4.637513 188 188 188
v 0.998703 1.579742 4.637513 188 188 188
v 0.805943 1.275078 4.766984 188 188 188
v 0.805943 1.275078 4.766984 188 188 188
v 1.116714 1.498619 4.637513 188 188 188
v 1.116714 1.498619 4.637513 188 188 188
v 0.901192 1.209602 4.766984 188 188 188
v 0.901192 1.209602 4.766984 188 188 188
v 1.228165 1.408691 4.637513 188 188 188
v 1.228165 1.408691 4.637513 188 188 188
v 0.991150 1.137016 4.766984 188 188 188
v 0.991150 1.137016 4.766984 188 188 188
v 1.332409 1.310501 4.637513 188 188 188
v 1.332409 1.310501 4.637513 188 188 188
v 1.075287 1.057762 4.766984 188 188 188
v 1.075287 1.057762 4.766984 188 188 188
v 1.428822 1.204628 4.637513 188 188 188
v 1.428822 1.204628 4.637513 188 188 188
v 1.153111 0.972313 4.766984 188 188 188
v 1.153111 0.972313 4.766984 188 188 188
v 1.516853 1.091675 4.637513 188 188 188
v 1.516853 1.091675 4.637513 188 188 188
v 1.224159 0.881142 4.766984 188 188 188
v 1.224159 0.881142 4.766984 188 188 188
v 1.595970 0.972321 4.637513 188 188 188
v 1.595970 0.972321 4.637513 188 188 188
v 1.288021 0.784805 4.766984 188 188 188
v 1.288021 0.784805 4.766984 188 188 188
v 1.665726 0.847260 4.637513 188 188 188
v 1.665726 0.847260 4.637513 188 188 188
v 1.344318 0.683868 4.766984 188 188 188
v 1.344318 0.683868 4.766984 188 188 188
v 1.725697 0.717232 4.637513 188 188 188
v 1.725697 0.717232 4.637513 188 188 188
v 1.392723 0.578918 4.766984 188 188 188
v 1.392723 0.578918 4.766984 188 188 188
v 1.775536 0.582993 4.637513 188 188 188
v 1.775536 0.582993 4.637513 188 188 188
v 1.432957 0.470566 4.766984 188 188 188
v 1.432957 0.470566 4.766984 188 188 188
v 1.814957 0.445328 4.637513 188 188 188
v 1.814957 0.445328 4.637513 188 188 188
v 1.464771 0.359459 4.766984 188 188 188
v 1.814957 0.445328 4.637513 188 188 188
v 1.843716 0.305061 4.637513 188 188 188
v 2.188625 0.362083 4.480828 188 188 188
v 1.843716 0.305061 4.637513 188 188 188
v 2.188625 0.362083 4.480828 188 188 188
v 2.209919 0.193459 4.480828 188 188 188
v 2.545212 0.222786 4.297849 188 188 188
v 2.209919 0.193459 4.480828 188 188 188
v 2.876347 0.030693 4.089648 188 188 188
v 2.545212 0.222786 4.297849 188 188 188
v 2.554787 0.027267 4.297849 188 188 188
v 2.554787 0.027267 4.297849 188 188 188
v 2.209919 0.193459 4.480828 188 188 188
v 2.554787 0.027267 4.297849 188 188 188
v 2.218235 0.023689 4.480828 188 188 188
v 2.870251 -0.189590 4.089648 188 188 188
v 2.554787 0.027267 4.297849 188 188 188
v 2.549374 -0.168396 4.297849 188 188 188
v 2.549374 -0.168396 4.297849 188 188 188
v 2.218235 0.023689 4.480828 188 188 188
v 2.549374 -0.168396 4.297849 188 188 188
v 2.213535 -0.146210 4.480828 188 188 188
v 2.213535 -0.146210 4.480828 188 188 188
v 2.528992 -0.363083 4.297849 188 188 188
v 2.528992 -0.363083 4.297849 188 188 188
v 2.195839 -0.315247 4.480828 188 188 188
v 2.195839 -0.315247 4.480828 188 188 188
v 2.493767 -0.555626 4.297849 188 188 188
v 2.493767 -0.555626 4.297849 188 188 188
v 2.165249 -0.482437 4.480828 188 188 188
v 2.165249 -0.482437 4.480828 188 188 188
v 2.443901 -0.744911 4.297849 188 188 188
v 2.443901 -0.744911 4.297849 188 188 188
v 2.121948 -0.646805 4.480828 188 188 188
v 2.121948 -0.646805 4.480828 188 188 188
v 2.379688 -0.929840 4.297849 188 188 188
v 2.301506 -1.109291 4.297849 188 188 188
v 2.379688 -0.929840 4.297849 188 188 188
v 2.066193 -0.807373 4.480828 188 188 188
v 2.066193 -0.807373 4.480828 188 188 188
v 2.301506 -1.109291 4.297849 188 188 188
v 1.998310 -0.963196 4.480828 188 188 188
v 2.066193 -0.807373 4.480828 188 188 188
v 1.740570 -0.680168 4.637513 188 188 188
v 1.998310 -0.963196 4.480828 188 188 188
v 1.918694 -1.113365 4.480828 188 188 188
v 1.998310 -0.963196 4.480828 188 188 188
v 1.683384 -0.811447 4.637513 188 188 188
v 1.683384 -0.811447 4.637513 188 188 188
v 1.918694 -1.113365 4.480828 188 188 188
v 1.616310 -0.937958 4.637513 188 188 188
v 1.683384 -0.811447 4.637513 188 188 188
v 1.358570 -0.654930 4.766984 188 188 188
v 1.616310 -0.937958 4.637513 188 188 188
v 1.616310 -0.937958 4.637513 188 188 188
v 1.304432 -0.757050 4.766984 188 188 188
v 1.304432 -0.757050 4.766984 188 188 188
v 1.539745 -1.058968 4.637513 188 188 188
v 1.539745 -1.058968 4.637513 188 188 188
v 1.242634 -0.854713 4.766984 188 188 188
v 1.242634 -0.854713 4.766984 188 188 188
v 1.454140 -1.173767 4.637513 188 188 188
v 1.454140 -1.173767 4.637513 188 188 188
v 1.173542 -0.947372 4.766984 188 188 188
v 1.173542 -0.947372 4.766984 188 188 188
v 1.359997 -1.281677 4.637513 188 188 188
v 1.359997 -1.281677 4.637513 188 188 188
v 1.097557 -1.034470 4.766984 188 188 188
v 1.097557 -1.034470 4.766984 188 188 188
v 1.257870 -1.382057 4.637513 188 188 188
v 1.257870 -1.382057 4.637513 188 188 188
v 1.015125 -1.115486 4.766984 188 188 188
v 1.015125 -1.115486 4.766984 188 188 188
v 1.148357 -1.474335 4.637513 188 188 188
v 1.148357 -1.474335 4.637513 188 188 188
v 0.926735 -1.189972 4.766984 188 188 188
v 0.926735 -1.189972 4.766984 188 188 188
v 1.032101 -1.557953 4.637513 188 188 188
v 1.032101 -1.557953 4.637513 188 188 188
v 0.832901 -1.257462 4.766984 188 188 188
v 0.832901 -1.257462 4.766984 188 188 188
v 0.909786 -1.632431 4.637513 188 188 188
v 0.909786 -1.632431 4.637513 188 188 188
v 0.734173 -1.317581 4.766984 188 188 188
v 0.734173 -1.317581 4.766984 188 188 188
v 0.782124 -1.697334 4.637513 188 188 188
v 0.782124 -1.697334 4.637513 188 188 188
v 0.631134 -1.369957 4.766984 188 188 188
v 0.631134 -1.369957 4.766984 188 188 188
v 0.649868 -1.752266 4.637513 188 188 188
v 0.649868 -1.752266 4.637513 188 188 188
v 0.524387 -1.414307 4.766984 188 188 188
v 0.524387 -1.414307 4.766984 188 188 188
v 0.513794 -1.796928 4.637513 188 188 188
v 0.513794 -1.796928 4.637513 188 188 188
v 0.414558 -1.450340 4.766984 188 188 188
v 0.414558 -1.450340 4.766984 188 188 188
v 0.374702 -1.831032 4.637513 188 188 188
v 0.374702 -1.831032 4.637513 188 188 188
v 0.302288 -1.477875 4.766984 188 188 188
v 0.302288 -1.477875 4.766984 188 188 188
v 0.233406 -1.854393 4.637513 188 188 188
v 0.233406 -1.854393 4.637513 188 188 188
v 0.188244 -1.496727 4.766984 188 188 188
v 0.188244 -1.496727 4.766984 188 188 188
v 0.090733 -1.866875 4.637513 188 188 188
v 0.090733 -1.866875 4.637513 188 188 188
v 0.073090 -1.506798 4.766984 188 188 188
v 0.073090 -1.506798 4.766984 188 188 188
v -0.052471 -1.868401 4.637513 188 188 188
v -0.052471 -1.868401 4.637513 188 188 188
v -0.042496 -1.508026 4.766984 188 188 188
v -0.042496 -1.508026 4.766984 188 188 188
v -0.195374 -1.858955 4.637513 188 188 188
v -0.195374 -1.858955 4.637513 188 188 188
v -0.157841 -1.500412 4.766984 188 188 188
v -0.157841 -1.500412 4.766984 188 188 188
v -0.337135 -1.838608 4.637513 188 188 188
v -0.337135 -1.838608 4.637513 188 188 188
v -0.272255 -1.483986 4.766984 188 188 188
v -0.272255 -1.483986 4.766984 188 188 188
v -0.476925 -1.807465 4.637513 188 188 188
v -0.476925 -1.807465 4.637513 188 188 188
v -0.385086 -1.458855 4.766984 188 188 188
v -0.385086 -1.458855 4.766984 188 188 188
v -0.613914 -1.765717 4.637513 188 188 188
v -0.613914 -1.765717 4.637513 188 188 188
v -0.495659 -1.425156 4.766984 188 188 188
v -0.495659 -1.425156 4.766984 188 188 188
v -0.747311 -1.713608 4.637513 188 188 188
v -0.747311 -1.713608 4.637513 188 188 188
v -0.603321 -1.383095 4.766984 188 188 188
v -0.603321 -1.383095 4.766984 188 188 188
v -0.876324 -1.651436 4.637513 188 188 188
v -0.876324 -1.651436 4.637513 188 188 188
v -0.707458 -1.332916 4.766984 188 188 188
v -0.707458 -1.332916 4.766984 188 188 188
v -1.000198 -1.579582 4.637513 188 188 188
v -1.000198 -1.579582 4.637513 188 188 188
v -0.807442 -1.274918 4.766984 188 188 188
v -0.807442 -1.274918 4.766984 188 188 188
v -1.118210 -1.498451 4.637513 188 188 188
v -1.118210 -1.498451 4.637513 188 188 188
v -0.902691 -1.209435 4.766984 188 188 188
v -0.902691 -1.209435 4.766984 188 188 188
v -1.229660 -1.408531 4.637513 188 188 188
v -1.229660 -1.408531 4.637513 188 188 188
v -0.992645 -1.136848 4.766984 188 188 188
v -0.992645 -1.136848 4.766984 188 188 188
v -1.333904 -1.310341 4.637513 188 188 188
v -1.333904 -1.310341 4.637513 188 188 188
v -1.076782 -1.057602 4.766984 188 188 188
v -1.076782 -1.057602 4.766984 188 188 188
v -1.430317 -1.204460 4.637513 188 188 188
v -1.430317 -1.204460 4.637513 188 188 188
v -1.154606 -0.972145 4.766984 188 188 188
v -1.154606 -0.972145 4.766984 188 188 188
v -1.518349 -1.091507 4.637513 188 188 188
v -1.518349 -1.091507 4.637513 188 188 188
v -1.225655 -0.880981 4.766984 188 188 188
v -1.225655 -0.880981 4.766984 188 188 188
v -1.597473 -0.972153 4.637513 188 188 188
v -1.597473 -0.972153 4.637513 188 188 188
v -1.289516 -0.784645 4.766984 188 188 188
v -1.289516 -0.784645 4.766984 188 188 188
v -1.667221 -0.847092 4.637513 188 188 188
v -1.667221 -0.847092 4.637513 188 188 188
v -1.345814 -0.683708 4.766984 188 188 188
v -1.345814 -0.683708 4.766984 188 188 188
v -1.727192 -0.717064 4.637513 188 188 188
v -1.727192 -0.717064 4.637513 188 188 188
v -1.394222 -0.578751 4.766984 188 188 188
v -1.394222 -0.578751 4.766984 188 188 188
v -1.777035 -0.582825 4.637513 188 188 188
v -1.777035 -0.582825 4.637513 188 188 188
v -1.434452 -0.470398 4.766984 188 188 188
v -1.434452 -0.470398 4.766984 188 188 188
v -1.816452 -0.445168 4.637513 188 188 188
v -1.816452 -0.445168 4.637513 188 188 188
v -1.466267 -0.359299 4.766984 188 188 188
v -1.466267 -0.359299 4.766984 188 188 188
v -1.845215 -0.304893 4.637513 188 188 188
v -1.845215 -0.304893 4.637513 188 188 188
v -1.489479 -0.246078 4.766984 188 188 188
v -1.489479 -0.246078 4.766984 188 188 188
v -1.863152 -0.162827 4.637513 188 188 188
v -1.863152 -0.162827 4.637513 188 188 188
v -1.503956 -0.131409 4.766984 188 188 188
v -1.503956 -0.131409 4.766984 188 188 188
v -1.870159 -0.019814 4.637513 188 188 188
v -1.870159 -0.019814 4.637513 188 188 188
v -1.509613 -0.015976 4.766984 188 188 188
v -1.509613 -0.015976 4.766984 188 188 188
v -1.866196 0.123322 4.637513 188 188 188
v -1.866196 0.123322 4.637513 188 188 188
v -1.506416 0.099556 4.766984 188 188 188
v -1.506416 0.099556 4.766984 188 188 188
v -1.851288 0.265732 4.637513 188 188 188
v -1.851288 0.265732 4.637513 188 188 188
v -1.494381 0.214500 4.766984 188 188 188
v -1.494381 0.214500 4.766984 188 188 188
v -1.825516 0.406586 4.637513 188 188 188
v -1.825516 0.406586 4.637513 188 188 188
v -1.473583 0.328194 4.766984 188 188 188
v -1.473583 0.328194 4.766984 188 188 188
v -1.789040 0.545059 4.637513 188 188 188
v -1.789040 0.545059 4.637513 188 188 188
v -1.444138 0.439957 4.766984 188 188 188
v -1.444138 0.439957 4.766984 188 188 188
v -1.742065 0.680328 4.637513 188 188 188
v -1.742065 0.680328 4.637513 188 188 188
v -1.406227 0.549126 4.766984 188 188 188
v -1.406227 0.549126 4.766984 188 188 188
v -1.684879 0.811600 4.637513 188 188 188
v -1.684879 0.811600 4.637513 188 188 188
v -1.360065 0.655090 4.766984 188 188 188
v -1.360065 0.655090 4.766984 188 188 188
v -1.617805 0.938118 4.637513 188 188 188
v -1.617805 0.938118 4.637513 188 188 188
v -1.305931 0.757210 4.766984 188 188 188
v -1.305931 0.757210 4.766984 188 188 188
v -1.541241 1.059128 4.637513 188 188 188
v -1.541241 1.059128 4.637513 188 188 188
v -1.244133 0.854881 4.766984 188 188 188
v -1.244133 0.854881 4.766984 188 188 188
v -1.455635 1.173927 4.637513 188 188 188
v -1.455635 1.173927 4.637513 188 188 188
v -1.175037 0.947540 4.766984 188 188 188
v -1.175037 0.947540 4.766984 188 188 188
v -1.361492 1.281837 4.637513 188 188 188
v -1.361492 1.281837 4.637513 188 188 188
v -1.099052 1.034630 4.766984 188 188 188
v -1.099052 1.034630 4.766984 188 188 188
v -1.259369 1.382225 4.637513 188 188 188
v -1.259369 1.382225 4.637513 188 188 188
v -1.016621 1.115654 4.766984 188 188 188
v -1.016621 1.115654 4.766984 188 188 188
v -1.149857 1.474503 4.637513 188 188 188
v -1.033596 1.558113 4.637513 188 188 188
v -1.149857 1.474503 4.637513 188 188 188
v -0.928230 1.190132 4.766984 188 188 188
v -0.928230 1.190132 4.766984 188 188 188
v -1.033596 1.558113 4.637513 188 188 188
v -0.834396 1.257629 4.766984 188 188 188
v -0.928230 1.190132 4.766984 188 188 188
v -0.701164 0.898781 4.868478 188 188 188
v -0.834396 1.257629 4.766984 188 188 188
v -0.735668 1.317734 4.766984 188 188 188
v -0.834396 1.257629 4.766984 188 188 188
v -0.630302 0.949760 4.868478 188 188 188
v -0.630302 0.949760 4.868478 188 188 188
v -0.735668 1.317734 4.766984 188 188 188
v -0.555748 0.995155 4.868478 188 188 188
v -0.630302 0.949760 4.868478 188 188 188
v -0.422516 0.636307 4.941403 188 188 188
v -0.555748 0.995155 4.868478 188 188 188
v -0.555748 0.995155 4.868478 188 188 188
v -0.372570 0.666718 4.941403 188 188 188
v -0.372570 0.666718 4.941403 188 188 188
v -0.477936 1.034706 4.868478 188 188 188
v -0.477936 1.034706 4.868478 188 188 188
v -0.320435 0.693230 4.941403 188 188 188
v -0.320435 0.693230 4.941403 188 188 188
v -0.397320 1.068192 4.868478 188 188 188
v -0.397320 1.068192 4.868478 188 188 188
v -0.266430 0.715660 4.941403 188 188 188
v -0.266430 0.715660 4.941403 188 188 188
v -0.314381 1.095413 4.868478 188 188 188
v -0.314381 1.095413 4.868478 188 188 188
v -0.210865 0.733894 4.941403 188 188 188
v -0.210865 0.733894 4.941403 188 188 188
v -0.229599 1.116203 4.868478 188 188 188
v -0.229599 1.116203 4.868478 188 188 188
v -0.154064 0.747826 4.941403 188 188 188
v -0.154064 0.747826 4.941403 188 188 188
v -0.143475 1.130447 4.868478 188 188 188
v -0.143475 1.130447 4.868478 188 188 188
v -0.096367 0.757362 4.941403 188 188 188
v -0.096367 0.757362 4.941403 188 188 188
v -0.056511 1.138054 4.868478 188 188 188
v -0.056511 1.138054 4.868478 188 188 188
v -0.038105 0.762459 4.941403 188 188 188
v -0.038105 0.762459 4.941403 188 188 188
v 0.030781 1.138977 4.868478 188 188 188
v 0.030781 1.138977 4.868478 188 188 188
v 0.020370 0.763077 4.941403 188 188 188
v 0.020370 0.763077 4.941403 188 188 188
v 0.117882 1.133224 4.868478 188 188 188
v 0.117882 1.133224 4.868478 188 188 188
v 0.078728 0.759224 4.941403 188 188 188
v 0.078728 0.759224 4.941403 188 188 188
v 0.204288 1.120819 4.868478 188 188 188
v 0.204288 1.120819 4.868478 188 188 188
v 0.136616 0.750916 4.941403 188 188 188
v 0.136616 0.750916 4.941403 188 188 188
v 0.289497 1.101845 4.868478 188 188 188
v 0.289497 1.101845 4.868478 188 188 188
v 0.193699 0.738197 4.941403 188 188 188
v 0.193699 0.738197 4.941403 188 188 188
v 0.372997 1.076393 4.868478 188 188 188
v 0.372997 1.076393 4.868478 188 188 188
v 0.249641 0.721153 4.941403 188 188 188
v 0.249641 0.721153 4.941403 188 188 188
v 0.454304 1.044624 4.868478 188 188 188
v 0.454304 1.044624 4.868478 188 188 188
v 0.304111 0.699875 4.941403 188 188 188
v 0.304111 0.699875 4.941403 188 188 188
v 0.532944 1.006737 4.868478 188 188 188
v 0.532944 1.006737 4.868478 188 188 188
v 0.356796 0.674484 4.941403 188 188 188
v 0.356796 0.674484 4.941403 188 188 188
v 0.608452 0.962936 4.868478 188 188 188
v 0.608452 0.962936 4.868478 188 188 188
v 0.407383 0.645142 4.941403 188 188 188
v 0.407383 0.645142 4.941403 188 188 188
v 0.680382 0.913483 4.868478 188 188 188
v 0.680382 0.913483 4.868478 188 188 188
v 0.455574 0.612015 4.941403 188 188 188
v 0.455574 0.612015 4.941403 188 188 188
v 0.748314 0.858673 4.868478 188 188 188
v 0.748314 0.858673 4.868478 188 188 188
v 0.501080 0.575294 4.941403 188 188 188
v 0.501080 0.575294 4.941403 188 188 188
v 0.811852 0.798820 4.868478 188 188 188
v 0.811852 0.798820 4.868478 188 188 188
v 0.543652 0.535194 4.941403 188 188 188
v 0.543652 0.535194 4.941403 188 188 188
v 0.870625 0.734291 4.868478 188 188 188
v 0.870625 0.734291 4.868478 188 188 188
v 0.583019 0.491959 4.941403 188 188 188
v 0.583019 0.491959 4.941403 188 188 188
v 0.924278 0.665436 4.868478 188 188 188
v 0.924278 0.665436 4.868478 188 188 188
v 0.618965 0.445839 4.941403 188 188 188
v 0.618965 0.445839 4.941403 188 188 188
v 0.972507 0.592697 4.868478 188 188 188
v 0.972507 0.592697 4.868478 188 188 188
v 0.651276 0.397095 4.941403 188 188 188
v 0.651276 0.397095 4.941403 188 188 188
v 1.015018 0.516464 4.868478 188 188 188
v 1.015018 0.516464 4.868478 188 188 188
v 0.679760 0.346031 4.941403 188 188 188
v 0.679760 0.346031 4.941403 188 188 188
v 1.051579 0.437210 4.868478 188 188 188
v 1.051579 0.437210 4.868478 188 188 188
v 0.704254 0.292938 4.941403 188 188 188
v 0.704254 0.292938 4.941403 188 188 188
v 1.081955 0.355385 4.868478 188 188 188
v 1.081955 0.355385 4.868478 188 188 188
v 0.724606 0.238113 4.941403 188 188 188
v 0.724606 0.238113 4.941403 188 188 188
v 1.105980 0.271469 4.868478 188 188 188
v 1.105980 0.271469 4.868478 188 188 188
v 0.740700 0.181900 4.941403 188 188 188
v 1.105980 0.271469 4.868478 188 188 188
v 1.123512 0.185974 4.868478 188 188 188
v 1.487984 0.246239 4.766984 188 188 188
v 1.123512 0.185974 4.868478 188 188 188
v 1.487984 0.246239 4.766984 188 188 188
v 1.502460 0.131569 4.766984 188 188 188
v 1.861656 0.162994 4.637513 188 188 188
v 1.502460 0.131569 4.766984 188 188 188
v 2.218235 0.023689 4.480828 188 188 188
v 1.861656 0.162994 4.637513 188 188 188
v 1.868664 0.019974 4.637513 188 188 188
v 1.868664 0.019974 4.637513 188 188 188
v 1.502460 0.131569 4.766984 188 188 188
v 1.868664 0.019974 4.637513 188 188 188
v 1.508118 0.016136 4.766984 188 188 188
v 2.213535 -0.146210 4.480828 188 188 188
v 1.868664 0.019974 4.637513 188 188 188
v 1.864700 -0.123161 4.637513 188 188 188
v 1.864700 -0.123161 4.637513 188 188 188
v 1.508118 0.016136 4.766984 188 188 188
v 1.864700 -0.123161 4.637513 188 188 188
v 1.504921 -0.099396 4.766984 188 188 188
v 1.504921 -0.099396 4.766984 188 188 188
v 1.849792 -0.265579 4.637513 188 188 188
v 1.849792 -0.265579 4.637513 188 188 188
v 1.492886 -0.214333 4.766984 188 188 188
v 1.492886 -0.214333 4.766984 188 188 188
v 1.824020 -0.406425 4.637513 188 188 188
v 1.824020 -0.406425 4.637513 188 188 188
v 1.472088 -0.328026 4.766984 188 188 188
v 1.472088 -0.328026 4.766984 188 188 188
v 1.787544 -0.544899 4.637513 188 188 188
v 1.740570 -0.680168 4.637513 188 188 188
v 1.787544 -0.544899 4.637513 188 188 188
v 1.442642 -0.439789 4.766984 188 188 188
v 1.442642 -0.439789 4.766984 188 188 188
v 1.740570 -0.680168 4.637513 188 188 188
v 1.404732 -0.548973 4.766984 188 188 188
v 1.442642 -0.439789 4.766984 188 188 188
v 1.089275 -0.332100 4.868478 188 188 188
v 1.404732 -0.548973 4.766984 188 188 188
v 1.358570 -0.654930 4.766984 188 188 188
v 1.404732 -0.548973 4.766984 188 188 188
v 1.060642 -0.414551 4.868478 188 188 188
v 1.060642 -0.414551 4.868478 188 188 188
v 1.358570 -0.654930 4.766984 188 188 188
v 1.025784 -0.494576 4.868478 188 188 188
v 1.060642 -0.414551 4.868478 188 188 188
v 0.710323 -0.277702 4.941403 188 188 188
v 1.025784 -0.494576 4.868478 188 188 188
v 1.025784 -0.494576 4.868478 188 188 188
v 0.686974 -0.331306 4.941403 188 188 188
v 0.686974 -0.331306 4.941403 188 188 188
v 0.984901 -0.571686 4.868478 188 188 188
v 0.984901 -0.571686 4.868478 188 188 188
v 0.659580 -0.382973 4.941403 188 188 188
v 0.659580 -0.382973 4.941403 188 188 188
v 0.938232 -0.645447 4.868478 188 188 188
v 0.938232 -0.645447 4.868478 188 188 188
v 0.628315 -0.432388 4.941403 188 188 188
v 0.628315 -0.432388 4.941403 188 188 188
v 0.886055 -0.715416 4.868478 188 188 188
v 0.886055 -0.715416 4.868478 188 188 188
v 0.593361 -0.479256 4.941403 188 188 188
v 0.593361 -0.479256 4.941403 188 188 188
v 0.828671 -0.781189 4.868478 188 188 188
v 0.828671 -0.781189 4.868478 188 188 188
v 0.554920 -0.523331 4.941403 188 188 188
v 0.554920 -0.523331 4.941403 188 188 188
v 0.766418 -0.842377 4.868478 188 188 188
v 0.766418 -0.842377 4.868478 188 188 188
v 0.513214 -0.564316 4.941403 188 188 188
v 0.513214 -0.564316 4.941403 188 188 188
v 0.699669 -0.898621 4.868478 188 188 188
v 0.699669 -0.898621 4.868478 188 188 188
v 0.468491 -0.601997 4.941403 188 188 188
v 0.468491 -0.601997 4.941403 188 188 188
v 0.628807 -0.949593 4.868478 188 188 188
v 0.628807 -0.949593 4.868478 188 188 188
v 0.421017 -0.636147 4.941403 188 188 188
v 0.421017 -0.636147 4.941403 188 188 188
v 0.554253 -0.994987 4.868478 188 188 188
v 0.554253 -0.994987 4.868478 188 188 188
v 0.371067 -0.666565 4.941403 188 188 188
v 0.371067 -0.666565 4.941403 188 188 188
v 0.476437 -1.034546 4.868478 188 188 188
v 0.476437 -1.034546 4.868478 188 188 188
v 0.318939 -0.693062 4.941403 188 188 188
v 0.318939 -0.693062 4.941403 188 188 188
v 0.395824 -1.068031 4.868478 188 188 188
v 0.395824 -1.068031 4.868478 188 188 188
v 0.264935 -0.715492 4.941403 188 188 188
v 0.264935 -0.715492 4.941403 188 188 188
v 0.312881 -1.095253 4.868478 188 188 188
v 0.312881 -1.095253 4.868478 188 188 188
v 0.209370 -0.733727 4.941403 188 188 188
v 0.209370 -0.733727 4.941403 188 188 188
v 0.228104 -1.116035 4.868478 188 188 188
v 0.228104 -1.116035 4.868478 188 188 188
v 0.152569 -0.747658 4.941403 188 188 188
v 0.152569 -0.747658 4.941403 188 188 188
v 0.141979 -1.130280 4.868478 188 188 188
v 0.141979 -1.130280 4.868478 188 188 188
v 0.094872 -0.757202 4.941403 188 188 188
v 0.094872 -0.757202 4.941403 188 188 188
v 0.055012 -1.137886 4.868478 188 188 188
v 0.055012 -1.137886 4.868478 188 188 188
v 0.036610 -0.762299 4.941403 188 188 188
v 0.036610 -0.762299 4.941403 188 188 188
v -0.032276 -1.138817 4.868478 188 188 188
v -0.032276 -1.138817 4.868478 188 188 188
v -0.021870 -0.762917 4.941403 188 188 188
v -0.021870 -0.762917 4.941403 188 188 188
v -0.119377 -1.133057 4.868478 188 188 188
v -0.119377 -1.133057 4.868478 188 188 188
v -0.080223 -0.759064 4.941403 188 188 188
v -0.080223 -0.759064 4.941403 188 188 188
v -0.205784 -1.120651 4.868478 188 188 188
v -0.205784 -1.120651 4.868478 188 188 188
v -0.138111 -0.750755 4.941403 188 188 188
v -0.138111 -0.750755 4.941403 188 188 188
v -0.290993 -1.101677 4.868478 188 188 188
v -0.290993 -1.101677 4.868478 188 188 188
v -0.195198 -0.738029 4.941403 188 188 188
v -0.195198 -0.738029 4.941403 188 188 188
v -0.374496 -1.076233 4.868478 188 188 188
v -0.374496 -1.076233 4.868478 188 188 188
v -0.251137 -0.720985 4.941403 188 188 188
v -0.251137 -0.720985 4.941403 188 188 188
v -0.455803 -1.044464 4.868478 188 188 188
v -0.455803 -1.044464 4.868478 188 188 188
v -0.305607 -0.699707 4.941403 188 188 188
v -0.305607 -0.699707 4.941403 188 188 188
v -0.534439 -1.006569 4.868478 188 188 188
v -0.534439 -1.006569 4.868478 188 188 188
v -0.358295 -0.674324 4.941403 188 188 188
v -0.358295 -0.674324 4.941403 188 188 188
v -0.609947 -0.962769 4.868478 188 188 188
v -0.609947 -0.962769 4.868478 188 188 188
v -0.408878 -0.644981 4.941403 188 188 188
v -0.408878 -0.644981 4.941403 188 188 188
v -0.681877 -0.913322 4.868478 188 188 188
v -0.681877 -0.913322 4.868478 188 188 188
v -0.457069 -0.611847 4.941403 188 188 188
v -0.457069 -0.611847 4.941403 188 188 188
v -0.749809 -0.858505 4.868478 188 188 188
v -0.749809 -0.858505 4.868478 188 188 188
v -0.502579 -0.575127 4.941403 188 188 188
v -0.502579 -0.575127 4.941403 188 188 188
v -0.813347 -0.798660 4.868478 188 188 188
v -0.813347 -0.798660 4.868478 188 188 188
v -0.545147 -0.535034 4.941403 188 188 188
v -0.545147 -0.535034 4.941403 188 188 188
v -0.872120 -0.734123 4.868478 188 188 188
v -0.872120 -0.734123 4.868478 188 188 188
v -0.584518 -0.491798 4.941403 188 188 188
v -0.584518 -0.491798 4.941403 188 188 188
v -0.925774 -0.665283 4.868478 188 188 188
v -0.925774 -0.665283 4.868478 188 188 188
v -0.620468 -0.445671 4.941403 188 188 188
v -0.620468 -0.445671 4.941403 188 188 188
v -0.974003 -0.592529 4.868478 188 188 188
v -0.974003 -0.592529 4.868478 188 188 188
v -0.652771 -0.396935 4.941403 188 188 188
v -0.652771 -0.396935 4.941403 188 188 188
v -1.016514 -0.516304 4.868478 188 188 188
v -1.016514 -0.516304 4.868478 188 188 188
v -0.681255 -0.345863 4.941403 188 188 188
v -0.681255 -0.345863 4.941403 188 188 188
v -1.053074 -0.437042 4.868478 188 188 188
v -1.053074 -0.437042 4.868478 188 188 188
v -0.705750 -0.292770 4.941403 188 188 188
v -0.705750 -0.292770 4.941403 188 188 188
v -1.083450 -0.355217 4.868478 188 188 188
v -1.083450 -0.355217 4.868478 188 188 188
v -0.726101 -0.237953 4.941403 188 188 188
v -0.726101 -0.237953 4.941403 188 188 188
v -1.107479 -0.271309 4.868478 188 188 188
v -1.107479 -0.271309 4.868478 188 188 188
v -0.742195 -0.181732 4.941403 188 188 188
v -0.742195 -0.181732 4.941403 188 188 188
v -1.125008 -0.185806 4.868478 188 188 188
v -1.125008 -0.185806 4.868478 188 188 188
v -0.753941 -0.124458 4.941403 188 188 188
v -0.753941 -0.124458 4.941403 188 188 188
v -1.135944 -0.099220 4.868478 188 188 188
v -1.135944 -0.099220 4.868478 188 188 188
v -0.761265 -0.066444 4.941403 188 188 188
v -0.761265 -0.066444 4.941403 188 188 188
v -1.140213 -0.012047 4.868478 188 188 188
v -1.140213 -0.012047 4.868478 188 188 188
v -0.764126 -0.008041 4.941403 188 188 188
v -0.764126 -0.008041 4.941403 188 188 188
v -1.137798 0.075203 4.868478 188 188 188
v -1.137798 0.075203 4.868478 188 188 188
v -0.762508 0.050415 4.941403 188 188 188
v -0.762508 0.050415 4.941403 188 188 188
v -1.128712 0.162003 4.868478 188 188 188
v -1.128712 0.162003 4.868478 188 188 188
v -0.756424 0.108559 4.941403 188 188 188
v -0.756424 0.108559 4.941403 188 188 188
v -1.113003 0.247864 4.868478 188 188 188
v -1.113003 0.247864 4.868478 188 188 188
v -0.745899 0.166084 4.941403 188 188 188
v -0.745899 0.166084 4.941403 188 188 188
v -1.090771 0.332268 4.868478 188 188 188
v -1.090771 0.332268 4.868478 188 188 188
v -0.731003 0.222626 4.941403 188 188 188
v -0.731003 0.222626 4.941403 188 188 188
v -1.062138 0.414711 4.868478 188 188 188
v -1.062138 0.414711 4.868478 188 188 188
v -0.711823 0.277863 4.941403 188 188 188
v -0.711823 0.277863 4.941403 188 188 188
v -1.027279 0.494736 4.868478 188 188 188
v -1.027279 0.494736 4.868478 188 188 188
v -0.688469 0.331474 4.941403 188 188 188
v -0.688469 0.331474 4.941403 188 188 188
v -0.986397 0.571854 4.868478 188 188 188
v -0.986397 0.571854 4.868478 188 188 188
v -0.661079 0.383133 4.941403 188 188 188
v -0.661079 0.383133 4.941403 188 188 188
v -0.939728 0.645607 4.868478 188 188 188
v -0.939728 0.645607 4.868478 188 188 188
v -0.629814 0.432549 4.941403 188 188 188
v -0.629814 0.432549 4.941403 188 188 188
v -0.887550 0.715584 4.868478 188 188 188
v -0.887550 0.715584 4.868478 188 188 188
v -0.594856 0.479424 4.941403 188 188 188
v -0.594856 0.479424 4.941403 188 188 188
v -0.830166 0.781349 4.868478 188 188 188
v -0.830166 0.781349 4.868478 188 188 188
v -0.556416 0.523491 4.941403 188 188 188
v -0.556416 0.523491 4.941403 188 188 188
v -0.767918 0.842545 4.868478 188 188 188
v -0.701164 0.898781 4.868478 188 188 188
v -0.767918 0.842545 4.868478 188 188 188
v -0.514709 0.564484 4.941403 188 188 188
v -0.514709 0.564484 4.941403 188 188 188
v -0.701164 0.898781 4.868478 188 188 188
v -0.469986 0.602165 4.941403 188 188 188
v -0.514709 0.564484 4.941403 188 188 188
v -0.258488 0.283112 4.985330 188 188 188
v -0.469986 0.602165 4.941403 188 188 188
v -0.422516 0.636307 4.941403 188 188 188
v -0.469986 0.602165 4.941403 188 188 188
v -0.236057 0.302010 4.985330 188 188 188
v -0.236057 0.302010 4.985330 188 188 188
v -0.422516 0.636307 4.941403 188 188 188
v -0.212254 0.319138 4.985330 188 188 188
v -0.236057 0.302010 4.985330 188 188 188
v -0.000748 0.000076 5.000001 188 188 188
v -0.212254 0.319138 4.985330 188 188 188
v -0.212254 0.319138 4.985330 188 188 188
v -0.187202 0.334389 4.985330 188 188 188
v -0.372570 0.666718 4.941403 188 188 188
v -0.000748 0.000076 5.000001 188 188 188
v -0.187202 0.334389 4.985330 188 188 188
v -0.187202 0.334389 4.985330 188 188 188
v -0.161064 0.347672 4.985330 188 188 188
v -0.320435 0.693230 4.941403 188 188 188
v -0.000748 0.000076 5.000001 188 188 188
v -0.161064 0.347672 4.985330 188 188 188
v -0.161064 0.347672 4.985330 188 188 188
v -0.133980 0.358925 4.985330 188 188 188
v -0.266430 0.715660 4.941403 188 188 188
v -0.000748 0.000076 5.000001 188 188 188
v -0.133980 0.358925 4.985330 188 188 188
v -0.133980 0.358925 4.985330 188 188 188
v -0.106113 0.368065 4.985330 188 188 188
v -0.210865 0.733894 4.941403 188 188 188
v -0.000748 0.000076 5.000001 188 188 188
v -0.106113 0.368065 4.985330 188 188 188
v -0.106113 0.368065 4.985330 188 188 188
v -0.077633 0.375053 4.985330 188 188 188
v -0.154064 0.747826 4.941403 188 188 188
v -0.000748 0.000076 5.000001 188 188 188
v -0.077633 0.375053 4.985330 188 188 188
v -0.077633 0.375053 4.985330 188 188 188
v -0.048698 0.379837 4.985330 188 188 188
v -0.096367 0.757362 4.941403 188 188 188
v -0.000748 0.000076 5.000001 188 188 188
v -0.048698 0.379837 4.985330 188 188 188
v -0.048698 0.379837 4.985330 188 188 188
v -0.019482 0.382393 4.985330 188 188 188
v -0.038105 0.762459 4.941403 188 188 188
v -0.000748 0.000076 5.000001 188 188 188
v -0.019482 0.382393 4.985330 188 188 188
v -0.019482 0.382393 4.985330 188 188 188
v 0.009846 0.382706 4.985330 188 188 188
v 0.020370 0.763077 4.941403 188 188 188
v -0.000748 0.000076 5.000001 188 188 188
v 0.009846 0.382706 4.985330 188 188 188
v 0.009846 0.382706 4.985330 188 188 188
v 0.039104 0.380768 4.985330 188 188 188
v 0.078728 0.759224 4.941403 188 188 188
v -0.000748 0.000076 5.000001 188 188 188
v 0.039104 0.380768 4.985330 188 188 188
v 0.039104 0.380768 4.985330 188 188 188
v 0.068134 0.376602 4.985330 188 188 188
v 0.136616 0.750916 4.941403 188 188 188
v -0.000748 0.000076 5.000001 188 188 188
v 0.068134 0.376602 4.985330 188 188 188
v 0.068134 0.376602 4.985330 188 188 188
v 0.096764 0.370224 4.985330 188 188 188
v 0.193699 0.738197 4.941403 188 188 188
v -0.000748 0.000076 5.000001 188 188 188
v 0.096764 0.370224 4.985330 188 188 188
v 0.096764 0.370224 4.985330 188 188 188
v 0.124817 0.361679 4.985330 188 188 188
v 0.249641 0.721153 4.941403 188 188 188
v -0.000748 0.000076 5.000001 188 188 188
v 0.124817 0.361679 4.985330 188 188 188
v 0.124817 0.361679 4.985330 188 188 188
v 0.152130 0.351006 4.985330 188 188 188
v 0.304111 0.699875 4.941403 188 188 188
v -0.000748 0.000076 5.000001 188 188 188
v 0.152130 0.351006 4.985330 188 188 188
v 0.152130 0.351006 4.985330 188 188 188
v 0.178551 0.338280 4.985330 188 188 188
v 0.356796 0.674484 4.941403 188 188 188
v -0.000748 0.000076 5.000001 188 188 188
v 0.178551 0.338280 4.985330 188 188 188
v 0.178551 0.338280 4.985330 188 188 188
v 0.203915 0.323563 4.985330 188 188 188
v 0.407383 0.645142 4.941403 188 188 188
v -0.000748 0.000076 5.000001 188 188 188
v 0.203915 0.323563 4.985330 188 188 188
v 0.203915 0.323563 4.985330 188 188 188
v 0.228085 0.306953 4.985330 188 188 188
v 0.455574 0.612015 4.941403 188 188 188
v -0.000748 0.000076 5.000001 188 188 188
v 0.228085 0.306953 4.985330 188 188 188
v 0.228085 0.306953 4.985330 188 188 188
v 0.250904 0.288528 4.985330 188 188 188
v 0.501080 0.575294 4.941403 188 188 188
v -0.000748 0.000076 5.000001 188 188 188
v 0.250904 0.288528 4.985330 188 188 188
v 0.250904 0.288528 4.985330 188 188 188
v 0.272251 0.268425 4.985330 188 188 188
v 0.543652 0.535194 4.941403 188 188 188
v -0.000748 0.000076 5.000001 188 188 188
v 0.272251 0.268425 4.985330 188 188 188
v 0.272251 0.268425 4.985330 188 188 188
v 0.291996 0.246742 4.985330 188 188 188
v 0.583019 0.491959 4.941403 188 188 188
v -0.000748 0.000076 5.000001 188 188 188
v 0.291996 0.246742 4.985330 188 188 188
v 0.291996 0.246742 4.985330 188 188 188
v 0.310024 0.223618 4.985330 188 188 188
v 0.618965 0.445839 4.941403 188 188 188
v -0.000748 0.000076 5.000001 188 188 188
v 0.310024 0.223618 4.985330 188 188 188
v 0.310024 0.223618 4.985330 188 188 188
v 0.326225 0.199173 4.985330 188 188 188
v 0.651276 0.397095 4.941403 188 188 188
v -0.000748 0.000076 5.000001 188 188 188
v 0.326225 0.199173 4.985330 188 188 188
v 0.326225 0.199173 4.985330 188 188 188
v 0.340508 0.173569 4.985330 188 188 188
v 0.679760 0.346031 4.941403 188 188 188
v -0.000748 0.000076 5.000001 188 188 188
v 0.340508 0.173569 4.985330 188 188 188
v 0.340508 0.173569 4.985330 188 188 188
v 0.352787 0.146935 4.985330 188 188 188
v 0.704254 0.292938 4.941403 188 188 188
v -0.000748 0.000076 5.000001 188 188 188
v 0.352787 0.146935 4.985330 188 188 188
v 0.352787 0.146935 4.985330 188 188 188
v 0.362995 0.119446 4.985330 188 188 188
v 0.724606 0.238113 4.941403 188 188 188
v -0.000748 0.000076 5.000001 188 188 188
v 0.362995 0.119446 4.985330 188 188 188
v 0.362995 0.119446 4.985330 188 188 188
v 0.371063 0.091255 4.985330 188 188 188
v 0.740700 0.181900 4.941403 188 188 188
v 0.740700 0.181900 4.941403 188 188 188
v 0.371063 0.091255 4.985330 188 188 188
v 0.752441 0.124619 4.941403 188 188 188
v 0.371063 0.091255 4.985330 188 188 188
v 0.752441 0.124619 4.941403 188 188 188
v 0.376957 0.062538 4.985330 188 188 188
v 0.752441 0.124619 4.941403 188 188 188
v 0.759769 0.066612 4.941403 188 188 188
v 1.134449 0.099380 4.868478 188 188 188
v 0.759769 0.066612 4.941403 188 188 188
v 1.508118 0.016136 4.766984 188 188 188
v 1.134449 0.099380 4.868478 188 188 188
v 1.138718 0.012207 4.868478 188 188 188
v 1.138718 0.012207 4.868478 188 188 188
v 0.759769 0.066612 4.941403 188 188 188
v 1.138718 0.012207 4.868478 188 188 188
v 0.762630 0.008202 4.941403 188 188 188
v 1.504921 -0.099396 4.766984 188 188 188
v 1.138718 0.012207 4.868478 188 188 188
v 1.136303 -0.075035 4.868478 188 188 188
v 1.136303 -0.075035 4.868478 188 188 188
v 0.762630 0.008202 4.941403 188 188 188
v 1.136303 -0.075035 4.868478 188 188 188
v 0.761013 -0.050247 4.941403 188 188 188
v 0.761013 -0.050247 4.941403 188 188 188
v 1.127213 -0.161842 4.868478 188 188 188
v 1.127213 -0.161842 4.868478 188 188 188
v 0.754925 -0.108406 4.941403 188 188 188
v 0.754925 -0.108406 4.941403 188 188 188
v 1.111507 -0.247704 4.868478 188 188 188
v 1.089275 -0.332100 4.868478 188 188 188
v 1.111507 -0.247704 4.868478 188 188 188
v 0.744400 -0.165916 4.941403 188 188 188
v 0.744400 -0.165916 4.941403 188 188 188
v 1.089275 -0.332100 4.868478 188 188 188
v 0.729507 -0.222458 4.941403 188 188 188
v 0.744400 -0.165916 4.941403 188 188 188
v 0.372925 -0.083160 4.985330 188 188 188
v 0.729507 -0.222458 4.941403 188 188 188
v 0.710323 -0.277702 4.941403 188 188 188
v 0.729507 -0.222458 4.941403 188 188 188
v 0.365452 -0.111519 4.985330 188 188 188
v 0.365452 -0.111519 4.985330 188 188 188
v 0.710323 -0.277702 4.941403 188 188 188
v -0.000748 0.000076 5.000001 188 188 188
v 0.355835 -0.139221 4.985330 188 188 188
v 0.365452 -0.111519 4.985330 188 188 188
v -0.000748 0.000076 5.000001 188 188 188
v 0.355835 -0.139221 4.985330 188 188 188
v 0.355835 -0.139221 4.985330 188 188 188
v 0.344124 -0.166100 4.985330 188 188 188
v 0.686974 -0.331306 4.941403 188 188 188
v -0.000748 0.000076 5.000001 188 188 188
v 0.344124 -0.166100 4.985330 188 188 188
v 0.344124 -0.166100 4.985330 188 188 188
v 0.330387 -0.192009 4.985330 188 188 188
v 0.659580 -0.382973 4.941403 188 188 188
v -0.000748 0.000076 5.000001 188 188 188
v 0.330387 -0.192009 4.985330 188 188 188
v 0.330387 -0.192009 4.985330 188 188 188
v 0.314709 -0.216782 4.985330 188 188 188
v 0.628315 -0.432388 4.941403 188 188 188
v -0.000748 0.000076 5.000001 188 188 188
v 0.314709 -0.216782 4.985330 188 188 188
v 0.314709 -0.216782 4.985330 188 188 188
v 0.297180 -0.240295 4.985330 188 188 188
v 0.593361 -0.479256 4.941403 188 188 188
v -0.000748 0.000076 5.000001 188 188 188
v 0.297180 -0.240295 4.985330 188 188 188
v 0.297180 -0.240295 4.985330 188 188 188
v 0.277905 -0.262398 4.985330 188 188 188
v 0.554920 -0.523331 4.941403 188 188 188
v -0.000748 0.000076 5.000001 188 188 188
v 0.277905 -0.262398 4.985330 188 188 188
v 0.277905 -0.262398 4.985330 188 188 188
v 0.256989 -0.282951 4.985330 188 188 188
v 0.513214 -0.564316 4.941403 188 188 188
v -0.000748 0.000076 5.000001 188 188 188
v 0.256989 -0.282951 4.985330 188 188 188
v 0.256989 -0.282951 4.985330 188 188 188
v 0.234562 -0.301842 4.985330 188 188 188
v 0.468491 -0.601997 4.941403 188 188 188
v -0.000748 0.000076 5.000001 188 188 188
v 0.234562 -0.301842 4.985330 188 188 188
v 0.234562 -0.301842 4.985330 188 188 188
v 0.210758 -0.318970 4.985330 188 188 188
v 0.421017 -0.636147 4.941403 188 188 188
v -0.000748 0.000076 5.000001 188 188 188
v 0.210758 -0.318970 4.985330 188 188 188
v 0.210758 -0.318970 4.985330 188 188 188
v 0.185707 -0.334221 4.985330 188 188 188
v 0.371067 -0.666565 4.941403 188 188 188
v -0.000748 0.000076 5.000001 188 188 188
v 0.185707 -0.334221 4.985330 188 188 188
v 0.185707 -0.334221 4.985330 188 188 188
v 0.159569 -0.347504 4.985330 188 188 188
v 0.318939 -0.693062 4.941403 188 188 188
v -0.000748 0.000076 5.000001 188 188 188
v 0.159569 -0.347504 4.985330 188 188 188
v 0.159569 -0.347504 4.985330 188 188 188
v 0.132484 -0.358765 4.985330 188 188 188
v 0.264935 -0.715492 4.941403 188 188 188
v -0.000748 0.000076 5.000001 188 188 188
v 0.132484 -0.358765 4.985330 188 188 188
v 0.132484 -0.358765 4.985330 188 188 188
v 0.104618 -0.367905 4.985330 188 188 188
v 0.209370 -0.733727 4.941403 188 188 188
v -0.000748 0.000076 5.000001 188 188 188
v 0.104618 -0.367905 4.985330 188 188 188
v 0.104618 -0.367905 4.985330 188 188 188
v 0.076138 -0.374893 4.985330 188 188 188
v 0.152569 -0.747658 4.941403 188 188 188
v -0.000748 0.000076 5.000001 188 188 188
v 0.076138 -0.374893 4.985330 188 188 188
v 0.076138 -0.374893 4.985330 188 188 188
v 0.047203 -0.379677 4.985330 188 188 188
v 0.094872 -0.757202 4.941403 188 188 188
v -0.000748 0.000076 5.000001 188 188 188
v 0.047203 -0.379677 4.985330 188 188 188
v 0.047203 -0.379677 4.985330 188 188 188
v 0.017986 -0.382233 4.985330 188 188 188
v 0.036610 -0.762299 4.941403 188 188 188
v -0.000748 0.000076 5.000001 188 188 188
v 0.017986 -0.382233 4.985330 188 188 188
v 0.017986 -0.382233 4.985330 188 188 188
v -0.011341 -0.382545 4.985330 188 188 188
v -0.021870 -0.762917 4.941403 188 188 188
v -0.000748 0.000076 5.000001 188 188 188
v -0.011341 -0.382545 4.985330 188 188 188
v -0.011341 -0.382545 4.985330 188 188 188
v -0.040600 -0.380608 4.985330 188 188 188
v -0.080223 -0.759064 4.941403 188 188 188
v -0.000748 0.000076 5.000001 188 188 188
v -0.040600 -0.380608 4.985330 188 188 188
v -0.040600 -0.380608 4.985330 188 188 188
v -0.069633 -0.376442 4.985330 188 188 188
v -0.138111 -0.750755 4.941403 188 188 188
v -0.000748 0.000076 5.000001 188 188 188
v -0.069633 -0.376442 4.985330 188 188 188
v -0.069633 -0.376442 4.985330 188 188 188
v -0.098259 -0.370064 4.985330 188 188 188
v -0.195198 -0.738029 4.941403 188 188 188
v -0.000748 0.000076 5.000001 188 188 188
v -0.098259 -0.370064 4.985330 188 188 188
v -0.098259 -0.370064 4.985330 188 188 188
v -0.126312 -0.361519 4.985330 188 188 188
v -0.251137 -0.720985 4.941403 188 188 188
v -0.000748 0.000076 5.000001 188 188 188
v -0.126312 -0.361519 4.985330 188 188 188
v -0.126312 -0.361519 4.985330 188 188 188
v -0.153625 -0.350838 4.985330 188 188 188
v -0.305607 -0.699707 4.941403 188 188 188
v -0.000748 0.000076 5.000001 188 188 188
v -0.153625 -0.350838 4.985330 188 188 188
v -0.153625 -0.350838 4.985330 188 188 188
v -0.180046 -0.338112 4.985330 188 188 188
v -0.358295 -0.674324 4.941403 188 188 188
v -0.000748 0.000076 5.000001 188 188 188
v -0.180046 -0.338112 4.985330 188 188 188
v -0.180046 -0.338112 4.985330 188 188 188
v -0.205410 -0.323395 4.985330 188 188 188
v -0.408878 -0.644981 4.941403 188 188 188
v -0.000748 0.000076 5.000001 188 188 188
v -0.205410 -0.323395 4.985330 188 188 188
v -0.205410 -0.323395 4.985330 188 188 188
v -0.229580 -0.306786 4.985330 188 188 188
v -0.457069 -0.611847 4.941403 188 188 188
v -0.000748 0.000076 5.000001 188 188 188
v -0.229580 -0.306786 4.985330 188 188 188
v -0.229580 -0.306786 4.985330 188 188 188
v -0.252399 -0.288368 4.985330 188 188 188
v -0.502579 -0.575127 4.941403 188 188 188
v -0.000748 0.000076 5.000001 188 188 188
v -0.252399 -0.288368 4.985330 188 188 188
v -0.252399 -0.288368 4.985330 188 188 188
v -0.273750 -0.268265 4.985330 188 188 188
v -0.545147 -0.535034 4.941403 188 188 188
v -0.000748 0.000076 5.000001 188 188 188
v -0.273750 -0.268265 4.985330 188 188 188
v -0.273750 -0.268265 4.985330 188 188 188
v -0.293491 -0.246582 4.985330 188 188 188
v -0.584518 -0.491798 4.941403 188 188 188
v -0.000748 0.000076 5.000001 188 188 188
v -0.293491 -0.246582 4.985330 188 188 188
v -0.293491 -0.246582 4.985330 188 188 188
v -0.311520 -0.223450 4.985330 188 188 188
v -0.620468 -0.445671 4.941403 188 188 188
v -0.000748 0.000076 5.000001 188 188 188
v -0.311520 -0.223450 4.985330 188 188 188
v -0.311520 -0.223450 4.985330 188 188 188
v -0.327721 -0.199005 4.985330 188 188 188
v -0.652771 -0.396935 4.941403 188 188 188
v -0.000748 0.000076 5.000001 188 188 188
v -0.327721 -0.199005 4.985330 188 188 188
v -0.327721 -0.199005 4.985330 188 188 188
v -0.342007 -0.173401 4.985330 188 188 188
v -0.681255 -0.345863 4.941403 188 188 188
v -0.000748 0.000076 5.000001 188 188 188
v -0.342007 -0.173401 4.985330 188 188 188
v -0.342007 -0.173401 4.985330 188 188 188
v -0.354282 -0.146774 4.985330 188 188 188
v -0.705750 -0.292770 4.941403 188 188 188
v -0.000748 0.000076 5.000001 188 188 188
v -0.354282 -0.146774 4.985330 188 188 188
v -0.354282 -0.146774 4.985330 188 188 188
v -0.364491 -0.119286 4.985330 188 188 188
v -0.726101 -0.237953 4.941403 188 188 188
v -0.000748 0.000076 5.000001 188 188 188
v -0.364491 -0.119286 4.985330 188 188 188
v -0.364491 -0.119286 4.985330 188 188 188
v -0.372566 -0.091095 4.985330 188 188 188
v -0.742195 -0.181732 4.941403 188 188 188
v -0.000748 0.000076 5.000001 188 188 188
v -0.372566 -0.091095 4.985330 188 188 188
v -0.372566 -0.091095 4.985330 188 188 188
v -0.378452 -0.062370 4.985330 188 188 188
v -0.753941 -0.124458 4.941403 188 188 188
v -0.000748 0.000076 5.000001 188 188 188
v -0.378452 -0.062370 4.985330 188 188 188
v -0.378452 -0.062370 4.985330 188 188 188
v -0.382126 -0.033279 4.985330 188 188 188
v -0.761265 -0.066444 4.941403 188 188 188
v -0.000748 0.000076 5.000001 188 188 188
v -0.382126 -0.033279 4.985330 188 188 188
v -0.382126 -0.033279 4.985330 188 188 188
v -0.383560 -0.003990 4.985330 188 188 188
v -0.764126 -0.008041 4.941403 188 188 188
v -0.000748 0.000076 5.000001 188 188 188
v -0.383560 -0.003990 4.985330 188 188 188
v -0.383560 -0.003990 4.985330 188 188 188
v -0.382748 0.025314 4.985330 188 188 188
v -0.762508 0.050415 4.941403 188 188 188
v -0.000748 0.000076 5.000001 188 188 188
v -0.382748 0.025314 4.985330 188 188 188
v -0.382748 0.025314 4.985330 188 188 188
v -0.379696 0.054482 4.985330 188 188 188
v -0.756424 0.108559 4.941403 188 188 188
v -0.000748 0.000076 5.000001 188 188 188
v -0.379696 0.054482 4.985330 188 188 188
v -0.379696 0.054482 4.985330 188 188 188
v -0.374420 0.083328 4.985330 188 188 188
v -0.745899 0.166084 4.941403 188 188 188
v -0.000748 0.000076 5.000001 188 188 188
v -0.374420 0.083328 4.985330 188 188 188
v -0.374420 0.083328 4.985330 188 188 188
v -0.366951 0.111679 4.985330 188 188 188
v -0.731003 0.222626 4.941403 188 188 188
v -0.000748 0.000076 5.000001 188 188 188
v -0.366951 0.111679 4.985330 188 188 188
v -0.366951 0.111679 4.985330 188 188 188
v -0.357334 0.139381 4.985330 188 188 188
v -0.711823 0.277863 4.941403 188 188 188
v -0.000748 0.000076 5.000001 188 188 188
v -0.357334 0.139381 4.985330 188 188 188
v -0.357334 0.139381 4.985330 188 188 188
v -0.345619 0.166267 4.985330 188 188 188
v -0.688469 0.331474 4.941403 188 188 188
v -0.000748 0.000076 5.000001 188 188 188
v -0.345619 0.166267 4.985330 188 188 188
v -0.345619 0.166267 4.985330 188 188 188
v -0.331882 0.192177 4.985330 188 188 188
v -0.661079 0.383133 4.941403 188 188 188
v -0.000748 0.000076 5.000001 188 188 188
v -0.331882 0.192177 4.985330 188 188 188
v -0.331882 0.192177 4.985330 188 188 188
v -0.316204 0.216949 4.985330 188 188 188
v -0.629814 0.432549 4.941403 188 188 188
v -0.000748 0.000076 5.000001 188 188 188
v -0.316204 0.216949 4.985330 188 188 188
v -0.316204 0.216949 4.985330 188 188 188
v -0.298676 0.240456 4.985330 188 188 188
v -0.594856 0.479424 4.941403 188 188 188
v -0.000748 0.000076 5.000001 188 188 188
v -0.298676 0.240456 4.985330 188 188 188
v -0.298676 0.240456 4.985330 188 188 188
v -0.279400 0.262550 4.985330 188 188 188
v -0.556416 0.523491 4.941403 188 188 188
v -0.000748 0.000076 5.000001 188 188 188
v -0.258488 0.283112 4.985330 188 188 188
v -0.279400 0.262550 4.985330 188 188 188
v -0.000748 0.000076 5.000001 188 188 188
v 0.365452 -0.111519 4.985330 188 188 188
v 0.372925 -0.083160 4.985330 188 188 188
v -0.000748 0.000076 5.000001 188 188 188
v 0.372925 -0.083160 4.985330 188 188 188
v -0.000748 0.000076 5.000001 188 188 188
v 0.378201 -0.054321 4.985330 188 188 188
v -0.000748 0.000076 5.000001 188 188 188
v 0.381252 -0.025154 4.985330 188 188 188
v 0.761013 -0.050247 4.941403 188 188 188
v 0.382065 0.004150 4.985330 188 188 188
v 0.381252 -0.025154 4.985330 188 188 188
v -0.000748 0.000076 5.000001 188 188 188
v 0.382065 0.004150 4.985330 188 188 188
v 0.762630 0.008202 4.941403 188 188 188
v 0.380630 0.033447 4.985330 188 188 188
v 0.382065 0.004150 4.985330 188 188 188
v 0.376957 0.062538 4.985330 188 188 188
v -0.000748 0.000076 5.000001 188 188 188
v 0.380630 0.033447 4.985330 188 188 188
v 0.381252 -0.025154 4.985330 188 188 188
v 0.378201 -0.054321 4.985330 188 188 188
v 0.754925 -0.108406 4.941403 188 188 188
v 0.378201 -0.054321 4.985330 188 188 188
v 0.372925 -0.083160 4.985330 188 188 188
v 0.744400 -0.165916 4.941403 188 188 188
v 0.744400 -0.165916 4.941403 188 188 188
v 0.754925 -0.108406 4.941403 188 188 188
v 0.378201 -0.054321 4.985330 188 188 188
v 1.127213 -0.161842 4.868478 188 188 188
v 1.111507 -0.247704 4.868478 188 188 188
v 1.472088 -0.328026 4.766984 188 188 188
v 0.754925 -0.108406 4.941403 188 188 188
v 0.761013 -0.050247 4.941403 188 188 188
v 0.381252 -0.025154 4.985330 188 188 188
v 1.136303 -0.075035 4.868478 188 188 188
v 1.127213 -0.161842 4.868478 188 188 188
v 1.492886 -0.214333 4.766984 188 188 188
v 0.762630 0.008202 4.941403 188 188 188
v 0.382065 0.004150 4.985330 188 188 188
v 0.761013 -0.050247 4.941403 188 188 188
v 0.759769 0.066612 4.941403 188 188 188
v 0.380630 0.033447 4.985330 188 188 188
v 0.762630 0.008202 4.941403 188 188 188
v 1.123512 0.185974 4.868478 188 188 188
v 0.752441 0.124619 4.941403 188 188 188
v 1.134449 0.099380 4.868478 188 188 188
v 0.759769 0.066612 4.941403 188 188 188
v 0.376957 0.062538 4.985330 188 188 188
v 0.380630 0.033447 4.985330 188 188 188
v 0.371063 0.091255 4.985330 188 188 188
v -0.000748 0.000076 5.000001 188 188 188
v 0.376957 0.062538 4.985330 188 188 188
v -0.000748 0.000076 5.000001 188 188 188
v -0.236057 0.302010 4.985330 188 188 188
v -0.258488 0.283112 4.985330 188 188 188
v -0.279400 0.262550 4.985330 188 188 188
v -0.258488 0.283112 4.985330 188 188 188
v -0.514709 0.564484 4.941403 188 188 188
v -0.514709 0.564484 4.941403 188 188 188
v -0.556416 0.523491 4.941403 188 188 188
v -0.279400 0.262550 4.985330 188 188 188
v -0.830166 0.781349 4.868478 188 188 188
v -0.767918 0.842545 4.868478 188 188 188
v -1.016621 1.115654 4.766984 188 188 188
v -0.556416 0.523491 4.941403 188 188 188
v -0.594856 0.479424 4.941403 188 188 188
v -0.298676 0.240456 4.985330 188 188 188
v -0.887550 0.715584 4.868478 188 188 188
v -0.830166 0.781349 4.868478 188 188 188
v -1.099052 1.034630 4.766984 188 188 188
v -0.594856 0.479424 4.941403 188 188 188
v -0.629814 0.432549 4.941403 188 188 188
v -0.316204 0.216949 4.985330 188 188 188
v -0.939728 0.645607 4.868478 188 188 188
v -0.887550 0.715584 4.868478 188 188 188
v -1.175037 0.947540 4.766984 188 188 188
v -0.629814 0.432549 4.941403 188 188 188
v -0.661079 0.383133 4.941403 188 188 188
v -0.331882 0.192177 4.985330 188 188 188
v -0.986397 0.571854 4.868478 188 188 188
v -0.939728 0.645607 4.868478 188 188 188
v -1.244133 0.854881 4.766984 188 188 188
v -0.661079 0.383133 4.941403 188 188 188
v -0.688469 0.331474 4.941403 188 188 188
v -0.345619 0.166267 4.985330 188 188 188
v -1.027279 0.494736 4.868478 188 188 188
v -0.986397 0.571854 4.868478 188 188 188
v -1.305931 0.757210 4.766984 188 188 188
v -0.688469 0.331474 4.941403 188 188 188
v -0.711823 0.277863 4.941403 188 188 188
v -0.357334 0.139381 4.985330 188 188 188
v -1.062138 0.414711 4.868478 188 188 188
v -1.027279 0.494736 4.868478 188 188 188
v -1.360065 0.655090 4.766984 188 188 188
v -0.711823 0.277863 4.941403 188 188 188
v -0.731003 0.222626 4.941403 188 188 188
v -0.366951 0.111679 4.985330 188 188 188
v -1.090771 0.332268 4.868478 188 188 188
v -1.062138 0.414711 4.868478 188 188 188
v -1.406227 0.549126 4.766984 188 188 188
v -0.731003 0.222626 4.941403 188 188 188
v -0.745899 0.166084 4.941403 188 188 188
v -0.374420 0.083328 4.985330 188 188 188
v -1.113003 0.247864 4.868478 188 188 188
v -1.090771 0.332268 4.868478 188 188 188
v -1.444138 0.439957 4.766984 188 188 188
v -0.745899 0.166084 4.941403 188 188 188
v -0.756424 0.108559 4.941403 188 188 188
v -0.379696 0.054482 4.985330 188 188 188
v -1.128712 0.162003 4.868478 188 188 188
v -1.113003 0.247864 4.868478 188 188 188
v -1.473583 0.328194 4.766984 188 188 188
v -0.756424 0.108559 4.941403 188 188 188
v -0.762508 0.050415 4.941403 188 188 188
v -0.382748 0.025314 4.985330 188 188 188
v -1.137798 0.075203 4.868478 188 188 188
v -1.128712 0.162003 4.868478 188 188 188
v -1.494381 0.214500 4.766984 188 188 188
v -0.762508 0.050415 4.941403 188 188 188
v -0.764126 -0.008041 4.941403 188 188 188
v -0.383560 -0.003990 4.985330 188 188 188
v -1.140213 -0.012047 4.868478 188 188 188
v -1.137798 0.075203 4.868478 188 188 188
v -1.506416 0.099556 4.766984 188 188 188
v -0.764126 -0.008041 4.941403 188 188 188
v -0.761265 -0.066444 4.941403 188 188 188
v -0.382126 -0.033279 4.985330 188 188 188
v -1.135944 -0.099220 4.868478 188 188 188
v -1.140213 -0.012047 4.868478 188 188 188
v -1.509613 -0.015976 4.766984 188 188 188
v -0.761265 -0.066444 4.941403 188 188 188
v -0.753941 -0.124458 4.941403 188 188 188
v -0.378452 -0.062370 4.985330 188 188 188
v -1.125008 -0.185806 4.868478 188 188 188
v -1.135944 -0.099220 4.868478 188 188 188
v -1.503956 -0.131409 4.766984 188 188 188
v -0.753941 -0.124458 4.941403 188 188 188
v -0.742195 -0.181732 4.941403 188 188 188
v -0.372566 -0.091095 4.985330 188 188 188
v -1.107479 -0.271309 4.868478 188 188 188
v -1.125008 -0.185806 4.868478 188 188 188
v -1.489479 -0.246078 4.766984 188 188 188
v -0.742195 -0.181732 4.941403 188 188 188
v -0.726101 -0.237953 4.941403 188 188 188
v -0.364491 -0.119286 4.985330 188 188 188
v -1.083450 -0.355217 4.868478 188 188 188
v -1.107479 -0.271309 4.868478 188 188 188
v -1.466267 -0.359299 4.766984 188 188 188
v -0.726101 -0.237953 4.941403 188 188 188
v -0.705750 -0.292770 4.941403 188 188 188
v -0.354282 -0.146774 4.985330 188 188 188
v -1.053074 -0.437042 4.868478 188 188 188
v -1.083450 -0.355217 4.868478 188 188 188
v -1.434452 -0.470398 4.766984 188 188 188
v -0.705750 -0.292770 4.941403 188 188 188
v -0.681255 -0.345863 4.941403 188 188 188
v -0.342007 -0.173401 4.985330 188 188 188
v -1.016514 -0.516304 4.868478 188 188 188
v -1.053074 -0.437042 4.868478 188 188 188
v -1.394222 -0.578751 4.766984 188 188 188
v -0.681255 -0.345863 4.941403 188 188 188
v -0.652771 -0.396935 4.941403 188 188 188
v -0.327721 -0.199005 4.985330 188 188 188
v -0.974003 -0.592529 4.868478 188 188 188
v -1.016514 -0.516304 4.868478 188 188 188
v -1.345814 -0.683708 4.766984 188 188 188
v -0.652771 -0.396935 4.941403 188 188 188
v -0.620468 -0.445671 4.941403 188 188 188
v -0.311520 -0.223450 4.985330 188 188 188
v -0.925774 -0.665283 4.868478 188 188 188
v -0.974003 -0.592529 4.868478 188 188 188
v -1.289516 -0.784645 4.766984 188 188 188
v -0.620468 -0.445671 4.941403 188 188 188
v -0.584518 -0.491798 4.941403 188 188 188
v -0.293491 -0.246582 4.985330 188 188 188
v -0.872120 -0.734123 4.868478 188 188 188
v -0.925774 -0.665283 4.868478 188 188 188
v -1.225655 -0.880981 4.766984 188 188 188
v -0.584518 -0.491798 4.941403 188 188 188
v -0.545147 -0.535034 4.941403 188 188 188
v -0.273750 -0.268265 4.985330 188 188 188
v -0.813347 -0.798660 4.868478 188 188 188
v -0.872120 -0.734123 4.868478 188 188 188
v -1.154606 -0.972145 4.766984 188 188 188
v -0.545147 -0.535034 4.941403 188 188 188
v -0.502579 -0.575127 4.941403 188 188 188
v -0.252399 -0.288368 4.985330 188 188 188
v -0.749809 -0.858505 4.868478 188 188 188
v -0.813347 -0.798660 4.868478 188 188 188
v -1.076782 -1.057602 4.766984 188 188 188
v -0.502579 -0.575127 4.941403 188 188 188
v -0.457069 -0.611847 4.941403 188 188 188
v -0.229580 -0.306786 4.985330 188 188 188
v -0.681877 -0.913322 4.868478 188 188 188
v -0.749809 -0.858505 4.868478 188 188 188
v -0.992645 -1.136848 4.766984 188 188 188
v -0.457069 -0.611847 4.941403 188 188 188
v -0.408878 -0.644981 4.941403 188 188 188
v -0.205410 -0.323395 4.985330 188 188 188
v -0.609947 -0.962769 4.868478 188 188 188
v -0.681877 -0.913322 4.868478 188 188 188
v -0.902691 -1.209435 4.766984 188 188 188
v -0.408878 -0.644981 4.941403 188 188 188
v -0.358295 -0.674324 4.941403 188 188 188
v -0.180046 -0.338112 4.985330 188 188 188
v -0.534439 -1.006569 4.868478 188 188 188
v -0.609947 -0.962769 4.868478 188 188 188
v -0.807442 -1.274918 4.766984 188 188 188
v -0.358295 -0.674324 4.941403 188 188 188
v -0.305607 -0.699707 4.941403 188 188 188
v -0.153625 -0.350838 4.985330 188 188 188
v -0.455803 -1.044464 4.868478 188 188 188
v -0.534439 -1.006569 4.868478 188 188 188
v -0.707458 -1.332916 4.766984 188 188 188
v -0.305607 -0.699707 4.941403 188 188 188
v -0.251137 -0.720985 4.941403 188 188 188
v -0.126312 -0.361519 4.985330 188 188 188
v -0.374496 -1.076233 4.868478 188 188 188
v -0.455803 -1.044464 4.868478 188 188 188
v -0.603321 -1.383095 4.766984 188 188 188
v -0.251137 -0.720985 4.941403 188 188 188
v -0.195198 -0.738029 4.941403 188 188 188
v -0.098259 -0.370064 4.985330 188 188 188
v -0.290993 -1.101677 4.868478 188 188 188
v -0.374496 -1.076233 4.868478 188 188 188
v -0.495659 -1.425156 4.766984 188 188 188
v -0.195198 -0.738029 4.941403 188 188 188
v -0.138111 -0.750755 4.941403 188 188 188
v -0.069633 -0.376442 4.985330 188 188 188
v -0.205784 -1.120651 4.868478 188 188 188
v -0.290993 -1.101677 4.868478 188 188 188
v -0.385086 -1.458855 4.766984 188 188 188
v -0.138111 -0.750755 4.941403 188 188 188
v -0.080223 -0.759064 4.941403 188 188 188
v -0.040600 -0.380608 4.985330 188 188 188
v -0.119377 -1.133057 4.868478 188 188 188
v -0.205784 -1.120651 4.868478 188 188 188
v -0.272255 -1.483986 4.766984 188 188 188
v -0.080223 -0.759064 4.941403 188 188 188
v -0.021870 -0.762917 4.941403 188 188 188
v -0.011341 -0.382545 4.985330 188 188 188
v -0.032276 -1.138817 4.868478 188 188 188
v -0.119377 -1.133057 4.868478 188 188 188
v -0.157841 -1.500412 4.766984 188 188 188
v -0.021870 -0.762917 4.941403 188 188 188
v 0.036610 -0.762299 4.941403 188 188 188
v 0.017986 -0.382233 4.985330 188 188 188
v 0.055012 -1.137886 4.868478 188 188 188
v -0.032276 -1.138817 4.868478 188 188 188
v -0.042496 -1.508026 4.766984 188 188 188
v 0.036610 -0.762299 4.941403 188 188 188
v 0.094872 -0.757202 4.941403 188 188 188
v 0.047203 -0.379677 4.985330 188 188 188
v 0.141979 -1.130280 4.868478 188 188 188
v 0.055012 -1.137886 4.868478 188 188 188
v 0.073090 -1.506798 4.766984 188 188 188
v 0.094872 -0.757202 4.941403 188 188 188
v 0.152569 -0.747658 4.941403 188 188 188
v 0.076138 -0.374893 4.985330 188 188 188
v 0.228104 -1.116035 4.868478 188 188 188
v 0.141979 -1.130280 4.868478 188 188 188
v 0.188244 -1.496727 4.766984 188 188 188
v 0.152569 -0.747658 4.941403 188 188 188
v 0.209370 -0.733727 4.941403 188 188 188
v 0.104618 -0.367905 4.985330 188 188 188
v 0.312881 -1.095253 4.868478 188 188 188
v 0.228104 -1.116035 4.868478 188 188 188
v 0.302288 -1.477875 4.766984 188 188 188
v 0.209370 -0.733727 4.941403 188 188 188
v 0.264935 -0.715492 4.941403 188 188 188
v 0.132484 -0.358765 4.985330 188 188 188
v 0.395824 -1.068031 4.868478 188 188 188
v 0.312881 -1.095253 4.868478 188 188 188
v 0.414558 -1.450340 4.766984 188 188 188
v 0.264935 -0.715492 4.941403 188 188 188
v 0.318939 -0.693062 4.941403 188 188 188
v 0.159569 -0.347504 4.985330 188 188 188
v 0.476437 -1.034546 4.868478 188 188 188
v 0.395824 -1.068031 4.868478 188 188 188
v 0.524387 -1.414307 4.766984 188 188 188
v 0.318939 -0.693062 4.941403 188 188 188
v 0.371067 -0.666565 4.941403 188 188 188
v 0.185707 -0.334221 4.985330 188 188 188
v 0.554253 -0.994987 4.868478 188 188 188
v 0.476437 -1.034546 4.868478 188 188 188
v 0.631134 -1.369957 4.766984 188 188 188
v 0.371067 -0.666565 4.941403 188 188 188
v 0.421017 -0.636147 4.941403 188 188 188
v 0.210758 -0.318970 4.985330 188 188 188
v 0.628807 -0.949593 4.868478 188 188 188
v 0.554253 -0.994987 4.868478 188 188 188
v 0.734173 -1.317581 4.766984 188 188 188
v 0.421017 -0.636147 4.941403 188 188 188
v 0.468491 -0.601997 4.941403 188 188 188
v 0.234562 -0.301842 4.985330 188 188 188
v 0.699669 -0.898621 4.868478 188 188 188
v 0.628807 -0.949593 4.868478 188 188 188
v 0.832901 -1.257462 4.766984 188 188 188
v 0.468491 -0.601997 4.941403 188 188 188
v 0.513214 -0.564316 4.941403 188 188 188
v 0.256989 -0.282951 4.985330 188 188 188
v 0.766418 -0.842377 4.868478 188 188 188
v 0.699669 -0.898621 4.868478 188 188 188
v 0.926735 -1.189972 4.766984 188 188 188
v 0.513214 -0.564316 4.941403 188 188 188
v 0.554920 -0.523331 4.941403 188 188 188
v 0.277905 -0.262398 4.985330 188 188 188
v 0.828671 -0.781189 4.868478 188 188 188
v 0.766418 -0.842377 4.868478 188 188 188
v 1.015125 -1.115486 4.766984 188 188 188
v 0.554920 -0.523331 4.941403 188 188 188
v 0.593361 -0.479256 4.941403 188 188 188
v 0.297180 -0.240295 4.985330 188 188 188
v 0.886055 -0.715416 4.868478 188 188 188
v 0.828671 -0.781189 4.868478 188 188 188
v 1.097557 -1.034470 4.766984 188 188 188
v 0.593361 -0.479256 4.941403 188 188 188
v 0.628315 -0.432388 4.941403 188 188 188
v 0.314709 -0.216782 4.985330 188 188 188
v 0.938232 -0.645447 4.868478 188 188 188
v 0.886055 -0.715416 4.868478 188 188 188
v 1.173542 -0.947372 4.766984 188 188 188
v 0.628315 -0.432388 4.941403 188 188 188
v 0.659580 -0.382973 4.941403 188 188 188
v 0.330387 -0.192009 4.985330 188 188 188
v 0.984901 -0.571686 4.868478 188 188 188
v 0.938232 -0.645447 4.868478 188 188 188
v 1.242634 -0.854713 4.766984 188 188 188
v 0.659580 -0.382973 4.941403 188 188 188
v 0.686974 -0.331306 4.941403 188 188 188
v 0.344124 -0.166100 4.985330 188 188 188
v 1.025784 -0.494576 4.868478 188 188 188
v 0.984901 -0.571686 4.868478 188 188 188
v 1.304432 -0.757050 4.766984 188 188 188
v 0.686974 -0.331306 4.941403 188 188 188
v 0.710323 -0.277702 4.941403 188 188 188
v 0.355835 -0.139221 4.985330 188 188 188
v 0.729507 -0.222458 4.941403 188 188 188
v 0.710323 -0.277702 4.941403 188 188 188
v 1.060642 -0.414551 4.868478 188 188 188
v 1.060642 -0.414551 4.868478 188 188 188
v 1.089275 -0.332100 4.868478 188 188 188
v 0.729507 -0.222458 4.941403 188 188 188
v 1.111507 -0.247704 4.868478 188 188 188
v 1.089275 -0.332100 4.868478 188 188 188
v 1.442642 -0.439789 4.766984 188 188 188
v 1.442642 -0.439789 4.766984 188 188 188
v 1.472088 -0.328026 4.766984 188 188 188
v 1.111507 -0.247704 4.868478 188 188 188
v 1.824020 -0.406425 4.637513 188 188 188
v 1.787544 -0.544899 4.637513 188 188 188
v 2.121948 -0.646805 4.480828 188 188 188
v 1.472088 -0.328026 4.766984 188 188 188
v 1.492886 -0.214333 4.766984 188 188 188
v 1.127213 -0.161842 4.868478 188 188 188
v 1.849792 -0.265579 4.637513 188 188 188
v 1.824020 -0.406425 4.637513 188 188 188
v 2.165249 -0.482437 4.480828 188 188 188
v 1.492886 -0.214333 4.766984 188 188 188
v 1.504921 -0.099396 4.766984 188 188 188
v 1.136303 -0.075035 4.868478 188 188 188
v 1.864700 -0.123161 4.637513 188 188 188
v 1.849792 -0.265579 4.637513 188 188 188
v 2.195839 -0.315247 4.480828 188 188 188
v 1.508118 0.016136 4.766984 188 188 188
v 1.138718 0.012207 4.868478 188 188 188
v 1.504921 -0.099396 4.766984 188 188 188
v 1.502460 0.131569 4.766984 188 188 188
v 1.134449 0.099380 4.868478 188 188 188
v 1.508118 0.016136 4.766984 188 188 188
v 1.843716 0.305061 4.637513 188 188 188
v 1.487984 0.246239 4.766984 188 188 188
v 1.861656 0.162994 4.637513 188 188 188
v 1.502460 0.131569 4.766984 188 188 188
v 1.123512 0.185974 4.868478 188 188 188
v 1.134449 0.099380 4.868478 188 188 188
v 1.464771 0.359459 4.766984 188 188 188
v 1.105980 0.271469 4.868478 188 188 188
v 1.487984 0.246239 4.766984 188 188 188
v 1.123512 0.185974 4.868478 188 188 188
v 0.740700 0.181900 4.941403 188 188 188
v 0.752441 0.124619 4.941403 188 188 188
v 0.740700 0.181900 4.941403 188 188 188
v 0.724606 0.238113 4.941403 188 188 188
v 0.362995 0.119446 4.985330 188 188 188
v 1.081955 0.355385 4.868478 188 188 188
v 1.105980 0.271469 4.868478 188 188 188
v 1.464771 0.359459 4.766984 188 188 188
v 0.724606 0.238113 4.941403 188 188 188
v 0.704254 0.292938 4.941403 188 188 188
v 0.352787 0.146935 4.985330 188 188 188
v 1.051579 0.437210 4.868478 188 188 188
v 1.081955 0.355385 4.868478 188 188 188
v 1.432957 0.470566 4.766984 188 188 188
v 0.704254 0.292938 4.941403 188 188 188
v 0.679760 0.346031 4.941403 188 188 188
v 0.340508 0.173569 4.985330 188 188 188
v 1.015018 0.516464 4.868478 188 188 188
v 1.051579 0.437210 4.868478 188 188 188
v 1.392723 0.578918 4.766984 188 188 188
v 0.679760 0.346031 4.941403 188 188 188
v 0.651276 0.397095 4.941403 188 188 188
v 0.326225 0.199173 4.985330 188 188 188
v 0.972507 0.592697 4.868478 188 188 188
v 1.015018 0.516464 4.868478 188 188 188
v 1.344318 0.683868 4.766984 188 188 188
v 0.651276 0.397095 4.941403 188 188 188
v 0.618965 0.445839 4.941403 188 188 188
v 0.310024 0.223618 4.985330 188 188 188
v 0.924278 0.665436 4.868478 188 188 188
v 0.972507 0.592697 4.868478 188 188 188
v 1.288021 0.784805 4.766984 188 188 188
v 0.618965 0.445839 4.941403 188 188 188
v 0.583019 0.491959 4.941403 188 188 188
v 0.291996 0.246742 4.985330 188 188 188
v 0.870625 0.734291 4.868478 188 188 188
v 0.924278 0.665436 4.868478 188 188 188
v 1.224159 0.881142 4.766984 188 188 188
v 0.583019 0.491959 4.941403 188 188 188
v 0.543652 0.535194 4.941403 188 188 188
v 0.272251 0.268425 4.985330 188 188 188
v 0.811852 0.798820 4.868478 188 188 188
v 0.870625 0.734291 4.868478 188 188 188
v 1.153111 0.972313 4.766984 188 188 188
v 0.543652 0.535194 4.941403 188 188 188
v 0.501080 0.575294 4.941403 188 188 188
v 0.250904 0.288528 4.985330 188 188 188
v 0.748314 0.858673 4.868478 188 188 188
v 0.811852 0.798820 4.868478 188 188 188
v 1.075287 1.057762 4.766984 188 188 188
v 0.501080 0.575294 4.941403 188 188 188
v 0.455574 0.612015 4.941403 188 188 188
v 0.228085 0.306953 4.985330 188 188 188
v 0.680382 0.913483 4.868478 188 188 188
v 0.748314 0.858673 4.868478 188 188 188
v 0.991150 1.137016 4.766984 188 188 188
v 0.455574 0.612015 4.941403 188 188 188
v 0.407383 0.645142 4.941403 188 188 188
v 0.203915 0.323563 4.985330 188 188 188
v 0.608452 0.962936 4.868478 188 188 188
v 0.680382 0.913483 4.868478 188 188 188
v 0.901192 1.209602 4.766984 188 188 188
v 0.407383 0.645142 4.941403 188 188 188
v 0.356796 0.674484 4.941403 188 188 188
v 0.178551 0.338280 4.985330 188 188 188
v 0.532944 1.006737 4.868478 188 188 188
v 0.608452 0.962936 4.868478 188 188 188
v 0.805943 1.275078 4.766984 188 188 188
v 0.356796 0.674484 4.941403 188 188 188
v 0.304111 0.699875 4.941403 188 188 188
v 0.152130 0.351006 4.985330 188 188 188
v 0.454304 1.044624 4.868478 188 188 188
v 0.532944 1.006737 4.868478 188 188 188
v 0.705959 1.333084 4.766984 188 188 188
v 0.304111 0.699875 4.941403 188 188 188
v 0.249641 0.721153 4.941403 188 188 188
v 0.124817 0.361679 4.985330 188 188 188
v 0.372997 1.076393 4.868478 188 188 188
v 0.454304 1.044624 4.868478 188 188 188
v 0.601826 1.383255 4.766984 188 188 188
v 0.249641 0.721153 4.941403 188 188 188
v 0.193699 0.738197 4.941403 188 188 188
v 0.096764 0.370224 4.985330 188 188 188
v 0.289497 1.101845 4.868478 188 188 188
v 0.372997 1.076393 4.868478 188 188 188
v 0.494160 1.425316 4.766984 188 188 188
v 0.193699 0.738197 4.941403 188 188 188
v 0.136616 0.750916 4.941403 188 188 188
v 0.068134 0.376602 4.985330 188 188 188
v 0.204288 1.120819 4.868478 188 188 188
v 0.289497 1.101845 4.868478 188 188 188
v 0.383587 1.459015 4.766984 188 188 188
v 0.136616 0.750916 4.941403 188 188 188
v 0.078728 0.759224 4.941403 188 188 188
v 0.039104 0.380768 4.985330 188 188 188
v 0.117882 1.133224 4.868478 188 188 188
v 0.204288 1.120819 4.868478 188 188 188
v 0.270760 1.484154 4.766984 188 188 188
v 0.078728 0.759224 4.941403 188 188 188
v 0.020370 0.763077 4.941403 188 188 188
v 0.009846 0.382706 4.985330 188 188 188
v 0.030781 1.138977 4.868478 188 188 188
v 0.117882 1.133224 4.868478 188 188 188
v 0.156338 1.500580 4.766984 188 188 188
v 0.020370 0.763077 4.941403 188 188 188
v -0.038105 0.762459 4.941403 188 188 188
v -0.019482 0.382393 4.985330 188 188 188
v -0.056511 1.138054 4.868478 188 188 188
v 0.030781 1.138977 4.868478 188 188 188
v 0.040997 1.508194 4.766984 188 188 188
v -0.038105 0.762459 4.941403 188 188 188
v -0.096367 0.757362 4.941403 188 188 188
v -0.048698 0.379837 4.985330 188 188 188
v -0.143475 1.130447 4.868478 188 188 188
v -0.056511 1.138054 4.868478 188 188 188
v -0.074589 1.506966 4.766984 188 188 188
v -0.096367 0.757362 4.941403 188 188 188
v -0.154064 0.747826 4.941403 188 188 188
v -0.077633 0.375053 4.985330 188 188 188
v -0.229599 1.116203 4.868478 188 188 188
v -0.143475 1.130447 4.868478 188 188 188
v -0.189739 1.496895 4.766984 188 188 188
v -0.154064 0.747826 4.941403 188 188 188
v -0.210865 0.733894 4.941403 188 188 188
v -0.106113 0.368065 4.985330 188 188 188
v -0.314381 1.095413 4.868478 188 188 188
v -0.229599 1.116203 4.868478 188 188 188
v -0.303787 1.478043 4.766984 188 188 188
v -0.210865 0.733894 4.941403 188 188 188
v -0.266430 0.715660 4.941403 188 188 188
v -0.133980 0.358925 4.985330 188 188 188
v -0.397320 1.068192 4.868478 188 188 188
v -0.314381 1.095413 4.868478 188 188 188
v -0.416054 1.450500 4.766984 188 188 188
v -0.266430 0.715660 4.941403 188 188 188
v -0.320435 0.693230 4.941403 188 188 188
v -0.161064 0.347672 4.985330 188 188 188
v -0.477936 1.034706 4.868478 188 188 188
v -0.397320 1.068192 4.868478 188 188 188
v -0.525883 1.414467 4.766984 188 188 188
v -0.320435 0.693230 4.941403 188 188 188
v -0.372570 0.666718 4.941403 188 188 188
v -0.187202 0.334389 4.985330 188 188 188
v -0.555748 0.995155 4.868478 188 188 188
v -0.477936 1.034706 4.868478 188 188 188
v -0.632629 1.370125 4.766984 188 188 188
v -0.372570 0.666718 4.941403 188 188 188
v -0.422516 0.636307 4.941403 188 188 188
v -0.212254 0.319138 4.985330 188 188 188
v -0.469986 0.602165 4.941403 188 188 188
v -0.422516 0.636307 4.941403 188 188 188
v -0.630302 0.949760 4.868478 188 188 188
v -0.630302 0.949760 4.868478 188 188 188
v -0.701164 0.898781 4.868478 188 188 188
v -0.469986 0.602165 4.941403 188 188 188
v -0.767918 0.842545 4.868478 188 188 188
v -0.701164 0.898781 4.868478 188 188 188
v -0.928230 1.190132 4.766984 188 188 188
v -0.928230 1.190132 4.766984 188 188 188
v -1.016621 1.115654 4.766984 188 188 188
v -0.767918 0.842545 4.868478 188 188 188
v -1.259369 1.382225 4.637513 188 188 188
v -1.149857 1.474503 4.637513 188 188 188
v -1.364738 1.750206 4.480828 188 188 188
v -1.016621 1.115654 4.766984 188 188 188
v -1.099052 1.034630 4.766984 188 188 188
v -0.830166 0.781349 4.868478 188 188 188
v -1.361492 1.281837 4.637513 188 188 188
v -1.259369 1.382225 4.637513 188 188 188
v -1.494724 1.640678 4.480828 188 188 188
v -1.099052 1.034630 4.766984 188 188 188
v -1.175037 0.947540 4.766984 188 188 188
v -0.887550 0.715584 4.868478 188 188 188
v -1.455635 1.173927 4.637513 188 188 188
v -1.361492 1.281837 4.637513 188 188 188
v -1.615952 1.521523 4.480828 188 188 188
v -1.175037 0.947540 4.766984 188 188 188
v -1.244133 0.854881 4.766984 188 188 188
v -0.939728 0.645607 4.868478 188 188 188
v -1.541241 1.059128 4.637513 188 188 188
v -1.455635 1.173927 4.637513 188 188 188
v -1.727695 1.393433 4.480828 188 188 188
v -1.244133 0.854881 4.766984 188 188 188
v -1.305931 0.757210 4.766984 188 188 188
v -0.986397 0.571854 4.868478 188 188 188
v -1.617805 0.938118 4.637513 188 188 188
v -1.541241 1.059128 4.637513 188 188 188
v -1.829311 1.257172 4.480828 188 188 188
v -1.305931 0.757210 4.766984 188 188 188
v -1.360065 0.655090 4.766984 188 188 188
v -1.027279 0.494736 4.868478 188 188 188
v -1.684879 0.811600 4.637513 188 188 188
v -1.617805 0.938118 4.637513 188 188 188
v -1.920189 1.113533 4.480828 188 188 188
v -1.360065 0.655090 4.766984 188 188 188
v -1.406227 0.549126 4.766984 188 188 188
v -1.062138 0.414711 4.868478 188 188 188
v -1.742065 0.680328 4.637513 188 188 188
v -1.684879 0.811600 4.637513 188 188 188
v -1.999805 0.963364 4.480828 188 188 188
v -1.406227 0.549126 4.766984 188 188 188
v -1.444138 0.439957 4.766984 188 188 188
v -1.090771 0.332268 4.868478 188 188 188
v -1.789040 0.545059 4.637513 188 188 188
v -1.742065 0.680328 4.637513 188 188 188
v -2.067692 0.807533 4.480828 188 188 188
v -1.444138 0.439957 4.766984 188 188 188
v -1.473583 0.328194 4.766984 188 188 188
v -1.113003 0.247864 4.868478 188 188 188
v -1.825516 0.406586 4.637513 188 188 188
v -1.789040 0.545059 4.637513 188 188 188
v -2.123444 0.646965 4.480828 188 188 188
v -1.473583 0.328194 4.766984 188 188 188
v -1.494381 0.214500 4.766984 188 188 188
v -1.128712 0.162003 4.868478 188 188 188
v -1.851288 0.265732 4.637513 188 188 188
v -1.825516 0.406586 4.637513 188 188 188
v -2.166744 0.482605 4.480828 188 188 188
v -1.494381 0.214500 4.766984 188 188 188
v -1.506416 0.099556 4.766984 188 188 188
v -1.137798 0.075203 4.868478 188 188 188
v -1.866196 0.123322 4.637513 188 188 188
v -1.851288 0.265732 4.637513 188 188 188
v -2.197334 0.315414 4.480828 188 188 188
v -1.506416 0.099556 4.766984 188 188 188
v -1.509613 -0.015976 4.766984 188 188 188
v -1.140213 -0.012047 4.868478 188 188 188
v -1.870159 -0.019814 4.637513 188 188 188
v -1.866196 0.123322 4.637513 188 188 188
v -2.215031 0.146370 4.480828 188 188 188
v -1.509613 -0.015976 4.766984 188 188 188
v -1.503956 -0.131409 4.766984 188 188 188
v -1.135944 -0.099220 4.868478 188 188 188
v -1.863152 -0.162827 4.637513 188 188 188
v -1.870159 -0.019814 4.637513 188 188 188
v -2.219734 -0.023529 4.480828 188 188 188
v -1.503956 -0.131409 4.766984 188 188 188
v -1.489479 -0.246078 4.766984 188 188 188
v -1.125008 -0.185806 4.868478 188 188 188
v -1.845215 -0.304893 4.637513 188 188 188
v -1.863152 -0.162827 4.637513 188 188 188
v -2.211414 -0.193291 4.480828 188 188 188
v -1.489479 -0.246078 4.766984 188 188 188
v -1.466267 -0.359299 4.766984 188 188 188
v -1.107479 -0.271309 4.868478 188 188 188
v -1.816452 -0.445168 4.637513 188 188 188
v -1.845215 -0.304893 4.637513 188 188 188
v -2.190121 -0.361923 4.480828 188 188 188
v -1.466267 -0.359299 4.766984 188 188 188
v -1.434452 -0.470398 4.766984 188 188 188
v -1.083450 -0.355217 4.868478 188 188 188
v -1.777035 -0.582825 4.637513 188 188 188
v -1.816452 -0.445168 4.637513 188 188 188
v -2.155983 -0.528427 4.480828 188 188 188
v -1.434452 -0.470398 4.766984 188 188 188
v -1.394222 -0.578751 4.766984 188 188 188
v -1.053074 -0.437042 4.868478 188 188 188
v -1.727192 -0.717064 4.637513 188 188 188
v -1.777035 -0.582825 4.637513 188 188 188
v -2.109196 -0.691826 4.480828 188 188 188
v -1.394222 -0.578751 4.766984 188 188 188
v -1.345814 -0.683708 4.766984 188 188 188
v -1.016514 -0.516304 4.868478 188 188 188
v -1.667221 -0.847092 4.637513 188 188 188
v -1.727192 -0.717064 4.637513 188 188 188
v -2.050034 -0.851166 4.480828 188 188 188
v -1.345814 -0.683708 4.766984 188 188 188
v -1.289516 -0.784645 4.766984 188 188 188
v -0.974003 -0.592529 4.868478 188 188 188
v -1.597473 -0.972153 4.637513 188 188 188
v -1.667221 -0.847092 4.637513 188 188 188
v -1.978848 -1.005516 4.480828 188 188 188
v -1.289516 -0.784645 4.766984 188 188 188
v -1.225655 -0.880981 4.766984 188 188 188
v -0.925774 -0.665283 4.868478 188 188 188
v -1.518349 -1.091507 4.637513 188 188 188
v -1.597473 -0.972153 4.637513 188 188 188
v -1.896053 -1.153969 4.480828 188 188 188
v -1.225655 -0.880981 4.766984 188 188 188
v -1.154606 -0.972145 4.766984 188 188 188
v -0.872120 -0.734123 4.868478 188 188 188
v -1.430317 -1.204460 4.637513 188 188 188
v -1.518349 -1.091507 4.637513 188 188 188
v -1.802135 -1.295639 4.480828 188 188 188
v -1.154606 -0.972145 4.766984 188 188 188
v -1.076782 -1.057602 4.766984 188 188 188
v -0.813347 -0.798660 4.868478 188 188 188
v -1.333904 -1.310341 4.637513 188 188 188
v -1.430317 -1.204460 4.637513 188 188 188
v -1.697647 -1.429703 4.480828 188 188 188
v -1.076782 -1.057602 4.766984 188 188 188
v -0.992645 -1.136848 4.766984 188 188 188
v -0.749809 -0.858505 4.868478 188 188 188
v -1.229660 -1.408531 4.637513 188 188 188
v -1.333904 -1.310341 4.637513 188 188 188
v -1.583199 -1.555382 4.480828 188 188 188
v -0.992645 -1.136848 4.766984 188 188 188
v -0.902691 -1.209435 4.766984 188 188 188
v -0.681877 -0.913322 4.868478 188 188 188
v -1.118210 -1.498451 4.637513 188 188 188
v -1.229660 -1.408531 4.637513 188 188 188
v -1.459465 -1.671936 4.480828 188 188 188
v -0.902691 -1.209435 4.766984 188 188 188
v -0.807442 -1.274918 4.766984 188 188 188
v -0.609947 -0.962769 4.868478 188 188 188
v -1.000198 -1.579582 4.637513 188 188 188
v -1.118210 -1.498451 4.637513 188 188 188
v -1.327171 -1.778671 4.480828 188 188 188
v -0.807442 -1.274918 4.766984 188 188 188
v -0.707458 -1.332916 4.766984 188 188 188
v -0.534439 -1.006569 4.868478 188 188 188
v -0.876324 -1.651436 4.637513 188 188 188
v -1.000198 -1.579582 4.637513 188 188 188
v -1.187096 -1.874969 4.480828 188 188 188
v -0.707458 -1.332916 4.766984 188 188 188
v -0.603321 -1.383095 4.766984 188 188 188
v -0.455803 -1.044464 4.868478 188 188 188
v -0.747311 -1.713608 4.637513 188 188 188
v -0.876324 -1.651436 4.637513 188 188 188
v -1.040054 -1.960274 4.480828 188 188 188
v -0.603321 -1.383095 4.766984 188 188 188
v -0.495659 -1.425156 4.766984 188 188 188
v -0.374496 -1.076233 4.868478 188 188 188
v -0.613914 -1.765717 4.637513 188 188 188
v -0.747311 -1.713608 4.637513 188 188 188
v -0.886917 -2.034058 4.480828 188 188 188
v -0.495659 -1.425156 4.766984 188 188 188
v -0.385086 -1.458855 4.766984 188 188 188
v -0.290993 -1.101677 4.868478 188 188 188
v -0.476925 -1.807465 4.637513 188 188 188
v -0.613914 -1.765717 4.637513 188 188 188
v -0.728577 -2.095917 4.480828 188 188 188
v -0.385086 -1.458855 4.766984 188 188 188
v -0.272255 -1.483986 4.766984 188 188 188
v -0.205784 -1.120651 4.868478 188 188 188
v -0.337135 -1.838608 4.637513 188 188 188
v -0.476925 -1.807465 4.637513 188 188 188
v -0.565968 -2.145470 4.480828 188 188 188
v -0.272255 -1.483986 4.766984 188 188 188
v -0.157841 -1.500412 4.766984 188 188 188
v -0.119377 -1.133057 4.868478 188 188 188
v -0.195374 -1.858955 4.637513 188 188 188
v -0.337135 -1.838608 4.637513 188 188 188
v -0.400040 -2.182442 4.480828 188 188 188
v -0.157841 -1.500412 4.766984 188 188 188
v -0.042496 -1.508026 4.766984 188 188 188
v -0.032276 -1.138817 4.868478 188 188 188
v -0.052471 -1.868401 4.637513 188 188 188
v -0.195374 -1.858955 4.637513 188 188 188
v -0.231770 -2.206596 4.480828 188 188 188
v -0.042496 -1.508026 4.766984 188 188 188
v 0.073090 -1.506798 4.766984 188 188 188
v 0.055012 -1.137886 4.868478 188 188 188
v 0.090733 -1.866875 4.637513 188 188 188
v -0.052471 -1.868401 4.637513 188 188 188
v -0.062145 -2.217796 4.480828 188 188 188
v 0.073090 -1.506798 4.766984 188 188 188
v 0.188244 -1.496727 4.766984 188 188 188
v 0.141979 -1.130280 4.868478 188 188 188
v 0.233406 -1.854393 4.637513 188 188 188
v 0.090733 -1.866875 4.637513 188 188 188
v 0.107845 -2.215988 4.480828 188 188 188
v 0.188244 -1.496727 4.766984 188 188 188
v 0.302288 -1.477875 4.766984 188 188 188
v 0.228104 -1.116035 4.868478 188 188 188
v 0.374702 -1.831032 4.637513 188 188 188
v 0.233406 -1.854393 4.637513 188 188 188
v 0.277195 -2.201180 4.480828 188 188 188
v 0.302288 -1.477875 4.766984 188 188 188
v 0.414558 -1.450340 4.766984 188 188 188
v 0.312881 -1.095253 4.868478 188 188 188
v 0.513794 -1.796928 4.637513 188 188 188
v 0.374702 -1.831032 4.637513 188 188 188
v 0.444912 -2.173439 4.480828 188 188 188
v 0.414558 -1.450340 4.766984 188 188 188
v 0.524387 -1.414307 4.766984 188 188 188
v 0.395824 -1.068031 4.868478 188 188 188
v 0.649868 -1.752266 4.637513 188 188 188
v 0.513794 -1.796928 4.637513 188 188 188
v 0.610016 -2.132957 4.480828 188 188 188
v 0.524387 -1.414307 4.766984 188 188 188
v 0.631134 -1.369957 4.766984 188 188 188
v 0.476437 -1.034546 4.868478 188 188 188
v 0.782124 -1.697334 4.637513 188 188 188
v 0.649868 -1.752266 4.637513 188 188 188
v 0.771534 -2.079956 4.480828 188 188 188
v 0.631134 -1.369957 4.766984 188 188 188
v 0.734173 -1.317581 4.766984 188 188 188
v 0.554253 -0.994987 4.868478 188 188 188
v 0.909786 -1.632431 4.637513 188 188 188
v 0.782124 -1.697334 4.637513 188 188 188
v 0.928516 -2.014740 4.480828 188 188 188
v 0.734173 -1.317581 4.766984 188 188 188
v 0.832901 -1.257462 4.766984 188 188 188
v 0.628807 -0.949593 4.868478 188 188 188
v 1.032101 -1.557953 4.637513 188 188 188
v 0.909786 -1.632431 4.637513 188 188 188
v 1.080051 -1.937714 4.480828 188 188 188
v 0.832901 -1.257462 4.766984 188 188 188
v 0.926735 -1.189972 4.766984 188 188 188
v 0.699669 -0.898621 4.868478 188 188 188
v 1.148357 -1.474335 4.637513 188 188 188
v 1.032101 -1.557953 4.637513 188 188 188
v 1.225243 -1.849304 4.480828 188 188 188
v 0.926735 -1.189972 4.766984 188 188 188
v 1.015125 -1.115486 4.766984 188 188 188
v 0.766418 -0.842377 4.868478 188 188 188
v 1.257870 -1.382057 4.637513 188 188 188
v 1.148357 -1.474335 4.637513 188 188 188
v 1.363235 -1.750046 4.480828 188 188 188
v 1.015125 -1.115486 4.766984 188 188 188
v 1.097557 -1.034470 4.766984 188 188 188
v 0.828671 -0.781189 4.868478 188 188 188
v 1.359997 -1.281677 4.637513 188 188 188
v 1.257870 -1.382057 4.637513 188 188 188
v 1.493229 -1.640511 4.480828 188 188 188
v 1.097557 -1.034470 4.766984 188 188 188
v 1.173542 -0.947372 4.766984 188 188 188
v 0.886055 -0.715416 4.868478 188 188 188
v 1.454140 -1.173767 4.637513 188 188 188
v 1.359997 -1.281677 4.637513 188 188 188
v 1.614456 -1.521355 4.480828 188 188 188
v 1.173542 -0.947372 4.766984 188 188 188
v 1.242634 -0.854713 4.766984 188 188 188
v 0.938232 -0.645447 4.868478 188 188 188
v 1.539745 -1.058968 4.637513 188 188 188
v 1.454140 -1.173767 4.637513 188 188 188
v 1.726200 -1.393265 4.480828 188 188 188
v 1.242634 -0.854713 4.766984 188 188 188
v 1.304432 -0.757050 4.766984 188 188 188
v 0.984901 -0.571686 4.868478 188 188 188
v 1.616310 -0.937958 4.637513 188 188 188
v 1.539745 -1.058968 4.637513 188 188 188
v 1.827812 -1.257004 4.480828 188 188 188
v 1.304432 -0.757050 4.766984 188 188 188
v 1.358570 -0.654930 4.766984 188 188 188
v 1.025784 -0.494576 4.868478 188 188 188
v 1.404732 -0.548973 4.766984 188 188 188
v 1.358570 -0.654930 4.766984 188 188 188
v 1.683384 -0.811447 4.637513 188 188 188
v 1.683384 -0.811447 4.637513 188 188 188
v 1.740570 -0.680168 4.637513 188 188 188
v 1.404732 -0.548973 4.766984 188 188 188
v 1.787544 -0.544899 4.637513 188 188 188
v 1.740570 -0.680168 4.637513 188 188 188
v 2.066193 -0.807373 4.480828 188 188 188
v 2.066193 -0.807373 4.480828 188 188 188
v 2.121948 -0.646805 4.480828 188 188 188
v 1.787544 -0.544899 4.637513 188 188 188
v 2.443901 -0.744911 4.297849 188 188 188
v 2.379688 -0.929840 4.297849 188 188 188
v 2.679211 -1.046844 4.089648 188 188 188
v 2.121948 -0.646805 4.480828 188 188 188
v 2.165249 -0.482437 4.480828 188 188 188
v 1.824020 -0.406425 4.637513 188 188 188
v 2.493767 -0.555626 4.297849 188 188 188
v 2.443901 -0.744911 4.297849 188 188 188
v 2.751499 -0.838661 4.089648 188 188 188
v 2.165249 -0.482437 4.480828 188 188 188
v 2.195839 -0.315247 4.480828 188 188 188
v 1.849792 -0.265579 4.637513 188 188 188
v 2.528992 -0.363083 4.297849 188 188 188
v 2.493767 -0.555626 4.297849 188 188 188
v 2.807644 -0.625557 4.089648 188 188 188
v 2.195839 -0.315247 4.480828 188 188 188
v 2.213535 -0.146210 4.480828 188 188 188
v 1.864700 -0.123161 4.637513 188 188 188
v 2.549374 -0.168396 4.297849 188 188 188
v 2.528992 -0.363083 4.297849 188 188 188
v 2.847301 -0.408775 4.089648 188 188 188
v 2.218235 0.023689 4.480828 188 188 188
v 1.868664 0.019974 4.637513 188 188 188
v 2.213535 -0.146210 4.480828 188 188 188
v 2.209919 0.193459 4.480828 188 188 188
v 1.861656 0.162994 4.637513 188 188 188
v 2.218235 0.023689 4.480828 188 188 188
v 2.520687 0.416985 4.297849 188 188 188
v 2.188625 0.362083 4.480828 188 188 188
v 2.545212 0.222786 4.297849 188 188 188
v 2.209919 0.193459 4.480828 188 188 188
v 1.843716 0.305061 4.637513 188 188 188
v 1.861656 0.162994 4.637513 188 188 188
v 2.154484 0.528587 4.480828 188 188 188
v 1.814957 0.445328 4.637513 188 188 188
v 2.188625 0.362083 4.480828 188 188 188
v 1.843716 0.305061 4.637513 188 188 188
v 1.464771 0.359459 4.766984 188 188 188
v 1.487984 0.246239 4.766984 188 188 188
v 1.464771 0.359459 4.766984 188 188 188
v 1.432957 0.470566 4.766984 188 188 188
v 1.081955 0.355385 4.868478 188 188 188
v 1.775536 0.582993 4.637513 188 188 188
v 1.814957 0.445328 4.637513 188 188 188
v 2.154484 0.528587 4.480828 188 188 188
v 1.432957 0.470566 4.766984 188 188 188
v 1.392723 0.578918 4.766984 188 188 188
v 1.051579 0.437210 4.868478 188 188 188
v 1.725697 0.717232 4.637513 188 188 188
v 1.775536 0.582993 4.637513 188 188 188
v 2.107697 0.691994 4.480828 188 188 188
v 1.392723 0.578918 4.766984 188 188 188
v 1.344318 0.683868 4.766984 188 188 188
v 1.015018 0.516464 4.868478 188 188 188
v 1.665726 0.847260 4.637513 188 188 188
v 1.725697 0.717232 4.637513 188 188 188
v 2.048538 0.851334 4.480828 188 188 188
v 1.344318 0.683868 4.766984 188 188 188
v 1.288021 0.784805 4.766984 188 188 188
v 0.972507 0.592697 4.868478 188 188 188
v 1.595970 0.972321 4.637513 188 188 188
v 1.665726 0.847260 4.637513 188 188 188
v 1.977352 1.005684 4.480828 188 188 188
v 1.288021 0.784805 4.766984 188 188 188
v 1.224159 0.881142 4.766984 188 188 188
v 0.924278 0.665436 4.868478 188 188 188
v 1.516853 1.091675 4.637513 188 188 188
v 1.595970 0.972321 4.637513 188 188 188
v 1.894558 1.154121 4.480828 188 188 188
v 1.224159 0.881142 4.766984 188 188 188
v 1.153111 0.972313 4.766984 188 188 188
v 0.870625 0.734291 4.868478 188 188 188
v 1.428822 1.204628 4.637513 188 188 188
v 1.516853 1.091675 4.637513 188 188 188
v 1.800640 1.295799 4.480828 188 188 188
v 1.153111 0.972313 4.766984 188 188 188
v 1.075287 1.057762 4.766984 188 188 188
v 0.811852 0.798820 4.868478 188 188 188
v 1.332409 1.310501 4.637513 188 188 188
v 1.428822 1.204628 4.637513 188 188 188
v 1.696152 1.429863 4.480828 188 188 188
v 1.075287 1.057762 4.766984 188 188 188
v 0.991150 1.137016 4.766984 188 188 188
v 0.748314 0.858673 4.868478 188 188 188
v 1.228165 1.408691 4.637513 188 188 188
v 1.332409 1.310501 4.637513 188 188 188
v 1.581703 1.555542 4.480828 188 188 188
v 0.991150 1.137016 4.766984 188 188 188
v 0.901192 1.209602 4.766984 188 188 188
v 0.680382 0.913483 4.868478 188 188 188
v 1.116714 1.498619 4.637513 188 188 188
v 1.228165 1.408691 4.637513 188 188 188
v 1.457970 1.672096 4.480828 188 188 188
v 0.901192 1.209602 4.766984 188 188 188
v 0.805943 1.275078 4.766984 188 188 188
v 0.608452 0.962936 4.868478 188 188 188
v 0.998703 1.579742 4.637513 188 188 188
v 1.116714 1.498619 4.637513 188 188 188
v 1.325676 1.778839 4.480828 188 188 188
v 0.805943 1.275078 4.766984 188 188 188
v 0.705959 1.333084 4.766984 188 188 188
v 0.532944 1.006737 4.868478 188 188 188
v 0.874828 1.651604 4.637513 188 188 188
v 0.998703 1.579742 4.637513 188 188 188
v 1.185600 1.875137 4.480828 188 188 188
v 0.705959 1.333084 4.766984 188 188 188
v 0.601826 1.383255 4.766984 188 188 188
v 0.454304 1.044624 4.868478 188 188 188
v 0.745815 1.713768 4.637513 188 188 188
v 0.874828 1.651604 4.637513 188 188 188
v 1.038559 1.960426 4.480828 188 188 188
v 0.601826 1.383255 4.766984 188 188 188
v 0.494160 1.425316 4.766984 188 188 188
v 0.372997 1.076393 4.868478 188 188 188
v 0.612419 1.765884 4.637513 188 188 188
v 0.745815 1.713768 4.637513 188 188 188
v 0.885422 2.034225 4.480828 188 188 188
v 0.494160 1.425316 4.766984 188 188 188
v 0.383587 1.459015 4.766984 188 188 188
v 0.289497 1.101845 4.868478 188 188 188
v 0.475430 1.807625 4.637513 188 188 188
v 0.612419 1.765884 4.637513 188 188 188
v 0.727081 2.096077 4.480828 188 188 188
v 0.383587 1.459015 4.766984 188 188 188
v 0.270760 1.484154 4.766984 188 188 188
v 0.204288 1.120819 4.868478 188 188 188
v 0.335640 1.838768 4.637513 188 188 188
v 0.475430 1.807625 4.637513 188 188 188
v 0.564468 2.145638 4.480828 188 188 188
v 0.270760 1.484154 4.766984 188 188 188
v 0.156338 1.500580 4.766984 188 188 188
v 0.117882 1.133224 4.868478 188 188 188
v 0.193878 1.859123 4.637513 188 188 188
v 0.335640 1.838768 4.637513 188 188 188
v 0.398544 2.182602 4.480828 188 188 188
v 0.156338 1.500580 4.766984 188 188 188
v 0.040997 1.508194 4.766984 188 188 188
v 0.030781 1.138977 4.868478 188 188 188
v 0.050976 1.868561 4.637513 188 188 188
v 0.193878 1.859123 4.637513 188 188 188
v 0.230274 2.206757 4.480828 188 188 188
v 0.040997 1.508194 4.766984 188 188 188
v -0.074589 1.506966 4.766984 188 188 188
v -0.056511 1.138054 4.868478 188 188 188
v -0.092236 1.867043 4.637513 188 188 188
v 0.050976 1.868561 4.637513 188 188 188
v 0.060646 2.217957 4.480828 188 188 188
v -0.074589 1.506966 4.766984 188 188 188
v -0.189739 1.496895 4.766984 188 188 188
v -0.143475 1.130447 4.868478 188 188 188
v -0.234901 1.854561 4.637513 188 188 188
v -0.092236 1.867043 4.637513 188 188 188
v -0.109341 2.216148 4.480828 188 188 188
v -0.189739 1.496895 4.766984 188 188 188
v -0.303787 1.478043 4.766984 188 188 188
v -0.229599 1.116203 4.868478 188 188 188
v -0.376202 1.831192 4.637513 188 188 188
v -0.234901 1.854561 4.637513 188 188 188
v -0.278690 2.201340 4.480828 188 188 188
v -0.303787 1.478043 4.766984 188 188 188
v -0.416054 1.450500 4.766984 188 188 188
v -0.314381 1.095413 4.868478 188 188 188
v -0.515289 1.797089 4.637513 188 188 188
v -0.376202 1.831192 4.637513 188 188 188
v -0.446407 2.173607 4.480828 188 188 188
v -0.416054 1.450500 4.766984 188 188 188
v -0.525883 1.414467 4.766984 188 188 188
v -0.397320 1.068192 4.868478 188 188 188
v -0.651363 1.752434 4.637513 188 188 188
v -0.515289 1.797089 4.637513 188 188 188
v -0.611511 2.133125 4.480828 188 188 188
v -0.525883 1.414467 4.766984 188 188 188
v -0.632629 1.370125 4.766984 188 188 188
v -0.477936 1.034706 4.868478 188 188 188
v -0.783619 1.697495 4.637513 188 188 188
v -0.651363 1.752434 4.637513 188 188 188
v -0.773029 2.080116 4.480828 188 188 188
v -0.632629 1.370125 4.766984 188 188 188
v -0.735668 1.317734 4.766984 188 188 188
v -0.555748 0.995155 4.868478 188 188 188
v -0.834396 1.257629 4.766984 188 188 188
v -0.735668 1.317734 4.766984 188 188 188
v -0.911282 1.632599 4.637513 188 188 188
v -0.911282 1.632599 4.637513 188 188 188
v -1.033596 1.558113 4.637513 188 188 188
v -0.834396 1.257629 4.766984 188 188 188
v -1.149857 1.474503 4.637513 188 188 188
v -1.033596 1.558113 4.637513 188 188 188
v -1.226738 1.849464 4.480828 188 188 188
v -1.226738 1.849464 4.480828 188 188 188
v -1.364738 1.750206 4.480828 188 188 188
v -1.149857 1.474503 4.637513 188 188 188
v -1.571609 2.015648 4.297849 188 188 188
v -1.412682 2.129967 4.297849 188 188 188
v -1.590343 2.397964 4.089648 188 188 188
v -1.364738 1.750206 4.480828 188 188 188
v -1.494724 1.640678 4.480828 188 188 188
v -1.259369 1.382225 4.637513 188 188 188
v -1.721317 1.889511 4.297849 188 188 188
v -1.571609 2.015648 4.297849 188 188 188
v -1.769268 2.269264 4.089648 188 188 188
v -1.494724 1.640678 4.480828 188 188 188
v -1.615952 1.521523 4.480828 188 188 188
v -1.361492 1.281837 4.637513 188 188 188
v -1.860928 1.752281 4.297849 188 188 188
v -1.721317 1.889511 4.297849 188 188 188
v -1.937813 2.127251 4.089648 188 188 188
v -1.615952 1.521523 4.480828 188 188 188
v -1.727695 1.393433 4.480828 188 188 188
v -1.455635 1.173927 4.637513 188 188 188
v -1.989620 1.604767 4.297849 188 188 188
v -1.860928 1.752281 4.297849 188 188 188
v -2.094990 1.972748 4.089648 188 188 188
v -1.727695 1.393433 4.480828 188 188 188
v -1.829311 1.257172 4.480828 188 188 188
v -1.541241 1.059128 4.637513 188 188 188
v -2.106644 1.447830 4.297849 188 188 188
v -1.989620 1.604767 4.297849 188 188 188
v -2.239876 1.806679 4.089648 188 188 188
v -1.829311 1.257172 4.480828 188 188 188
v -1.920189 1.113533 4.480828 188 188 188
v -1.617805 0.938118 4.637513 188 188 188
v -2.211311 1.282410 4.297849 188 188 188
v -2.106644 1.447830 4.297849 188 188 188
v -2.371624 1.630005 4.089648 188 188 188
v -1.920189 1.113533 4.480828 188 188 188
v -1.999805 0.963364 4.480828 188 188 188
v -1.684879 0.811600 4.637513 188 188 188
v -2.303001 1.109459 4.297849 188 188 188
v -2.211311 1.282410 4.297849 188 188 188
v -2.489456 1.443756 4.089648 188 188 188
v -1.999805 0.963364 4.480828 188 188 188
v -2.067692 0.807533 4.480828 188 188 188
v -1.742065 0.680328 4.637513 188 188 188
v -2.381184 0.929993 4.297849 188 188 188
v -2.303001 1.109459 4.297849 188 188 188
v -2.592690 1.249054 4.089648 188 188 188
v -2.067692 0.807533 4.480828 188 188 188
v -2.123444 0.646965 4.480828 188 188 188
v -1.789040 0.545059 4.637513 188 188 188
v -2.445396 0.745079 4.297849 188 188 188
v -2.381184 0.929993 4.297849 188 188 188
v -2.680706 1.047005 4.089648 188 188 188
v -2.123444 0.646965 4.480828 188 188 188
v -2.166744 0.482605 4.480828 188 188 188
v -1.825516 0.406586 4.637513 188 188 188
v -2.495262 0.555794 4.297849 188 188 188
v -2.445396 0.745079 4.297849 188 188 188
v -2.752995 0.838821 4.089648 188 188 188
v -2.166744 0.482605 4.480828 188 188 188
v -2.197334 0.315414 4.480828 188 188 188
v -1.851288 0.265732 4.637513 188 188 188
v -2.530487 0.363243 4.297849 188 188 188
v -2.495262 0.555794 4.297849 188 188 188
v -2.809139 0.625717 4.089648 188 188 188
v -2.197334 0.315414 4.480828 188 188 188
v -2.215031 0.146370 4.480828 188 188 188
v -1.866196 0.123322 4.637513 188 188 188
v -2.550869 0.168564 4.297849 188 188 188
v -2.530487 0.363243 4.297849 188 188 188
v -2.848797 0.408936 4.089648 188 188 188
v -2.215031 0.146370 4.480828 188 188 188
v -2.219734 -0.023529 4.480828 188 188 188
v -1.870159 -0.019814 4.637513 188 188 188
v -2.556290 -0.027115 4.297849 188 188 188
v -2.550869 0.168564 4.297849 188 188 188
v -2.871746 0.189758 4.089648 188 188 188
v -2.219734 -0.023529 4.480828 188 188 188
v -2.211414 -0.193291 4.480828 188 188 188
v -1.863152 -0.162827 4.637513 188 188 188
v -2.546707 -0.222618 4.297849 188 188 188
v -2.556290 -0.027115 4.297849 188 188 188
v -2.877842 -0.030533 4.089648 188 188 188
v -2.211414 -0.193291 4.480828 188 188 188
v -2.190121 -0.361923 4.480828 188 188 188
v -1.845215 -0.304893 4.637513 188 188 188
v -2.522182 -0.416824 4.297849 188 188 188
v -2.546707 -0.222618 4.297849 188 188 188
v -2.867054 -0.250648 4.089648 188 188 188
v -2.190121 -0.361923 4.480828 188 188 188
v -2.155983 -0.528427 4.480828 188 188 188
v -1.816452 -0.445168 4.637513 188 188 188
v -2.482868 -0.608582 4.297849 188 188 188
v -2.522182 -0.416824 4.297849 188 188 188
v -2.839451 -0.469284 4.089648 188 188 188
v -2.155983 -0.528427 4.480828 188 188 188
v -2.109196 -0.691826 4.480828 188 188 188
v -1.777035 -0.582825 4.637513 188 188 188
v -2.428982 -0.796768 4.297849 188 188 188
v -2.482868 -0.608582 4.297849 188 188 188
v -2.795185 -0.685173 4.089648 188 188 188
v -2.109196 -0.691826 4.480828 188 188 188
v -2.050034 -0.851166 4.480828 188 188 188
v -1.727192 -0.717064 4.637513 188 188 188
v -2.360851 -0.980278 4.297849 188 188 188
v -2.428982 -0.796768 4.297849 188 188 188
v -2.734520 -0.897041 4.089648 188 188 188
v -2.050034 -0.851166 4.480828 188 188 188
v -1.978848 -1.005516 4.480828 188 188 188
v -1.667221 -0.847092 4.637513 188 188 188
v -2.278866 -1.158035 4.297849 188 188 188
v -2.360851 -0.980278 4.297849 188 188 188
v -2.657814 -1.103630 4.089648 188 188 188
v -1.978848 -1.005516 4.480828 188 188 188
v -1.896053 -1.153969 4.480828 188 188 188
v -1.597473 -0.972153 4.637513 188 188 188
v -2.183514 -1.328995 4.297849 188 188 188
v -2.278866 -1.158035 4.297849 188 188 188
v -2.565514 -1.303757 4.089648 188 188 188
v -1.896053 -1.153969 4.480828 188 188 188
v -1.802135 -1.295639 4.480828 188 188 188
v -1.518349 -1.091507 4.637513 188 188 188
v -2.075348 -1.492157 4.297849 188 188 188
v -2.183514 -1.328995 4.297849 188 188 188
v -2.458164 -1.496231 4.089648 188 188 188
v -1.802135 -1.295639 4.480828 188 188 188
v -1.697647 -1.429703 4.480828 188 188 188
v -1.430317 -1.204460 4.637513 188 188 188
v -1.955013 -1.646553 4.297849 188 188 188
v -2.075348 -1.492157 4.297849 188 188 188
v -2.336391 -1.679924 4.089648 188 188 188
v -1.697647 -1.429703 4.480828 188 188 188
v -1.583199 -1.555382 4.480828 188 188 188
v -1.333904 -1.310341 4.637513 188 188 188
v -1.823208 -1.791306 4.297849 188 188 188
v -1.955013 -1.646553 4.297849 188 188 188
v -2.200912 -1.853752 4.089648 188 188 188
v -1.583199 -1.555382 4.480828 188 188 188
v -1.459465 -1.671936 4.480828 188 188 188
v -1.229660 -1.408531 4.637513 188 188 188
v -1.680710 -1.925529 4.297849 188 188 188
v -1.823208 -1.791306 4.297849 188 188 188
v -2.052525 -2.016701 4.089648 188 188 188
v -1.459465 -1.671936 4.480828 188 188 188
v -1.327171 -1.778671 4.480828 188 188 188
v -1.118210 -1.498451 4.637513 188 188 188
v -1.528347 -2.048454 4.297849 188 188 188
v -1.680710 -1.925529 4.297849 188 188 188
v -1.892094 -2.167816 4.089648 188 188 188
v -1.327171 -1.778671 4.480828 188 188 188
v -1.187096 -1.874969 4.480828 188 188 188
v -1.000198 -1.579582 4.637513 188 188 188
v -1.367027 -2.159355 4.297849 188 188 188
v -1.528347 -2.048454 4.297849 188 188 188
v -1.720562 -2.306213 4.089648 188 188 188
v -1.187096 -1.874969 4.480828 188 188 188
v -1.040054 -1.960274 4.480828 188 188 188
v -0.876324 -1.651436 4.637513 188 188 188
v -1.197685 -2.257591 4.297849 188 188 188
v -1.367027 -2.159355 4.297849 188 188 188
v -1.538940 -2.431076 4.089648 188 188 188
v -1.040054 -1.960274 4.480828 188 188 188
v -0.886917 -2.034058 4.480828 188 188 188
v -0.747311 -1.713608 4.637513 188 188 188
v -1.021320 -2.342583 4.297849 188 188 188
v -1.197685 -2.257591 4.297849 188 188 188
v -1.348293 -2.541672 4.089648 188 188 188
v -0.886917 -2.034058 4.480828 188 188 188
v -0.728577 -2.095917 4.480828 188 188 188
v -0.613914 -1.765717 4.637513 188 188 188
v -0.838966 -2.413811 4.297849 188 188 188
v -1.021320 -2.342583 4.297849 188 188 188
v -1.149738 -2.637352 4.089648 188 188 188
v -0.728577 -2.095917 4.480828 188 188 188
v -0.565968 -2.145470 4.480828 188 188 188
v -0.476925 -1.807465 4.637513 188 188 188
v -0.651691 -2.470886 4.297849 188 188 188
v -0.838966 -2.413811 4.297849 188 188 188
v -0.944435 -2.717552 4.089648 188 188 188
v -0.565968 -2.145470 4.480828 188 188 188
v -0.400040 -2.182442 4.480828 188 188 188
v -0.337135 -1.838608 4.637513 188 188 188
v -0.460602 -2.513458 4.297849 188 188 188
v -0.651691 -2.470886 4.297849 188 188 188
v -0.733597 -2.781799 4.089648 188 188 188
v -0.400040 -2.182442 4.480828 188 188 188
v -0.231770 -2.206596 4.480828 188 188 188
v -0.195374 -1.858955 4.637513 188 188 188
v -0.266808 -2.541275 4.297849 188 188 188
v -0.460602 -2.513458 4.297849 188 188 188
v -0.518459 -2.829727 4.089648 188 188 188
v -0.231770 -2.206596 4.480828 188 188 188
v -0.062145 -2.217796 4.480828 188 188 188
v -0.052471 -1.868401 4.637513 188 188 188
v -0.071453 -2.554184 4.297849 188 188 188
v -0.266808 -2.541275 4.297849 188 188 188
v -0.300285 -2.861053 4.089648 188 188 188
v -0.062145 -2.217796 4.480828 188 188 188
v 0.107845 -2.215988 4.480828 188 188 188
v 0.090733 -1.866875 4.637513 188 188 188
v 0.124317 -2.552101 4.297849 188 188 188
v -0.071453 -2.554184 4.297849 188 188 188
v -0.080353 -2.875580 4.089648 188 188 188
v 0.107845 -2.215988 4.480828 188 188 188
v 0.277195 -2.201180 4.480828 188 188 188
v 0.233406 -1.854393 4.637513 188 188 188
v 0.319347 -2.535042 4.297849 188 188 188
v 0.124317 -2.552101 4.297849 188 188 188
v 0.140049 -2.873238 4.089648 188 188 188
v 0.277195 -2.201180 4.480828 188 188 188
v 0.444912 -2.173439 4.480828 188 188 188
v 0.374702 -1.831032 4.637513 188 188 188
v 0.512505 -2.503105 4.297849 188 188 188
v 0.319347 -2.535042 4.297849 188 188 188
v 0.359627 -2.854027 4.089648 188 188 188
v 0.444912 -2.173439 4.480828 188 188 188
v 0.610016 -2.132957 4.480828 188 188 188
v 0.513794 -1.796928 4.637513 188 188 188
v 0.702644 -2.456482 4.297849 188 188 188
v 0.512505 -2.503105 4.297849 188 188 188
v 0.577084 -2.818069 4.089648 188 188 188
v 0.610016 -2.132957 4.480828 188 188 188
v 0.771534 -2.079956 4.480828 188 188 188
v 0.649868 -1.752266 4.637513 188 188 188
v 0.888664 -2.395432 4.297849 188 188 188
v 0.702644 -2.456482 4.297849 188 188 188
v 0.791153 -2.765579 4.089648 188 188 188
v 0.771534 -2.079956 4.480828 188 188 188
v 0.928516 -2.014740 4.480828 188 188 188
v 0.782124 -1.697334 4.637513 188 188 188
v 1.069462 -2.320335 4.297849 188 188 188
v 0.888664 -2.395432 4.297849 188 188 188
v 1.000572 -2.696846 4.089648 188 188 188
v 0.928516 -2.014740 4.480828 188 188 188
v 1.080051 -1.937714 4.480828 188 188 188
v 0.909786 -1.632431 4.637513 188 188 188
v 1.243977 -2.231613 4.297849 188 188 188
v 1.069462 -2.320335 4.297849 188 188 188
v 1.204121 -2.612305 4.089648 188 188 188
v 1.080051 -1.937714 4.480828 188 188 188
v 1.225243 -1.849304 4.480828 188 188 188
v 1.032101 -1.557953 4.637513 188 188 188
v 1.411186 -2.129799 4.297849 188 188 188
v 1.243977 -2.231613 4.297849 188 188 188
v 1.400597 -2.512421 4.089648 188 188 188
v 1.225243 -1.849304 4.480828 188 188 188
v 1.363235 -1.750046 4.480828 188 188 188
v 1.148357 -1.474335 4.637513 188 188 188
v 1.570114 -2.015480 4.297849 188 188 188
v 1.411186 -2.129799 4.297849 188 188 188
v 1.588848 -2.397797 4.089648 188 188 188
v 1.363235 -1.750046 4.480828 188 188 188
v 1.493229 -1.640511 4.480828 188 188 188
v 1.257870 -1.382057 4.637513 188 188 188
v 1.719822 -1.889343 4.297849 188 188 188
v 1.570114 -2.015480 4.297849 188 188 188
v 1.767773 -2.269096 4.089648 188 188 188
v 1.493229 -1.640511 4.480828 188 188 188
v 1.614456 -1.521355 4.480828 188 188 188
v 1.359997 -1.281677 4.637513 188 188 188
v 1.859432 -1.752113 4.297849 188 188 188
v 1.719822 -1.889343 4.297849 188 188 188
v 1.936314 -2.127083 4.089648 188 188 188
v 1.614456 -1.521355 4.480828 188 188 188
v 1.726200 -1.393265 4.480828 188 188 188
v 1.454140 -1.173767 4.637513 188 188 188
v 1.988125 -1.604599 4.297849 188 188 188
v 1.859432 -1.752113 4.297849 188 188 188
v 2.093494 -1.972588 4.089648 188 188 188
v 1.726200 -1.393265 4.480828 188 188 188
v 1.827812 -1.257004 4.480828 188 188 188
v 1.539745 -1.058968 4.637513 188 188 188
v 2.105148 -1.447670 4.297849 188 188 188
v 1.988125 -1.604599 4.297849 188 188 188
v 2.238380 -1.806519 4.089648 188 188 188
v 1.827812 -1.257004 4.480828 188 188 188
v 1.918694 -1.113365 4.480828 188 188 188
v 1.616310 -0.937958 4.637513 188 188 188
v 1.998310 -0.963196 4.480828 188 188 188
v 1.918694 -1.113365 4.480828 188 188 188
v 2.209816 -1.282249 4.297849 188 188 188
v 2.209816 -1.282249 4.297849 188 188 188
v 2.301506 -1.109291 4.297849 188 188 188
v 1.998310 -0.963196 4.480828 188 188 188
v 2.379688 -0.929840 4.297849 188 188 188
v 2.301506 -1.109291 4.297849 188 188 188
v 2.591194 -1.248886 4.089648 188 188 188
v 2.591194 -1.248886 4.089648 188 188 188
v 2.679211 -1.046844 4.089648 188 188 188
v 2.379688 -0.929840 4.297849 188 188 188
v 2.963005 -1.157715 3.857448 188 188 188
v 2.865665 -1.381142 3.857448 188 188 188
v 3.123322 -1.505302 3.602609 188 188 188
v 2.679211 -1.046844 4.089648 188 188 188
v 2.751499 -0.838661 4.089648 188 188 188
v 2.443901 -0.744911 4.297849 188 188 188
v 3.042953 -0.927483 3.857448 188 188 188
v 2.963005 -1.157715 3.857448 188 188 188
v 3.229408 -1.261780 3.602609 188 188 188
v 2.751499 -0.838661 4.089648 188 188 188
v 2.807644 -0.625557 4.089648 188 188 188
v 2.493767 -0.555626 4.297849 188 188 188
v 3.105038 -0.691803 3.857448 188 188 188
v 3.042953 -0.927483 3.857448 188 188 188
v 3.316544 -1.010857 3.602609 188 188 188
v 2.807644 -0.625557 4.089648 188 188 188
v 2.847301 -0.408775 4.089648 188 188 188
v 2.528992 -0.363083 4.297849 188 188 188
v 3.148895 -0.452065 3.857448 188 188 188
v 3.105038 -0.691803 3.857448 188 188 188
v 3.384209 -0.753998 3.602609 188 188 188
v 2.847301 -0.408775 4.089648 188 188 188
v 2.870251 -0.189590 4.089648 188 188 188
v 2.549374 -0.168396 4.297849 188 188 188
v 3.174274 -0.209679 3.857448 188 188 188
v 3.148895 -0.452065 3.857448 188 188 188
v 3.432011 -0.492714 3.602609 188 188 188
v 2.876347 0.030693 4.089648 188 188 188
v 2.554787 0.027267 4.297849 188 188 188
v 2.870251 -0.189590 4.089648 188 188 188
v 2.865559 0.250809 4.089648 188 188 188
v 2.545212 0.222786 4.297849 188 188 188
v 2.876347 0.030693 4.089648 188 188 188
v 3.138561 0.519150 3.857448 188 188 188
v 2.837955 0.469452 4.089648 188 188 188
v 3.169090 0.277359 3.857448 188 188 188
v 2.865559 0.250809 4.089648 188 188 188
v 2.520687 0.416985 4.297849 188 188 188
v 2.545212 0.222786 4.297849 188 188 188
v 2.793690 0.685341 4.089648 188 188 188
v 2.481369 0.608749 4.297849 188 188 188
v 2.837955 0.469452 4.089648 188 188 188
v 2.520687 0.416985 4.297849 188 188 188
v 2.154484 0.528587 4.480828 188 188 188
v 2.188625 0.362083 4.480828 188 188 188
v 2.154484 0.528587 4.480828 188 188 188
v 2.107697 0.691994 4.480828 188 188 188
v 1.775536 0.582993 4.637513 188 188 188
v 2.427486 0.796928 4.297849 188 188 188
v 2.481369 0.608749 4.297849 188 188 188
v 2.793690 0.685341 4.089648 188 188 188
v 2.107697 0.691994 4.480828 188 188 188
v 2.048538 0.851334 4.480828 188 188 188
v 1.725697 0.717232 4.637513 188 188 188
v 2.359356 0.980446 4.297849 188 188 188
v 2.427486 0.796928 4.297849 188 188 188
v 2.733025 0.897194 4.089648 188 188 188
v 2.048538 0.851334 4.480828 188 188 188
v 1.977352 1.005684 4.480828 188 188 188
v 1.665726 0.847260 4.637513 188 188 188
v 2.277370 1.158195 4.297849 188 188 188
v 2.359356 0.980446 4.297849 188 188 188
v 2.656319 1.103798 4.089648 188 188 188
v 1.977352 1.005684 4.480828 188 188 188
v 1.894558 1.154121 4.480828 188 188 188
v 1.595970 0.972321 4.637513 188 188 188
v 2.182018 1.329155 4.297849 188 188 188
v 2.277370 1.158195 4.297849 188 188 188
v 2.564018 1.303917 4.089648 188 188 188
v 1.894558 1.154121 4.480828 188 188 188
v 1.800640 1.295799 4.480828 188 188 188
v 1.516853 1.091675 4.637513 188 188 188
v 2.073853 1.492325 4.297849 188 188 188
v 2.182018 1.329155 4.297849 188 188 188
v 2.456669 1.496391 4.089648 188 188 188
v 1.800640 1.295799 4.480828 188 188 188
v 1.696152 1.429863 4.480828 188 188 188
v 1.428822 1.204628 4.637513 188 188 188
v 1.953518 1.646721 4.297849 188 188 188
v 2.073853 1.492325 4.297849 188 188 188
v 2.334896 1.680084 4.089648 188 188 188
v 1.696152 1.429863 4.480828 188 188 188
v 1.581703 1.555542 4.480828 188 188 188
v 1.332409 1.310501 4.637513 188 188 188
v 1.821712 1.791466 4.297849 188 188 188
v 1.953518 1.646721 4.297849 188 188 188
v 2.199417 1.853920 4.089648 188 188 188
v 1.581703 1.555542 4.480828 188 188 188
v 1.457970 1.672096 4.480828 188 188 188
v 1.228165 1.408691 4.637513 188 188 188
v 1.679214 1.925690 4.297849 188 188 188
v 1.821712 1.791466 4.297849 188 188 188
v 2.051025 2.016869 4.089648 188 188 188
v 1.457970 1.672096 4.480828 188 188 188
v 1.325676 1.778839 4.480828 188 188 188
v 1.116714 1.498619 4.637513 188 188 188
v 1.526852 2.048622 4.297849 188 188 188
v 1.679214 1.925690 4.297849 188 188 188
v 1.890594 2.167984 4.089648 188 188 188
v 1.325676 1.778839 4.480828 188 188 188
v 1.185600 1.875137 4.480828 188 188 188
v 0.998703 1.579742 4.637513 188 188 188
v 1.365532 2.159523 4.297849 188 188 188
v 1.526852 2.048622 4.297849 188 188 188
v 1.719067 2.306381 4.089648 188 188 188
v 1.185600 1.875137 4.480828 188 188 188
v 1.038559 1.960426 4.480828 188 188 188
v 0.874828 1.651604 4.637513 188 188 188
v 1.196190 2.257759 4.297849 188 188 188
v 1.365532 2.159523 4.297849 188 188 188
v 1.537445 2.431244 4.089648 188 188 188
v 1.038559 1.960426 4.480828 188 188 188
v 0.885422 2.034225 4.480828 188 188 188
v 0.745815 1.713768 4.637513 188 188 188
v 1.019825 2.342743 4.297849 188 188 188
v 1.196190 2.257759 4.297849 188 188 188
v 1.346794 2.541840 4.089648 188 188 188
v 0.885422 2.034225 4.480828 188 188 188
v 0.727081 2.096077 4.480828 188 188 188
v 0.612419 1.765884 4.637513 188 188 188
v 0.837471 2.413979 4.297849 188 188 188
v 1.019825 2.342743 4.297849 188 188 188
v 1.148239 2.637512 4.089648 188 188 188
v 0.727081 2.096077 4.480828 188 188 188
v 0.564468 2.145638 4.480828 188 188 188
v 0.475430 1.807625 4.637513 188 188 188
v 0.650196 2.471046 4.297849 188 188 188
v 0.837471 2.413979 4.297849 188 188 188
v 0.942940 2.717712 4.089648 188 188 188
v 0.564468 2.145638 4.480828 188 188 188
v 0.398544 2.182602 4.480828 188 188 188
v 0.335640 1.838768 4.637513 188 188 188
v 0.459103 2.513626 4.297849 188 188 188
v 0.650196 2.471046 4.297849 188 188 188
v 0.732101 2.781967 4.089648 188 188 188
v 0.398544 2.182602 4.480828 188 188 188
v 0.230274 2.206757 4.480828 188 188 188
v 0.193878 1.859123 4.637513 188 188 188
v 0.265312 2.541443 4.297849 188 188 188
v 0.459103 2.513626 4.297849 188 188 188
v 0.516964 2.829895 4.089648 188 188 188
v 0.230274 2.206757 4.480828 188 188 188
v 0.060646 2.217957 4.480828 188 188 188
v 0.050976 1.868561 4.637513 188 188 188
v 0.069958 2.554344 4.297849 188 188 188
v 0.265312 2.541443 4.297849 188 188 188
v 0.298790 2.861214 4.089648 188 188 188
v 0.060646 2.217957 4.480828 188 188 188
v -0.109341 2.216148 4.480828 188 188 188
v -0.092236 1.867043 4.637513 188 188 188
v -0.125813 2.552261 4.297849 188 188 188
v 0.069958 2.554344 4.297849 188 188 188
v 0.078857 2.875740 4.089648 188 188 188
v -0.109341 2.216148 4.480828 188 188 188
v -0.278690 2.201340 4.480828 188 188 188
v -0.234901 1.854561 4.637513 188 188 188
v -0.320843 2.535202 4.297849 188 188 188
v -0.125813 2.552261 4.297849 188 188 188
v -0.141548 2.873398 4.089648 188 188 188
v -0.278690 2.201340 4.480828 188 188 188
v -0.446407 2.173607 4.480828 188 188 188
v -0.376202 1.831192 4.637513 188 188 188
v -0.514000 2.503265 4.297849 188 188 188
v -0.320843 2.535202 4.297849 188 188 188
v -0.361122 2.854187 4.089648 188 188 188
v -0.446407 2.173607 4.480828 188 188 188
v -0.611511 2.133125 4.480828 188 188 188
v -0.515289 1.797089 4.637513 188 188 188
v -0.704147 2.456635 4.297849 188 188 188
v -0.514000 2.503265 4.297849 188 188 188
v -0.578583 2.818237 4.089648 188 188 188
v -0.611511 2.133125 4.480828 188 188 188
v -0.773029 2.080116 4.480828 188 188 188
v -0.651363 1.752434 4.637513 188 188 188
v -0.890160 2.395599 4.297849 188 188 188
v -0.704147 2.456635 4.297849 188 188 188
v -0.792652 2.765747 4.089648 188 188 188
v -0.773029 2.080116 4.480828 188 188 188
v -0.930016 2.014908 4.480828 188 188 188
v -0.783619 1.697495 4.637513 188 188 188
v -1.081547 1.937874 4.480828 188 188 188
v -0.930016 2.014908 4.480828 188 188 188
v -1.070957 2.320496 4.297849 188 188 188
v -1.070957 2.320496 4.297849 188 188 188
v -1.245472 2.231773 4.297849 188 188 188
v -1.081547 1.937874 4.480828 188 188 188
v -1.412682 2.129967 4.297849 188 188 188
v -1.245472 2.231773 4.297849 188 188 188
v -1.402092 2.512589 4.089648 188 188 188
v -1.402092 2.512589 4.089648 188 188 188
v -1.590343 2.397964 4.089648 188 188 188
v -1.412682 2.129967 4.297849 188 188 188
v -1.758675 2.651886 3.857448 188 188 188
v -1.550491 2.778648 3.857448 188 188 188
v -1.689789 3.028412 3.602609 188 188 188
v -1.590343 2.397964 4.089648 188 188 188
v -1.769268 2.269264 4.089648 188 188 188
v -1.571609 2.015648 4.297849 188 188 188
v -1.956547 2.509560 3.857448 188 188 188
v -1.758675 2.651886 3.857448 188 188 188
v -1.916691 2.890244 3.602609 188 188 188
v -1.769268 2.269264 4.089648 188 188 188
v -1.937813 2.127251 4.089648 188 188 188
v -1.721317 1.889511 4.297849 188 188 188
v -2.142941 2.352501 3.857448 188 188 188
v -1.956547 2.509560 3.857448 188 188 188
v -2.132347 2.735123 3.602609 188 188 188
v -1.937813 2.127251 4.089648 188 188 188
v -2.094990 1.972748 4.089648 188 188 188
v -1.860928 1.752281 4.297849 188 188 188
v -2.316761 2.181648 3.857448 188 188 188
v -2.142941 2.352501 3.857448 188 188 188
v -2.335495 2.563957 3.602609 188 188 188
v -2.094990 1.972748 4.089648 188 188 188
v -2.239876 1.806679 4.089648 188 188 188
v -1.989620 1.604767 4.297849 188 188 188
v -2.476994 1.997993 3.857448 188 188 188
v -2.316761 2.181648 3.857448 188 188 188
v -2.524940 2.377747 3.602609 188 188 188
v -2.239876 1.806679 4.089648 188 188 188
v -2.371624 1.630005 4.089648 188 188 188
v -2.106644 1.447830 4.297849 188 188 188
v -2.622692 1.802605 3.857448 188 188 188
v -2.476994 1.997993 3.857448 188 188 188
v -2.699574 2.177574 3.602609 188 188 188
v -2.371624 1.630005 4.089648 188 188 188
v -2.489456 1.443756 4.089648 188 188 188
v -2.211311 1.282410 4.297849 188 188 188
v -2.752998 1.596642 3.857448 188 188 188
v -2.622692 1.802605 3.857448 188 188 188
v -2.858368 1.964622 3.602609 188 188 188
v -2.489456 1.443756 4.089648 188 188 188
v -2.592690 1.249054 4.089648 188 188 188
v -2.303001 1.109459 4.297849 188 188 188
v -2.867161 1.381310 3.857448 188 188 188
v -2.752998 1.596642 3.857448 188 188 188
v -3.000393 1.740158 3.602609 188 188 188
v -2.592690 1.249054 4.089648 188 188 188
v -2.680706 1.047005 4.089648 188 188 188
v -2.381184 0.929993 4.297849 188 188 188
v -2.964500 1.157875 3.857448 188 188 188
v -2.867161 1.381310 3.857448 188 188 188
v -3.124817 1.505463 3.602609 188 188 188
v -2.680706 1.047005 4.089648 188 188 188
v -2.752995 0.838821 4.089648 188 188 188
v -2.445396 0.745079 4.297849 188 188 188
v -3.044449 0.927643 3.857448 188 188 188
v -2.964500 1.157875 3.857448 188 188 188
v -3.230904 1.261948 3.602609 188 188 188
v -2.752995 0.838821 4.089648 188 188 188
v -2.809139 0.625717 4.089648 188 188 188
v -2.495262 0.555794 4.297849 188 188 188
v -3.106537 0.691971 3.857448 188 188 188
v -3.044449 0.927643 3.857448 188 188 188
v -3.318039 1.011017 3.602609 188 188 188
v -2.809139 0.625717 4.089648 188 188 188
v -2.848797 0.408936 4.089648 188 188 188
v -2.530487 0.363243 4.297849 188 188 188
v -3.150391 0.452232 3.857448 188 188 188
v -3.106537 0.691971 3.857448 188 188 188
v -3.385708 0.754158 3.602609 188 188 188
v -2.848797 0.408936 4.089648 188 188 188
v -2.871746 0.189758 4.089648 188 188 188
v -2.550869 0.168564 4.297849 188 188 188
v -3.175770 0.209846 3.857448 188 188 188
v -3.150391 0.452232 3.857448 188 188 188
v -3.433510 0.492874 3.602609 188 188 188
v -2.871746 0.189758 4.089648 188 188 188
v -2.877842 -0.030533 4.089648 188 188 188
v -2.556290 -0.027115 4.297849 188 188 188
v -3.182514 -0.033775 3.857448 188 188 188
v -3.175770 0.209846 3.857448 188 188 188
v -3.461163 0.228699 3.602609 188 188 188
v -2.877842 -0.030533 4.089648 188 188 188
v -2.867054 -0.250648 4.089648 188 188 188
v -2.546707 -0.222618 4.297849 188 188 188
v -3.170586 -0.277199 3.857448 188 188 188
v -3.182514 -0.033775 3.857448 188 188 188
v -3.468513 -0.036819 3.602609 188 188 188
v -2.867054 -0.250648 4.089648 188 188 188
v -2.839451 -0.469284 4.089648 188 188 188
v -2.522182 -0.416824 4.297849 188 188 188
v -3.140057 -0.518990 3.857448 188 188 188
v -3.170586 -0.277199 3.857448 188 188 188
v -3.455513 -0.302116 3.602609 188 188 188
v -2.839451 -0.469284 4.089648 188 188 188
v -2.795185 -0.685173 4.089648 188 188 188
v -2.482868 -0.608582 4.297849 188 188 188
v -3.091103 -0.757736 3.857448 188 188 188
v -3.140057 -0.518990 3.857448 188 188 188
v -3.422241 -0.565643 3.602609 188 188 188
v -2.795185 -0.685173 4.089648 188 188 188
v -2.734520 -0.897041 4.089648 188 188 188
v -2.428982 -0.796768 4.297849 188 188 188
v -3.024017 -0.992035 3.857448 188 188 188
v -3.091103 -0.757736 3.857448 188 188 188
v -3.368889 -0.825851 3.602609 188 188 188
v -2.734520 -0.897041 4.089648 188 188 188
v -2.657814 -1.103630 4.089648 188 188 188
v -2.360851 -0.980278 4.297849 188 188 188
v -2.939186 -1.220512 3.857448 188 188 188
v -3.024017 -0.992035 3.857448 188 188 188
v -3.295769 -1.081215 3.602609 188 188 188
v -2.657814 -1.103630 4.089648 188 188 188
v -2.565514 -1.303757 4.089648 188 188 188
v -2.278866 -1.158035 4.297849 188 188 188
v -2.837112 -1.441833 3.857448 188 188 188
v -2.939186 -1.220512 3.857448 188 188 188
v -3.203316 -1.330231 3.602609 188 188 188
v -2.565514 -1.303757 4.089648 188 188 188
v -2.458164 -1.496231 4.089648 188 188 188
v -2.183514 -1.328995 4.297849 188 188 188
v -2.718391 -1.654678 3.857448 188 188 188
v -2.837112 -1.441833 3.857448 188 188 188
v -3.092064 -1.571442 3.602609 188 188 188
v -2.458164 -1.496231 4.089648 188 188 188
v -2.336391 -1.679924 4.089648 188 188 188
v -2.075348 -1.492157 4.297849 188 188 188
v -2.583725 -1.857826 3.857448 188 188 188
v -2.718391 -1.654678 3.857448 188 188 188
v -2.962673 -1.803429 3.602609 188 188 188
v -2.336391 -1.679924 4.089648 188 188 188
v -2.200912 -1.853752 4.089648 188 188 188
v -1.955013 -1.646553 4.297849 188 188 188
v -2.433903 -2.050072 3.857448 188 188 188
v -2.583725 -1.857826 3.857448 188 188 188
v -2.815903 -2.024826 3.602609 188 188 188
v -2.200912 -1.853752 4.089648 188 188 188
v -2.052525 -2.016701 4.089648 188 188 188
v -1.823208 -1.791306 4.297849 188 188 188
v -2.269798 -2.230270 3.857448 188 188 188
v -2.433903 -2.050072 3.857448 188 188 188
v -2.652611 -2.234344 3.602609 188 188 188
v -2.052525 -2.016701 4.089648 188 188 188
v -1.892094 -2.167816 4.089648 188 188 188
v -1.680710 -1.925529 4.297849 188 188 188
v -2.092377 -2.397392 3.857448 188 188 188
v -2.269798 -2.230270 3.857448 188 188 188
v -2.473759 -2.430748 3.602609 188 188 188
v -1.892094 -2.167816 4.089648 188 188 188
v -1.720562 -2.306213 4.089648 188 188 188
v -1.528347 -2.048454 4.297849 188 188 188
v -1.902683 -2.550438 3.857448 188 188 188
v -2.092377 -2.397392 3.857448 188 188 188
v -2.280392 -2.612900 3.602609 188 188 188
v -1.720562 -2.306213 4.089648 188 188 188
v -1.538940 -2.431076 4.089648 188 188 188
v -1.367027 -2.159355 4.297849 188 188 188
v -1.701832 -2.688522 3.857448 188 188 188
v -1.902683 -2.550438 3.857448 188 188 188
v -2.073643 -2.779701 3.602609 188 188 188
v -1.538940 -2.431076 4.089648 188 188 188
v -1.348293 -2.541672 4.089648 188 188 188
v -1.197685 -2.257591 4.297849 188 188 188
v -1.490993 -2.810829 3.857448 188 188 188
v -1.701832 -2.688522 3.857448 188 188 188
v -1.854736 -2.930199 3.602609 188 188 188
v -1.348293 -2.541672 4.089648 188 188 188
v -1.149738 -2.637352 4.089648 188 188 188
v -1.021320 -2.342583 4.297849 188 188 188
v -1.271408 -2.916641 3.857448 188 188 188
v -1.490993 -2.810829 3.857448 188 188 188
v -1.624947 -3.063492 3.602609 188 188 188
v -1.149738 -2.637352 4.089648 188 188 188
v -0.944435 -2.717552 4.089648 188 188 188
v -0.838966 -2.413811 4.297849 188 188 188
v -1.044369 -3.005333 3.857448 188 188 188
v -1.271408 -2.916641 3.857448 188 188 188
v -1.385628 -3.178818 3.602609 188 188 188
v -0.944435 -2.717552 4.089648 188 188 188
v -0.733597 -2.781799 4.089648 188 188 188
v -0.651691 -2.470886 4.297849 188 188 188
v -0.811207 -3.076385 3.857448 188 188 188
v -1.044369 -3.005333 3.857448 188 188 188
v -1.138180 -3.275482 3.602609 188 188 188
v -0.733597 -2.781799 4.089648 188 188 188
v -0.518459 -2.829727 4.089648 188 188 188
v -0.460602 -2.513458 4.297849 188 188 188
v -0.573288 -3.129395 3.857448 188 188 188
v -0.811207 -3.076385 3.857448 188 188 188
v -0.884052 -3.352928 3.602609 188 188 188
v -0.518459 -2.829727 4.089648 188 188 188
v -0.300285 -2.861053 4.089648 188 188 188
v -0.266808 -2.541275 4.297849 188 188 188
v -0.332005 -3.164032 3.857448 188 188 188
v -0.573288 -3.129395 3.857448 188 188 188
v -0.624748 -3.410690 3.602609 188 188 188
v -0.300285 -2.861053 4.089648 188 188 188
v -0.080353 -2.875580 4.089648 188 188 188
v -0.071453 -2.554184 4.297849 188 188 188
v -0.088779 -3.180099 3.857448 188 188 188
v -0.332005 -3.164032 3.857448 188 188 188
v -0.361782 -3.448441 3.602609 188 188 188
v -0.080353 -2.875580 4.089648 188 188 188
v 0.140049 -2.873238 4.089648 188 188 188
v 0.124317 -2.552101 4.297849 188 188 188
v 0.154957 -3.177505 3.857448 188 188 188
v -0.088779 -3.180099 3.857448 188 188 188
v -0.096695 -3.465958 3.602609 188 188 188
v 0.140049 -2.873238 4.089648 188 188 188
v 0.359627 -2.854027 4.089648 188 188 188
v 0.319347 -2.535042 4.297849 188 188 188
v 0.397785 -3.156265 3.857448 188 188 188
v 0.154957 -3.177505 3.857448 188 188 188
v 0.168957 -3.463127 3.602609 188 188 188
v 0.359627 -2.854027 4.089648 188 188 188
v 0.577084 -2.818069 4.089648 188 188 188
v 0.512505 -2.503105 4.297849 188 188 188
v 0.638275 -3.116501 3.857448 188 188 188
v 0.397785 -3.156265 3.857448 188 188 188
v 0.433609 -3.439980 3.602609 188 188 188
v 0.577084 -2.818069 4.089648 188 188 188
v 0.791153 -2.765579 4.089648 188 188 188
v 0.702644 -2.456482 4.297849 188 188 188
v 0.875011 -3.058449 3.857448 188 188 188
v 0.638275 -3.116501 3.857448 188 188 188
v 0.695713 -3.396645 3.602609 188 188 188
v 0.791153 -2.765579 4.089648 188 188 188
v 1.000572 -2.696846 4.089648 188 188 188
v 0.888664 -2.395432 4.297849 188 188 188
v 1.106613 -2.982452 3.857448 188 188 188
v 0.875011 -3.058449 3.857448 188 188 188
v 0.953735 -3.333366 3.602609 188 188 188
v 1.000572 -2.696846 4.089648 188 188 188
v 1.204121 -2.612305 4.089648 188 188 188
v 1.069462 -2.320335 4.297849 188 188 188
v 1.331715 -2.888939 3.857448 188 188 188
v 1.106613 -2.982452 3.857448 188 188 188
v 1.206150 -3.250542 3.602609 188 188 188
v 1.204121 -2.612305 4.089648 188 188 188
v 1.400597 -2.512421 4.089648 188 188 188
v 1.243977 -2.231613 4.297849 188 188 188
v 1.548996 -2.778481 3.857448 188 188 188
v 1.331715 -2.888939 3.857448 188 188 188
v 1.451485 -3.148628 3.602609 188 188 188
v 1.400597 -2.512421 4.089648 188 188 188
v 1.588848 -2.397797 4.089648 188 188 188
v 1.411186 -2.129799 4.297849 188 188 188
v 1.757179 -2.651718 3.857448 188 188 188
v 1.548996 -2.778481 3.857448 188 188 188
v 1.688293 -3.028244 3.602609 188 188 188
v 1.588848 -2.397797 4.089648 188 188 188
v 1.767773 -2.269096 4.089648 188 188 188
v 1.570114 -2.015480 4.297849 188 188 188
v 1.955048 -2.509392 3.857448 188 188 188
v 1.757179 -2.651718 3.857448 188 188 188
v 1.915195 -2.890083 3.602609 188 188 188
v 1.767773 -2.269096 4.089648 188 188 188
v 1.936314 -2.127083 4.089648 188 188 188
v 1.719822 -1.889343 4.297849 188 188 188
v 2.141441 -2.352341 3.857448 188 188 188
v 1.955048 -2.509392 3.857448 188 188 188
v 2.130852 -2.734962 3.602609 188 188 188
v 1.936314 -2.127083 4.089648 188 188 188
v 2.093494 -1.972588 4.089648 188 188 188
v 1.859432 -1.752113 4.297849 188 188 188
v 2.315266 -2.181488 3.857448 188 188 188
v 2.141441 -2.352341 3.857448 188 188 188
v 2.333996 -2.563789 3.602609 188 188 188
v 2.093494 -1.972588 4.089648 188 188 188
v 2.238380 -1.806519 4.089648 188 188 188
v 1.988125 -1.604599 4.297849 188 188 188
v 2.475494 -1.997826 3.857448 188 188 188
v 2.315266 -2.181488 3.857448 188 188 188
v 2.523445 -2.377579 3.602609 188 188 188
v 2.238380 -1.806519 4.089648 188 188 188
v 2.370125 -1.629837 4.089648 188 188 188
v 2.105148 -1.447670 4.297849 188 188 188
v 2.487961 -1.443604 4.089648 188 188 188
v 2.370125 -1.629837 4.089648 188 188 188
v 2.621193 -1.802444 3.857448 188 188 188
v 2.621193 -1.802444 3.857448 188 188 188
v 2.751503 -1.596481 3.857448 188 188 188
v 2.487961 -1.443604 4.089648 188 188 188
v 2.865665 -1.381142 3.857448 188 188 188
v 2.751503 -1.596481 3.857448 188 188 188
v 2.998898 -1.739990 3.602609 188 188 188
v 2.998898 -1.739990 3.602609 188 188 188
v 3.123322 -1.505302 3.602609 188 188 188
v 2.865665 -1.381142 3.857448 188 188 188
v 3.362640 -1.620621 3.326629 188 188 188
v 3.228687 -1.873283 3.326629 188 188 188
v 3.439526 -1.995590 3.031129 188 188 188
v 3.123322 -1.505302 3.602609 188 188 188
v 3.229408 -1.261780 3.602609 188 188 188
v 2.963005 -1.157715 3.857448 188 188 188
v 3.476856 -1.358444 3.326629 188 188 188
v 3.362640 -1.620621 3.326629 188 188 188
v 3.582226 -1.726433 3.031129 188 188 188
v 3.229408 -1.261780 3.602609 188 188 188
v 3.316544 -1.010857 3.602609 188 188 188
v 3.042953 -0.927483 3.857448 188 188 188
v 3.570667 -1.088295 3.326629 188 188 188
v 3.476856 -1.358444 3.326629 188 188 188
v 3.703896 -1.447144 3.031129 188 188 188
v 3.316544 -1.010857 3.602609 188 188 188
v 3.384209 -0.753998 3.602609 188 188 188
v 3.105038 -0.691803 3.857448 188 188 188
v 3.643513 -0.811760 3.326629 188 188 188
v 3.570667 -1.088295 3.326629 188 188 188
v 3.803829 -1.159355 3.031129 188 188 188
v 3.384209 -0.753998 3.602609 188 188 188
v 3.432011 -0.492714 3.602609 188 188 188
v 3.148895 -0.452065 3.857448 188 188 188
v 3.694977 -0.530464 3.326629 188 188 188
v 3.643513 -0.811760 3.326629 188 188 188
v 3.881435 -0.864761 3.031129 188 188 188
v 3.432011 -0.492714 3.602609 188 188 188
v 3.459667 -0.228539 3.602609 188 188 188
v 3.174274 -0.209679 3.857448 188 188 188
v 3.724754 -0.246056 3.326629 188 188 188
v 3.694977 -0.530464 3.326629 188 188 188
v 3.936260 -0.565102 3.031129 188 188 188
v 3.467018 0.036987 3.602609 188 188 188
v 3.181015 0.033943 3.857448 188 188 188
v 3.459667 -0.228539 3.602609 188 188 188
v 3.454018 0.302284 3.602609 188 188 188
v 3.169090 0.277359 3.857448 188 188 188
v 3.467018 0.036987 3.602609 188 188 188
v 3.682850 0.609146 3.326629 188 188 188
v 3.420746 0.565811 3.602609 188 188 188
v 3.718674 0.325432 3.326629 188 188 188
v 3.454018 0.302284 3.602609 188 188 188
v 3.138561 0.519150 3.857448 188 188 188
v 3.169090 0.277359 3.857448 188 188 188
v 3.367393 0.826019 3.602609 188 188 188
v 3.089607 0.757896 3.857448 188 188 188
v 3.420746 0.565811 3.602609 188 188 188
v 3.138561 0.519150 3.857448 188 188 188
v 2.793690 0.685341 4.089648 188 188 188
v 2.837955 0.469452 4.089648 188 188 188
v 2.793690 0.685341 4.089648 188 188 188
v 2.733025 0.897194 4.089648 188 188 188
v 2.427486 0.796928 4.297849 188 188 188
v 3.022518 0.992203 3.857448 188 188 188
v 3.089607 0.757896 3.857448 188 188 188
v 3.367393 0.826019 3.602609 188 188 188
v 2.733025 0.897194 4.089648 188 188 188
v 2.656319 1.103798 4.089648 188 188 188
v 2.359356 0.980446 4.297849 188 188 188
v 2.937691 1.220680 3.857448 188 188 188
v 3.022518 0.992203 3.857448 188 188 188
v 3.294270 1.081383 3.602609 188 188 188
v 2.656319 1.103798 4.089648 188 188 188
v 2.564018 1.303917 4.089648 188 188 188
v 2.277370 1.158195 4.297849 188 188 188
v 2.835613 1.441994 3.857448 188 188 188
v 2.937691 1.220680 3.857448 188 188 188
v 3.201820 1.330391 3.602609 188 188 188
v 2.564018 1.303917 4.089648 188 188 188
v 2.456669 1.496391 4.089648 188 188 188
v 2.182018 1.329155 4.297849 188 188 188
v 2.716896 1.654846 3.857448 188 188 188
v 2.835613 1.441994 3.857448 188 188 188
v 3.090569 1.571602 3.602609 188 188 188
v 2.456669 1.496391 4.089648 188 188 188
v 2.334896 1.680084 4.089648 188 188 188
v 2.073853 1.492325 4.297849 188 188 188
v 2.582230 1.857994 3.857448 188 188 188
v 2.716896 1.654846 3.857448 188 188 188
v 2.961178 1.803589 3.602609 188 188 188
v 2.334896 1.680084 4.089648 188 188 188
v 2.199417 1.853920 4.089648 188 188 188
v 1.953518 1.646721 4.297849 188 188 188
v 2.432404 2.050224 3.857448 188 188 188
v 2.582230 1.857994 3.857448 188 188 188
v 2.814407 2.024994 3.602609 188 188 188
v 2.199417 1.853920 4.089648 188 188 188
v 2.051025 2.016869 4.089648 188 188 188
v 1.821712 1.791466 4.297849 188 188 188
v 2.268299 2.230431 3.857448 188 188 188
v 2.432404 2.050224 3.857448 188 188 188
v 2.651112 2.234505 3.602609 188 188 188
v 2.051025 2.016869 4.089648 188 188 188
v 1.890594 2.167984 4.089648 188 188 188
v 1.679214 1.925690 4.297849 188 188 188
v 2.090881 2.397560 3.857448 188 188 188
v 2.268299 2.230431 3.857448 188 188 188
v 2.472260 2.430916 3.602609 188 188 188
v 1.890594 2.167984 4.089648 188 188 188
v 1.719067 2.306381 4.089648 188 188 188
v 1.526852 2.048622 4.297849 188 188 188
v 1.901188 2.550606 3.857448 188 188 188
v 2.090881 2.397560 3.857448 188 188 188
v 2.278893 2.613052 3.602609 188 188 188
v 1.719067 2.306381 4.089648 188 188 188
v 1.537445 2.431244 4.089648 188 188 188
v 1.365532 2.159523 4.297849 188 188 188
v 1.700333 2.688690 3.857448 188 188 188
v 1.901188 2.550606 3.857448 188 188 188
v 2.072147 2.779869 3.602609 188 188 188
v 1.537445 2.431244 4.089648 188 188 188
v 1.346794 2.541840 4.089648 188 188 188
v 1.196190 2.257759 4.297849 188 188 188
v 1.489494 2.810997 3.857448 188 188 188
v 1.700333 2.688690 3.857448 188 188 188
v 1.853237 2.930367 3.602609 188 188 188
v 1.346794 2.541840 4.089648 188 188 188
v 1.148239 2.637512 4.089648 188 188 188
v 1.019825 2.342743 4.297849 188 188 188
v 1.269913 2.916809 3.857448 188 188 188
v 1.489494 2.810997 3.857448 188 188 188
v 1.623447 3.063660 3.602609 188 188 188
v 1.148239 2.637512 4.089648 188 188 188
v 0.942940 2.717712 4.089648 188 188 188
v 0.837471 2.413979 4.297849 188 188 188
v 1.042873 3.005493 3.857448 188 188 188
v 1.269913 2.916809 3.857448 188 188 188
v 1.384129 3.178986 3.602609 188 188 188
v 0.942940 2.717712 4.089648 188 188 188
v 0.732101 2.781967 4.089648 188 188 188
v 0.650196 2.471046 4.297849 188 188 188
v 0.809708 3.076553 3.857448 188 188 188
v 1.042873 3.005493 3.857448 188 188 188
v 1.136681 3.275642 3.602609 188 188 188
v 0.732101 2.781967 4.089648 188 188 188
v 0.516964 2.829895 4.089648 188 188 188
v 0.459103 2.513626 4.297849 188 188 188
v 0.571789 3.129555 3.857448 188 188 188
v 0.809708 3.076553 3.857448 188 188 188
v 0.882557 3.353088 3.602609 188 188 188
v 0.516964 2.829895 4.089648 188 188 188
v 0.298790 2.861214 4.089648 188 188 188
v 0.265312 2.541443 4.297849 188 188 188
v 0.330509 3.164200 3.857448 188 188 188
v 0.571789 3.129555 3.857448 188 188 188
v 0.623253 3.410851 3.602609 188 188 188
v 0.298790 2.861214 4.089648 188 188 188
v 0.078857 2.875740 4.089648 188 188 188
v 0.069958 2.554344 4.297849 188 188 188
v 0.087284 3.180267 3.857448 188 188 188
v 0.330509 3.164200 3.857448 188 188 188
v 0.360287 3.448608 3.602609 188 188 188
v 0.078857 2.875740 4.089648 188 188 188
v -0.141548 2.873398 4.089648 188 188 188
v -0.125813 2.552261 4.297849 188 188 188
v -0.156456 3.177673 3.857448 188 188 188
v 0.087284 3.180267 3.857448 188 188 188
v 0.095200 3.466118 3.602609 188 188 188
v -0.141548 2.873398 4.089648 188 188 188
v -0.361122 2.854187 4.089648 188 188 188
v -0.320843 2.535202 4.297849 188 188 188
v -0.399284 3.156433 3.857448 188 188 188
v -0.156456 3.177673 3.857448 188 188 188
v -0.170452 3.463295 3.602609 188 188 188
v -0.361122 2.854187 4.089648 188 188 188
v -0.578583 2.818237 4.089648 188 188 188
v -0.514000 2.503265 4.297849 188 188 188
v -0.639771 3.116661 3.857448 188 188 188
v -0.399284 3.156433 3.857448 188 188 188
v -0.435104 3.440147 3.602609 188 188 188
v -0.578583 2.818237 4.089648 188 188 188
v -0.792652 2.765747 4.089648 188 188 188
v -0.704147 2.456635 4.297849 188 188 188
v -0.876511 3.058617 3.857448 188 188 188
v -0.639771 3.116661 3.857448 188 188 188
v -0.697212 3.396805 3.602609 188 188 188
v -0.792652 2.765747 4.089648 188 188 188
v -1.002075 2.697014 4.089648 188 188 188
v -0.890160 2.395599 4.297849 188 188 188
v -1.205620 2.612465 4.089648 188 188 188
v -1.002075 2.697014 4.089648 188 188 188
v -1.108109 2.982605 3.857448 188 188 188
v -1.108109 2.982605 3.857448 188 188 188
v -1.333210 2.889099 3.857448 188 188 188
v -1.205620 2.612465 4.089648 188 188 188
v -1.550491 2.778648 3.857448 188 188 188
v -1.333210 2.889099 3.857448 188 188 188
v -1.452980 3.148788 3.602609 188 188 188
v -1.452980 3.148788 3.602609 188 188 188
v -1.689789 3.028412 3.602609 188 188 188
v -1.550491 2.778648 3.857448 188 188 188
v -1.819180 3.260391 3.326629 188 188 188
v -1.564232 3.389999 3.326629 188 188 188
v -1.666302 3.611313 3.031129 188 188 188
v -1.689789 3.028412 3.602609 188 188 188
v -1.916691 2.890244 3.602609 188 188 188
v -1.758675 2.651886 3.857448 188 188 188
v -2.063465 3.111649 3.326629 188 188 188
v -1.819180 3.260391 3.326629 188 188 188
v -1.937901 3.473244 3.031129 188 188 188
v -1.916691 2.890244 3.602609 188 188 188
v -2.132347 2.735123 3.602609 188 188 188
v -1.956547 2.509560 3.857448 188 188 188
v -2.295639 2.944649 3.326629 188 188 188
v -2.063465 3.111649 3.326629 188 188 188
v -2.198132 3.314796 3.031129 188 188 188
v -2.132347 2.735123 3.602609 188 188 188
v -2.335495 2.563957 3.602609 188 188 188
v -2.142941 2.352501 3.857448 188 188 188
v -2.514347 2.760361 3.326629 188 188 188
v -2.295639 2.944649 3.326629 188 188 188
v -2.445465 3.136887 3.031129 188 188 188
v -2.335495 2.563957 3.602609 188 188 188
v -2.524940 2.377747 3.602609 188 188 188
v -2.316761 2.181648 3.857448 188 188 188
v -2.718307 2.559883 3.326629 188 188 188
v -2.514347 2.760361 3.326629 188 188 188
v -2.678452 2.940575 3.031129 188 188 188
v -2.524940 2.377747 3.602609 188 188 188
v -2.699574 2.177574 3.602609 188 188 188
v -2.476994 1.997993 3.857448 188 188 188
v -2.906319 2.344383 3.326629 188 188 188
v -2.718307 2.559883 3.326629 188 188 188
v -2.895725 2.727005 3.031129 188 188 188
v -2.699574 2.177574 3.602609 188 188 188
v -2.858368 1.964622 3.602609 188 188 188
v -2.622692 1.802605 3.857448 188 188 188
v -3.077278 2.115128 3.326629 188 188 188
v -2.906319 2.344383 3.326629 188 188 188
v -3.096012 2.497429 3.031129 188 188 188
v -2.858368 1.964622 3.602609 188 188 188
v -3.000393 1.740158 3.602609 188 188 188
v -2.752998 1.596642 3.857448 188 188 188
v -3.230183 1.873451 3.326629 188 188 188
v -3.077278 2.115128 3.326629 188 188 188
v -3.278133 2.253212 3.031129 188 188 188
v -3.000393 1.740158 3.602609 188 188 188
v -3.124817 1.505463 3.602609 188 188 188
v -2.867161 1.381310 3.857448 188 188 188
v -3.364136 1.620789 3.326629 188 188 188
v -3.230183 1.873451 3.326629 188 188 188
v -3.441021 1.995758 3.031129 188 188 188
v -3.124817 1.505463 3.602609 188 188 188
v -3.230904 1.261948 3.602609 188 188 188
v -2.964500 1.157875 3.857448 188 188 188
v -3.478352 1.358612 3.326629 188 188 188
v -3.364136 1.620789 3.326629 188 188 188
v -3.583721 1.726601 3.031129 188 188 188
v -3.230904 1.261948 3.602609 188 188 188
v -3.318039 1.011017 3.602609 188 188 188
v -3.044449 0.927643 3.857448 188 188 188
v -3.572163 1.088463 3.326629 188 188 188
v -3.478352 1.358612 3.326629 188 188 188
v -3.705395 1.447296 3.031129 188 188 188
v -3.318039 1.011017 3.602609 188 188 188
v -3.385708 0.754158 3.602609 188 188 188
v -3.106537 0.691971 3.857448 188 188 188
v -3.645012 0.811920 3.326629 188 188 188
v -3.572163 1.088463 3.326629 188 188 188
v -3.805325 1.159515 3.031129 188 188 188
v -3.385708 0.754158 3.602609 188 188 188
v -3.433510 0.492874 3.602609 188 188 188
v -3.150391 0.452232 3.857448 188 188 188
v -3.696472 0.530624 3.326629 188 188 188
v -3.645012 0.811920 3.326629 188 188 188
v -3.882931 0.864929 3.031129 188 188 188
v -3.433510 0.492874 3.602609 188 188 188
v -3.461163 0.228699 3.602609 188 188 188
v -3.175770 0.209846 3.857448 188 188 188
v -3.726250 0.246208 3.326629 188 188 188
v -3.696472 0.530624 3.326629 188 188 188
v -3.937756 0.565269 3.031129 188 188 188
v -3.461163 0.228699 3.602609 188 188 188
v -3.468513 -0.036819 3.602609 188 188 188
v -3.182514 -0.033775 3.857448 188 188 188
v -3.734165 -0.039642 3.326629 188 188 188
v -3.726250 0.246208 3.326629 188 188 188
v -3.969475 0.262276 3.031129 188 188 188
v -3.468513 -0.036819 3.602609 188 188 188
v -3.455513 -0.302116 3.602609 188 188 188
v -3.170586 -0.277199 3.857448 188 188 188
v -3.720169 -0.325264 3.326629 188 188 188
v -3.734165 -0.039642 3.326629 188 188 188
v -3.977901 -0.042236 3.031129 188 188 188
v -3.455513 -0.302116 3.602609 188 188 188
v -3.422241 -0.565643 3.602609 188 188 188
v -3.140057 -0.518990 3.857448 188 188 188
v -3.684345 -0.608978 3.326629 188 188 188
v -3.720169 -0.325264 3.326629 188 188 188
v -3.962997 -0.346504 3.031129 188 188 188
v -3.422241 -0.565643 3.602609 188 188 188
v -3.368889 -0.825851 3.602609 188 188 188
v -3.091103 -0.757736 3.857448 188 188 188
v -3.626904 -0.889130 3.326629 188 188 188
v -3.684345 -0.608978 3.326629 188 188 188
v -3.924831 -0.648750 3.031129 188 188 188
v -3.368889 -0.825851 3.602609 188 188 188
v -3.295769 -1.081215 3.602609 188 188 188
v -3.024017 -0.992035 3.857448 188 188 188
v -3.548187 -1.164047 3.326629 188 188 188
v -3.626904 -0.889130 3.326629 188 188 188
v -3.863644 -0.947182 3.031129 188 188 188
v -3.295769 -1.081215 3.602609 188 188 188
v -3.203316 -1.330231 3.602609 188 188 188
v -2.939186 -1.220512 3.857448 188 188 188
v -3.448647 -1.432144 3.326629 188 188 188
v -3.548187 -1.164047 3.326629 188 188 188
v -3.779785 -1.240051 3.031129 188 188 188
v -3.203316 -1.330231 3.602609 188 188 188
v -3.092064 -1.571442 3.602609 188 188 188
v -2.837112 -1.441833 3.857448 188 188 188
v -3.328876 -1.691826 3.326629 188 188 188
v -3.448647 -1.432144 3.326629 188 188 188
v -3.673748 -1.525642 3.031129 188 188 188
v -3.092064 -1.571442 3.602609 188 188 188
v -2.962673 -1.803429 3.602609 188 188 188
v -2.718391 -1.654678 3.857448 188 188 188
v -3.189575 -1.941589 3.326629 188 188 188
v -3.328876 -1.691826 3.326629 188 188 188
v -3.546154 -1.802284 3.031129 188 188 188
v -2.962673 -1.803429 3.602609 188 188 188
v -2.815903 -2.024826 3.602609 188 188 188
v -2.583725 -1.857826 3.857448 188 188 188
v -3.031559 -2.179947 3.326629 188 188 188
v -3.189575 -1.941589 3.326629 188 188 188
v -3.397758 -2.068352 3.031129 188 188 188
v -2.815903 -2.024826 3.602609 188 188 188
v -2.652611 -2.234344 3.602609 188 188 188
v -2.433903 -2.050072 3.857448 188 188 188
v -2.855759 -2.405518 3.326629 188 188 188
v -3.031559 -2.179947 3.326629 188 188 188
v -3.229427 -2.322273 3.031129 188 188 188
v -2.652611 -2.234344 3.602609 188 188 188
v -2.473759 -2.430748 3.602609 188 188 188
v -2.269798 -2.230270 3.857448 188 188 188
v -2.663204 -2.616966 3.326629 188 188 188
v -2.855759 -2.405518 3.326629 188 188 188
v -3.042152 -2.562569 3.031129 188 188 188
v -2.473759 -2.430748 3.602609 188 188 188
v -2.280392 -2.612900 3.602609 188 188 188
v -2.092377 -2.397392 3.857448 188 188 188
v -2.455021 -2.813065 3.326629 188 188 188
v -2.663204 -2.616966 3.326629 188 188 188
v -2.837025 -2.787827 3.031129 188 188 188
v -2.280392 -2.612900 3.602609 188 188 188
v -2.073643 -2.779701 3.602609 188 188 188
v -1.902683 -2.550438 3.857448 188 188 188
v -2.232441 -2.992653 3.326629 188 188 188
v -2.455021 -2.813065 3.326629 188 188 188
v -2.615253 -2.996727 3.031129 188 188 188
v -2.073643 -2.779701 3.602609 188 188 188
v -1.854736 -2.930199 3.602609 188 188 188
v -1.701832 -2.688522 3.857448 188 188 188
v -1.996761 -3.154671 3.326629 188 188 188
v -2.232441 -2.992653 3.326629 188 188 188
v -2.378139 -3.188034 3.031129 188 188 188
v -1.854736 -2.930199 3.602609 188 188 188
v -1.624947 -3.063492 3.602609 188 188 188
v -1.490993 -2.810829 3.857448 188 188 188
v -1.749371 -3.298180 3.326629 188 188 188
v -1.996761 -3.154671 3.326629 188 188 188
v -2.127075 -3.360641 3.031129 188 188 188
v -1.624947 -3.063492 3.602609 188 188 188
v -1.385628 -3.178818 3.602609 188 188 188
v -1.271408 -2.916641 3.857448 188 188 188
v -1.491714 -3.422340 3.326629 188 188 188
v -1.749371 -3.298180 3.326629 188 188 188
v -1.863529 -3.513519 3.031129 188 188 188
v -1.385628 -3.178818 3.602609 188 188 188
v -1.138180 -3.275482 3.602609 188 188 188
v -1.044369 -3.005333 3.857448 188 188 188
v -1.225311 -3.526413 3.326629 188 188 188
v -1.491714 -3.422340 3.326629 188 188 188
v -1.589054 -3.645775 3.031129 188 188 188
v -1.138180 -3.275482 3.602609 188 188 188
v -0.884052 -3.352928 3.602609 188 188 188
v -0.811207 -3.076385 3.857448 188 188 188
v -0.951721 -3.609779 3.326629 188 188 188
v -1.225311 -3.526413 3.326629 188 188 188
v -1.305260 -3.756645 3.031129 188 188 188
v -0.884052 -3.352928 3.602609 188 188 188
v -0.624748 -3.410690 3.602609 188 188 188
v -0.573288 -3.129395 3.857448 188 188 188
v -0.672550 -3.671974 3.326629 188 188 188
v -0.951721 -3.609779 3.326629 188 188 188
v -1.013805 -3.845459 3.031129 188 188 188
v -0.624748 -3.410690 3.602609 188 188 188
v -0.361782 -3.448441 3.602609 188 188 188
v -0.332005 -3.164032 3.857448 188 188 188
v -0.389439 -3.712616 3.326629 188 188 188
v -0.672550 -3.671974 3.326629 188 188 188
v -0.716408 -3.911713 3.031129 188 188 188
v -0.361782 -3.448441 3.602609 188 188 188
v -0.096695 -3.465958 3.602609 188 188 188
v -0.088779 -3.180099 3.857448 188 188 188
v -0.104042 -3.731468 3.326629 188 188 188
v -0.389439 -3.712616 3.326629 188 188 188
v -0.414814 -3.955009 3.031129 188 188 188
v -0.096695 -3.465958 3.602609 188 188 188
v 0.168957 -3.463127 3.602609 188 188 188
v 0.154957 -3.177505 3.857448 188 188 188
v 0.181957 -3.728432 3.326629 188 188 188
v -0.104042 -3.731468 3.326629 188 188 188
v -0.110790 -3.975090 3.031129 188 188 188
v 0.168957 -3.463127 3.602609 188 188 188
v 0.433609 -3.439980 3.602609 188 188 188
v 0.397785 -3.156265 3.857448 188 188 188
v 0.466885 -3.703506 3.326629 188 188 188
v 0.181957 -3.728432 3.326629 188 188 188
v 0.193886 -3.971848 3.031129 188 188 188
v 0.433609 -3.439980 3.602609 188 188 188
v 0.695713 -3.396645 3.602609 188 188 188
v 0.638275 -3.116501 3.857448 188 188 188
v 0.749065 -3.656853 3.326629 188 188 188
v 0.466885 -3.703506 3.326629 188 188 188
v 0.497414 -3.945297 3.031129 188 188 188
v 0.695713 -3.396645 3.602609 188 188 188
v 0.953735 -3.333366 3.602609 188 188 188
v 0.875011 -3.058449 3.857448 188 188 188
v 1.026852 -3.588730 3.326629 188 188 188
v 0.749065 -3.656853 3.326629 188 188 188
v 0.798019 -3.895599 3.031129 188 188 188
v 0.953735 -3.333366 3.602609 188 188 188
v 1.206150 -3.250542 3.602609 188 188 188
v 1.106613 -2.982452 3.857448 188 188 188
v 1.298607 -3.499557 3.326629 188 188 188
v 1.026852 -3.588730 3.326629 188 188 188
v 1.093937 -3.823029 3.031129 188 188 188
v 1.206150 -3.250542 3.602609 188 188 188
v 1.451485 -3.148628 3.602609 188 188 188
v 1.331715 -2.888939 3.857448 188 188 188
v 1.562729 -3.389839 3.326629 188 188 188
v 1.298607 -3.499557 3.326629 188 188 188
v 1.383434 -3.728027 3.031129 188 188 188
v 1.451485 -3.148628 3.602609 188 188 188
v 1.688293 -3.028244 3.602609 188 188 188
v 1.548996 -2.778481 3.857448 188 188 188
v 1.817684 -3.260231 3.326629 188 188 188
v 1.562729 -3.389839 3.326629 188 188 188
v 1.664806 -3.611153 3.031129 188 188 188
v 1.688293 -3.028244 3.602609 188 188 188
v 1.915195 -2.890083 3.602609 188 188 188
v 1.757179 -2.651718 3.857448 188 188 188
v 2.061966 -3.111488 3.326629 188 188 188
v 1.817684 -3.260231 3.326629 188 188 188
v 1.936401 -3.473076 3.031129 188 188 188
v 1.915195 -2.890083 3.602609 188 188 188
v 2.130852 -2.734962 3.602609 188 188 188
v 1.955048 -2.509392 3.857448 188 188 188
v 2.294144 -2.944481 3.326629 188 188 188
v 2.061966 -3.111488 3.326629 188 188 188
v 2.196632 -3.314629 3.031129 188 188 188
v 2.130852 -2.734962 3.602609 188 188 188
v 2.333996 -2.563789 3.602609 188 188 188
v 2.141441 -2.352341 3.857448 188 188 188
v 2.512852 -2.760201 3.326629 188 188 188
v 2.294144 -2.944481 3.326629 188 188 188
v 2.443970 -3.136726 3.031129 188 188 188
v 2.333996 -2.563789 3.602609 188 188 188
v 2.523445 -2.377579 3.602609 188 188 188
v 2.315266 -2.181488 3.857448 188 188 188
v 2.716808 -2.559715 3.326629 188 188 188
v 2.512852 -2.760201 3.326629 188 188 188
v 2.676956 -2.940407 3.031129 188 188 188
v 2.523445 -2.377579 3.602609 188 188 188
v 2.698078 -2.177406 3.602609 188 188 188
v 2.475494 -1.997826 3.857448 188 188 188
v 2.856873 -1.964462 3.602609 188 188 188
v 2.698078 -2.177406 3.602609 188 188 188
v 2.904823 -2.344223 3.326629 188 188 188
v 2.904823 -2.344223 3.326629 188 188 188
v 3.075783 -2.114960 3.326629 188 188 188
v 2.856873 -1.964462 3.602609 188 188 188
v 3.228687 -1.873283 3.326629 188 188 188
v 3.075783 -2.114960 3.326629 188 188 188
v 3.276638 -2.253044 3.031129 188 188 188
v 3.276638 -2.253044 3.031129 188 188 188
v 3.439526 -1.995590 3.031129 188 188 188
v 3.228687 -1.873283 3.326629 188 188 188
v 3.630173 -2.106186 2.717839 188 188 188
v 3.458260 -2.377899 2.717839 188 188 188
v 3.619583 -2.488808 2.388600 188 188 188
v 3.439526 -1.995590 3.031129 188 188 188
v 3.582226 -1.726433 3.031129 188 188 188
v 3.362640 -1.620621 3.326629 188 188 188
v 3.780781 -1.822113 2.717839 188 188 188
v 3.630173 -2.106186 2.717839 188 188 188
v 3.799515 -2.204422 2.388600 188 188 188
v 3.582226 -1.726433 3.031129 188 188 188
v 3.703896 -1.447144 3.031129 188 188 188
v 3.476856 -1.358444 3.326629 188 188 188
v 3.909195 -1.527336 2.717839 188 188 188
v 3.780781 -1.822113 2.717839 188 188 188
v 3.957146 -1.907089 2.388600 188 188 188
v 3.703896 -1.447144 3.031129 188 188 188
v 3.803829 -1.159355 3.031129 188 188 188
v 3.570667 -1.088295 3.326629 188 188 188
v 4.014668 -1.223602 2.717839 188 188 188
v 3.909195 -1.527336 2.717839 188 188 188
v 4.091549 -1.598579 2.388600 188 188 188
v 3.803829 -1.159355 3.031129 188 188 188
v 3.881435 -0.864761 3.031129 188 188 188
v 3.643513 -0.811760 3.326629 188 188 188
v 4.096573 -0.912697 2.717839 188 188 188
v 4.014668 -1.223602 2.717839 188 188 188
v 4.201939 -1.280678 2.388600 188 188 188
v 3.881435 -0.864761 3.031129 188 188 188
v 3.936260 -0.565102 3.031129 188 188 188
v 3.694977 -0.530464 3.326629 188 188 188
v 4.154434 -0.596420 2.717839 188 188 188
v 4.096573 -0.912697 2.717839 188 188 188
v 4.287666 -0.955261 2.388600 188 188 188
v 3.936260 -0.565102 3.031129 188 188 188
v 3.967979 -0.262123 3.031129 188 188 188
v 3.724754 -0.246056 3.326629 188 188 188
v 4.187912 -0.276649 2.717839 188 188 188
v 4.154434 -0.596420 2.717839 188 188 188
v 4.348228 -0.624245 2.388600 188 188 188
v 3.976406 0.042404 3.031129 188 188 188
v 3.732670 0.039810 3.326629 188 188 188
v 3.967979 -0.262123 3.031129 188 188 188
v 3.961498 0.346672 3.031129 188 188 188
v 3.718674 0.325432 3.326629 188 188 188
v 3.976406 0.042404 3.031129 188 188 188
v 4.140797 0.684868 2.717839 188 188 188
v 3.923336 0.648911 3.031129 188 188 188
v 4.181072 0.365883 2.717839 188 188 188
v 3.961498 0.346672 3.031129 188 188 188
v 3.682850 0.609146 3.326629 188 188 188
v 3.718674 0.325432 3.326629 188 188 188
v 3.862144 0.947342 3.031129 188 188 188
v 3.625408 0.889290 3.326629 188 188 188
v 3.923336 0.648911 3.031129 188 188 188
v 3.682850 0.609146 3.326629 188 188 188
v 3.367393 0.826019 3.602609 188 188 188
v 3.420746 0.565811 3.602609 188 188 188
v 3.367393 0.826019 3.602609 188 188 188
v 3.294270 1.081383 3.602609 188 188 188
v 3.022518 0.992203 3.857448 188 188 188
v 3.546688 1.164207 3.326629 188 188 188
v 3.625408 0.889290 3.326629 188 188 188
v 3.862144 0.947342 3.031129 188 188 188
v 3.294270 1.081383 3.602609 188 188 188
v 3.201820 1.330391 3.602609 188 188 188
v 2.937691 1.220680 3.857448 188 188 188
v 3.447151 1.432304 3.326629 188 188 188
v 3.546688 1.164207 3.326629 188 188 188
v 3.778286 1.240211 3.031129 188 188 188
v 3.201820 1.330391 3.602609 188 188 188
v 3.090569 1.571602 3.602609 188 188 188
v 2.835613 1.441994 3.857448 188 188 188
v 3.327381 1.691986 3.326629 188 188 188
v 3.447151 1.432304 3.326629 188 188 188
v 3.672253 1.525810 3.031129 188 188 188
v 3.090569 1.571602 3.602609 188 188 188
v 2.961178 1.803589 3.602609 188 188 188
v 2.716896 1.654846 3.857448 188 188 188
v 3.188080 1.941742 3.326629 188 188 188
v 3.327381 1.691986 3.326629 188 188 188
v 3.544659 1.802444 3.031129 188 188 188
v 2.961178 1.803589 3.602609 188 188 188
v 2.814407 2.024994 3.602609 188 188 188
v 2.582230 1.857994 3.857448 188 188 188
v 3.030064 2.180107 3.326629 188 188 188
v 3.188080 1.941742 3.326629 188 188 188
v 3.396263 2.068512 3.031129 188 188 188
v 2.814407 2.024994 3.602609 188 188 188
v 2.651112 2.234505 3.602609 188 188 188
v 2.432404 2.050224 3.857448 188 188 188
v 2.854263 2.405678 3.326629 188 188 188
v 3.030064 2.180107 3.326629 188 188 188
v 3.227932 2.322433 3.031129 188 188 188
v 2.651112 2.234505 3.602609 188 188 188
v 2.472260 2.430916 3.602609 188 188 188
v 2.268299 2.230431 3.857448 188 188 188
v 2.661705 2.617126 3.326629 188 188 188
v 2.854263 2.405678 3.326629 188 188 188
v 3.040653 2.562729 3.031129 188 188 188
v 2.472260 2.430916 3.602609 188 188 188
v 2.278893 2.613052 3.602609 188 188 188
v 2.090881 2.397560 3.857448 188 188 188
v 2.453526 2.813225 3.326629 188 188 188
v 2.661705 2.617126 3.326629 188 188 188
v 2.835526 2.787994 3.031129 188 188 188
v 2.278893 2.613052 3.602609 188 188 188
v 2.072147 2.779869 3.602609 188 188 188
v 1.901188 2.550606 3.857448 188 188 188
v 2.230946 2.992813 3.326629 188 188 188
v 2.453526 2.813225 3.326629 188 188 188
v 2.613758 2.996887 3.031129 188 188 188
v 2.072147 2.779869 3.602609 188 188 188
v 1.853237 2.930367 3.602609 188 188 188
v 1.700333 2.688690 3.857448 188 188 188
v 1.995266 3.154839 3.326629 188 188 188
v 2.230946 2.992813 3.326629 188 188 188
v 2.376644 3.188202 3.031129 188 188 188
v 1.853237 2.930367 3.602609 188 188 188
v 1.623447 3.063660 3.602609 188 188 188
v 1.489494 2.810997 3.857448 188 188 188
v 1.747875 3.298347 3.326629 188 188 188
v 1.995266 3.154839 3.326629 188 188 188
v 2.125580 3.360802 3.031129 188 188 188
v 1.623447 3.063660 3.602609 188 188 188
v 1.384129 3.178986 3.602609 188 188 188
v 1.269913 2.916809 3.857448 188 188 188
v 1.490219 3.422508 3.326629 188 188 188
v 1.747875 3.298347 3.326629 188 188 188
v 1.862034 3.513680 3.031129 188 188 188
v 1.384129 3.178986 3.602609 188 188 188
v 1.136681 3.275642 3.602609 188 188 188
v 1.042873 3.005493 3.857448 188 188 188
v 1.223816 3.526573 3.326629 188 188 188
v 1.490219 3.422508 3.326629 188 188 188
v 1.587559 3.645935 3.031129 188 188 188
v 1.136681 3.275642 3.602609 188 188 188
v 0.882557 3.353088 3.602609 188 188 188
v 0.809708 3.076553 3.857448 188 188 188
v 0.950222 3.609947 3.326629 188 188 188
v 1.223816 3.526573 3.326629 188 188 188
v 1.303761 3.756805 3.031129 188 188 188
v 0.882557 3.353088 3.602609 188 188 188
v 0.623253 3.410851 3.602609 188 188 188
v 0.571789 3.129555 3.857448 188 188 188
v 0.671055 3.672134 3.326629 188 188 188
v 0.950222 3.609947 3.326629 188 188 188
v 1.012310 3.845627 3.031129 188 188 188
v 0.623253 3.410851 3.602609 188 188 188
v 0.360287 3.448608 3.602609 188 188 188
v 0.330509 3.164200 3.857448 188 188 188
v 0.387939 3.712784 3.326629 188 188 188
v 0.671055 3.672134 3.326629 188 188 188
v 0.714912 3.911873 3.031129 188 188 188
v 0.360287 3.448608 3.602609 188 188 188
v 0.095200 3.466118 3.602609 188 188 188
v 0.087284 3.180267 3.857448 188 188 188
v 0.102547 3.731636 3.326629 188 188 188
v 0.387939 3.712784 3.326629 188 188 188
v 0.413319 3.955177 3.031129 188 188 188
v 0.095200 3.466118 3.602609 188 188 188
v -0.170452 3.463295 3.602609 188 188 188
v -0.156456 3.177673 3.857448 188 188 188
v -0.183453 3.728592 3.326629 188 188 188
v 0.102547 3.731636 3.326629 188 188 188
v 0.109291 3.975258 3.031129 188 188 188
v -0.170452 3.463295 3.602609 188 188 188
v -0.435104 3.440147 3.602609 188 188 188
v -0.399284 3.156433 3.857448 188 188 188
v -0.468380 3.703674 3.326629 188 188 188
v -0.183453 3.728592 3.326629 188 188 188
v -0.195381 3.972015 3.031129 188 188 188
v -0.435104 3.440147 3.602609 188 188 188
v -0.697212 3.396805 3.602609 188 188 188
v -0.639771 3.116661 3.857448 188 188 188
v -0.750561 3.657013 3.326629 188 188 188
v -0.468380 3.703674 3.326629 188 188 188
v -0.498909 3.945465 3.031129 188 188 188
v -0.697212 3.396805 3.602609 188 188 188
v -0.955231 3.333534 3.602609 188 188 188
v -0.876511 3.058617 3.857448 188 188 188
v -1.207645 3.250702 3.602609 188 188 188
v -0.955231 3.333534 3.602609 188 188 188
v -1.028347 3.588898 3.326629 188 188 188
v -1.028347 3.588898 3.326629 188 188 188
v -1.300102 3.499718 3.326629 188 188 188
v -1.207645 3.250702 3.602609 188 188 188
v -1.564232 3.389999 3.326629 188 188 188
v -1.300102 3.499718 3.326629 188 188 188
v -1.384930 3.728195 3.031129 188 188 188
v -1.384930 3.728195 3.031129 188 188 188
v -1.666302 3.611313 3.031129 188 188 188
v -1.564232 3.389999 3.326629 188 188 188
v -1.758602 3.811440 2.717839 188 188 188
v -1.461636 3.934799 2.717839 188 188 188
v -1.529770 4.118301 2.388600 188 188 188
v -1.666302 3.611313 3.031129 188 188 188
v -1.937901 3.473244 3.031129 188 188 188
v -1.819180 3.260391 3.326629 188 188 188
v -2.045254 3.665710 2.717839 188 188 188
v -1.758602 3.811440 2.717839 188 188 188
v -1.840584 3.989197 2.388600 188 188 188
v -1.937901 3.473244 3.031129 188 188 188
v -2.198132 3.314796 3.031129 188 188 188
v -2.063465 3.111649 3.326629 188 188 188
v -2.319901 3.498482 2.717839 188 188 188
v -2.045254 3.665710 2.717839 188 188 188
v -2.140602 3.836678 2.388600 188 188 188
v -2.198132 3.314796 3.031129 188 188 188
v -2.445465 3.136887 3.031129 188 188 188
v -2.295639 2.944649 3.326629 188 188 188
v -2.580944 3.310722 2.717839 188 188 188
v -2.319901 3.498482 2.717839 188 188 188
v -2.428062 3.661636 2.388600 188 188 188
v -2.445465 3.136887 3.031129 188 188 188
v -2.678452 2.940575 3.031129 188 188 188
v -2.514347 2.760361 3.326629 188 188 188
v -2.826843 3.103523 2.717839 188 188 188
v -2.580944 3.310722 2.717839 188 188 188
v -2.701279 3.465118 2.388600 188 188 188
v -2.678452 2.940575 3.031129 188 188 188
v -2.895725 2.727005 3.031129 188 188 188
v -2.718307 2.559883 3.326629 188 188 188
v -3.056156 2.878120 2.717839 188 188 188
v -2.826843 3.103523 2.717839 188 188 188
v -2.958649 3.248260 2.388600 188 188 188
v -2.895725 2.727005 3.031129 188 188 188
v -3.096012 2.497429 3.031129 188 188 188
v -2.906319 2.344383 3.326629 188 188 188
v -3.267544 2.635834 2.717839 188 188 188
v -3.056156 2.878120 2.717839 188 188 188
v -3.198654 3.012344 2.388600 188 188 188
v -3.096012 2.497429 3.031129 188 188 188
v -3.278133 2.253212 3.031129 188 188 188
v -3.077278 2.115128 3.326629 188 188 188
v -3.459755 2.378067 2.717839 188 188 188
v -3.267544 2.635834 2.717839 188 188 188
v -3.419903 2.758751 2.388600 188 188 188
v -3.278133 2.253212 3.031129 188 188 188
v -3.441021 1.995758 3.031129 188 188 188
v -3.230183 1.873451 3.326629 188 188 188
v -3.631672 2.106346 2.717839 188 188 188
v -3.459755 2.378067 2.717839 188 188 188
v -3.621078 2.488968 2.388600 188 188 188
v -3.441021 1.995758 3.031129 188 188 188
v -3.583721 1.726601 3.031129 188 188 188
v -3.364136 1.620789 3.326629 188 188 188
v -3.782280 1.822273 2.717839 188 188 188
v -3.631672 2.106346 2.717839 188 188 188
v -3.801010 2.204582 2.388600 188 188 188
v -3.583721 1.726601 3.031129 188 188 188
v -3.705395 1.447296 3.031129 188 188 188
v -3.478352 1.358612 3.326629 188 188 188
v -3.910690 1.527504 2.717839 188 188 188
v -3.782280 1.822273 2.717839 188 188 188
v -3.958641 1.907257 2.388600 188 188 188
v -3.705395 1.447296 3.031129 188 188 188
v -3.805325 1.159515 3.031129 188 188 188
v -3.572163 1.088463 3.326629 188 188 188
v -4.016163 1.223770 2.717839 188 188 188
v -3.910690 1.527504 2.717839 188 188 188
v -4.093044 1.598740 2.388600 188 188 188
v -3.805325 1.159515 3.031129 188 188 188
v -3.882931 0.864929 3.031129 188 188 188
v -3.645012 0.811920 3.326629 188 188 188
v -4.098072 0.912849 2.717839 188 188 188
v -4.016163 1.223770 2.717839 188 188 188
v -4.203438 1.280838 2.388600 188 188 188
v -3.882931 0.864929 3.031129 188 188 188
v -3.937756 0.565269 3.031129 188 188 188
v -3.696472 0.530624 3.326629 188 188 188
v -4.155930 0.596588 2.717839 188 188 188
v -4.098072 0.912849 2.717839 188 188 188
v -4.289162 0.955429 2.388600 188 188 188
v -3.937756 0.565269 3.031129 188 188 188
v -3.969475 0.262276 3.031129 188 188 188
v -3.726250 0.246208 3.326629 188 188 188
v -4.189407 0.276810 2.717839 188 188 188
v -4.155930 0.596588 2.717839 188 188 188
v -4.349724 0.624405 2.388600 188 188 188
v -3.969475 0.262276 3.031129 188 188 188
v -3.977901 -0.042236 3.031129 188 188 188
v -3.734165 -0.039642 3.326629 188 188 188
v -4.198307 -0.044586 2.717839 188 188 188
v -4.189407 0.276810 2.717839 188 188 188
v -4.384762 0.289711 2.388600 188 188 188
v -3.977901 -0.042236 3.031129 188 188 188
v -3.962997 -0.346504 3.031129 188 188 188
v -3.720169 -0.325264 3.326629 188 188 188
v -4.182571 -0.365723 2.717839 188 188 188
v -4.198307 -0.044586 2.717839 188 188 188
v -4.394073 -0.046669 2.388600 188 188 188
v -3.962997 -0.346504 3.031129 188 188 188
v -3.924831 -0.648750 3.031129 188 188 188
v -3.684345 -0.608978 3.326629 188 188 188
v -4.142292 -0.684708 2.717839 188 188 188
v -4.182571 -0.365723 2.717839 188 188 188
v -4.377605 -0.382782 2.388600 188 188 188
v -3.924831 -0.648750 3.031129 188 188 188
v -3.863644 -0.947182 3.031129 188 188 188
v -3.626904 -0.889130 3.326629 188 188 188
v -4.077713 -0.999672 2.717839 188 188 188
v -4.142292 -0.684708 2.717839 188 188 188
v -4.335449 -0.716637 2.388600 188 188 188
v -3.863644 -0.947182 3.031129 188 188 188
v -3.779785 -1.240051 3.031129 188 188 188
v -3.548187 -1.164047 3.326629 188 188 188
v -3.989204 -1.308777 2.717839 188 188 188
v -4.077713 -0.999672 2.717839 188 188 188
v -4.267857 -1.046303 2.388600 188 188 188
v -3.779785 -1.240051 3.031129 188 188 188
v -3.673748 -1.525642 3.031129 188 188 188
v -3.448647 -1.432144 3.326629 188 188 188
v -3.877293 -1.610191 2.717839 188 188 188
v -3.989204 -1.308777 2.717839 188 188 188
v -4.175220 -1.369812 2.388600 188 188 188
v -3.673748 -1.525642 3.031129 188 188 188
v -3.546154 -1.802284 3.031129 188 188 188
v -3.328876 -1.691826 3.326629 188 188 188
v -3.742630 -1.902161 2.717839 188 188 188
v -3.877293 -1.610191 2.717839 188 188 188
v -4.058090 -1.685295 2.388600 188 188 188
v -3.546154 -1.802284 3.031129 188 188 188
v -3.397758 -2.068352 3.031129 188 188 188
v -3.189575 -1.941589 3.326629 188 188 188
v -3.586014 -2.182976 2.717839 188 188 188
v -3.742630 -1.902161 2.717839 188 188 188
v -3.917149 -1.990883 2.388600 188 188 188
v -3.397758 -2.068352 3.031129 188 188 188
v -3.229427 -2.322273 3.031129 188 188 188
v -3.031559 -2.179947 3.326629 188 188 188
v -3.408352 -2.450974 2.717839 188 188 188
v -3.586014 -2.182976 2.717839 188 188 188
v -3.753223 -2.284782 2.388600 188 188 188
v -3.229427 -2.322273 3.031129 188 188 188
v -3.042152 -2.562569 3.031129 188 188 188
v -2.855759 -2.405518 3.326629 188 188 188
v -3.210693 -2.704582 2.717839 188 188 188
v -3.408352 -2.450974 2.717839 188 188 188
v -3.567280 -2.565277 2.388600 188 188 188
v -3.042152 -2.562569 3.031129 188 188 188
v -2.837025 -2.787827 3.031129 188 188 188
v -2.663204 -2.616966 3.326629 188 188 188
v -2.994202 -2.942322 2.717839 188 188 188
v -3.210693 -2.704582 2.717839 188 188 188
v -3.360401 -2.830727 2.388600 188 188 188
v -2.837025 -2.787827 3.031129 188 188 188
v -2.615253 -2.996727 3.031129 188 188 188
v -2.455021 -2.813065 3.326629 188 188 188
v -2.760139 -3.162796 2.717839 188 188 188
v -2.994202 -2.942322 2.717839 188 188 188
v -3.133808 -3.079552 2.388600 188 188 188
v -2.615253 -2.996727 3.031129 188 188 188
v -2.378139 -3.188034 3.031129 188 188 188
v -2.232441 -2.992653 3.326629 188 188 188
v -2.509888 -3.364716 2.717839 188 188 188
v -2.760139 -3.162796 2.717839 188 188 188
v -2.888836 -3.310310 2.388600 188 188 188
v -2.378139 -3.188034 3.031129 188 188 188
v -2.127075 -3.360641 3.031129 188 188 188
v -1.996761 -3.154671 3.326629 188 188 188
v -2.244907 -3.546875 2.717839 188 188 188
v -2.509888 -3.364716 2.717839 188 188 188
v -2.626911 -3.521637 2.388600 188 188 188
v -2.127075 -3.360641 3.031129 188 188 188
v -1.863529 -3.513519 3.031129 188 188 188
v -1.749371 -3.298180 3.326629 188 188 188
v -1.966759 -3.708229 2.717839 188 188 188
v -2.244907 -3.546875 2.717839 188 188 188
v -2.349571 -3.712296 2.388600 188 188 188
v -1.863529 -3.513519 3.031129 188 188 188
v -1.589054 -3.645775 3.031129 188 188 188
v -1.491714 -3.422340 3.326629 188 188 188
v -1.677071 -3.847816 2.717839 188 188 188
v -1.966759 -3.708229 2.717839 188 188 188
v -2.058449 -3.881180 2.388600 188 188 188
v -1.589054 -3.645775 3.031129 188 188 188
v -1.305260 -3.756645 3.031129 188 188 188
v -1.225311 -3.526413 3.326629 188 188 188
v -1.377548 -3.964821 2.717839 188 188 188
v -1.677071 -3.847816 2.717839 188 188 188
v -1.755253 -4.027283 2.388600 188 188 188
v -1.305260 -3.756645 3.031129 188 188 188
v -1.013805 -3.845459 3.031129 188 188 188
v -0.951721 -3.609779 3.326629 188 188 188
v -1.069950 -4.058571 2.717839 188 188 188
v -1.377548 -3.964821 2.717839 188 188 188
v -1.441761 -4.149750 2.388600 188 188 188
v -1.013805 -3.845459 3.031129 188 188 188
v -0.716408 -3.911713 3.031129 188 188 188
v -0.672550 -3.671974 3.326629 188 188 188
v -0.756069 -4.128487 2.717839 188 188 188
v -1.069950 -4.058571 2.717839 188 188 188
v -1.119816 -4.247856 2.388600 188 188 188
v -0.716408 -3.911713 3.031129 188 188 188
v -0.414814 -3.955009 3.031129 188 188 188
v -0.389439 -3.712616 3.326629 188 188 188
v -0.437759 -4.174187 2.717839 188 188 188
v -0.756069 -4.128487 2.717839 188 188 188
v -0.791298 -4.321045 2.388600 188 188 188
v -0.414814 -3.955009 3.031129 188 188 188
v -0.110790 -3.975090 3.031129 188 188 188
v -0.104042 -3.731468 3.326629 188 188 188
v -0.116886 -4.195389 2.717839 188 188 188
v -0.437759 -4.174187 2.717839 188 188 188
v -0.458141 -4.368866 2.388600 188 188 188
v -0.110790 -3.975090 3.031129 188 188 188
v 0.193886 -3.971848 3.031129 188 188 188
v 0.181957 -3.728432 3.326629 188 188 188
v 0.204670 -4.191963 2.717839 188 188 188
v -0.116886 -4.195389 2.717839 188 188 188
v -0.122299 -4.391060 2.388600 188 188 188
v 0.193886 -3.971848 3.031129 188 188 188
v 0.497414 -3.945297 3.031129 188 188 188
v 0.466885 -3.703506 3.326629 188 188 188
v 0.525021 -4.163940 2.717839 188 188 188
v 0.204670 -4.191963 2.717839 188 188 188
v 0.214252 -4.387474 2.388600 188 188 188
v 0.497414 -3.945297 3.031129 188 188 188
v 0.798019 -3.895599 3.031129 188 188 188
v 0.749065 -3.656853 3.326629 188 188 188
v 0.842285 -4.111481 2.717839 188 188 188
v 0.525021 -4.163940 2.717839 188 188 188
v 0.549541 -4.358147 2.388600 188 188 188
v 0.798019 -3.895599 3.031129 188 188 188
v 1.093937 -3.823029 3.031129 188 188 188
v 1.026852 -3.588730 3.326629 188 188 188
v 1.154602 -4.034897 2.717839 188 188 188
v 0.842285 -4.111481 2.717839 188 188 188
v 0.881603 -4.303246 2.388600 188 188 188
v 1.093937 -3.823029 3.031129 188 188 188
v 1.383434 -3.728027 3.031129 188 188 188
v 1.298607 -3.499557 3.326629 188 188 188
v 1.460140 -3.934631 2.717839 188 188 188
v 1.154602 -4.034897 2.717839 188 188 188
v 1.208488 -4.223083 2.388600 188 188 188
v 1.383434 -3.728027 3.031129 188 188 188
v 1.664806 -3.611153 3.031129 188 188 188
v 1.562729 -3.389839 3.326629 188 188 188
v 1.757103 -3.811272 2.717839 188 188 188
v 1.460140 -3.934631 2.717839 188 188 188
v 1.528275 -4.118134 2.388600 188 188 188
v 1.664806 -3.611153 3.031129 188 188 188
v 1.936401 -3.473076 3.031129 188 188 188
v 1.817684 -3.260231 3.326629 188 188 188
v 2.043755 -3.665550 2.717839 188 188 188
v 1.757103 -3.811272 2.717839 188 188 188
v 1.839088 -3.989029 2.388600 188 188 188
v 1.936401 -3.473076 3.031129 188 188 188
v 2.196632 -3.314629 3.031129 188 188 188
v 2.061966 -3.111488 3.326629 188 188 188
v 2.318405 -3.498322 2.717839 188 188 188
v 2.043755 -3.665550 2.717839 188 188 188
v 2.139107 -3.836510 2.388600 188 188 188
v 2.196632 -3.314629 3.031129 188 188 188
v 2.443970 -3.136726 3.031129 188 188 188
v 2.294144 -2.944481 3.326629 188 188 188
v 2.579445 -3.310555 2.717839 188 188 188
v 2.318405 -3.498322 2.717839 188 188 188
v 2.426567 -3.661476 2.388600 188 188 188
v 2.443970 -3.136726 3.031129 188 188 188
v 2.676956 -2.940407 3.031129 188 188 188
v 2.512852 -2.760201 3.326629 188 188 188
v 2.825348 -3.103363 2.717839 188 188 188
v 2.579445 -3.310555 2.717839 188 188 188
v 2.699783 -3.464958 2.388600 188 188 188
v 2.676956 -2.940407 3.031129 188 188 188
v 2.894230 -2.726845 3.031129 188 188 188
v 2.716808 -2.559715 3.326629 188 188 188
v 3.094517 -2.497269 3.031129 188 188 188
v 2.894230 -2.726845 3.031129 188 188 188
v 3.054661 -2.877960 2.717839 188 188 188
v 3.054661 -2.877960 2.717839 188 188 188
v 3.266045 -2.635666 2.717839 188 188 188
v 3.094517 -2.497269 3.031129 188 188 188
v 3.458260 -2.377899 2.717839 188 188 188
v 3.266045 -2.635666 2.717839 188 188 188
v 3.418404 -2.758591 2.388600 188 188 188
v 3.418404 -2.758591 2.388600 188 188 188
v 3.619583 -2.488808 2.388600 188 188 188
v 3.458260 -2.377899 2.717839 188 188 188
v 3.759659 -2.585114 2.045344 188 188 188
v 3.550697 -2.865334 2.045344 188 188 188
v 3.662148 -2.955254 1.690085 188 188 188
v 3.619583 -2.488808 2.388600 188 188 188
v 3.799515 -2.204422 2.388600 188 188 188
v 3.630173 -2.106186 2.717839 188 188 188
v 3.946556 -2.289711 2.045344 188 188 188
v 3.759659 -2.585114 2.045344 188 188 188
v 3.877666 -2.666237 1.690085 188 188 188
v 3.799515 -2.204422 2.388600 188 188 188
v 3.957146 -1.907089 2.388600 188 188 188
v 3.780781 -1.822113 2.717839 188 188 188
v 4.110283 -1.980888 2.045344 188 188 188
v 3.946556 -2.289711 2.045344 188 188 188
v 4.070431 -2.361580 1.690085 188 188 188
v 3.957146 -1.907089 2.388600 188 188 188
v 4.091549 -1.598579 2.388600 188 188 188
v 3.909195 -1.527336 2.717839 188 188 188
v 4.249889 -1.660439 2.045344 188 188 188
v 4.110283 -1.980888 2.045344 188 188 188
v 4.239296 -2.043053 1.690085 188 188 188
v 4.091549 -1.598579 2.388600 188 188 188
v 4.201939 -1.280678 2.388600 188 188 188
v 4.014668 -1.223602 2.717839 188 188 188
v 4.364552 -1.330231 2.045344 188 188 188
v 4.249889 -1.660439 2.045344 188 188 188
v 4.383286 -1.712540 1.690085 188 188 188
v 4.201939 -1.280678 2.388600 188 188 188
v 4.287666 -0.955261 2.388600 188 188 188
v 4.096573 -0.912697 2.717839 188 188 188
v 4.453594 -0.992226 2.045344 188 188 188
v 4.364552 -1.330231 2.045344 188 188 188
v 4.501541 -1.371979 1.690085 188 188 188
v 4.287666 -0.955261 2.388600 188 188 188
v 4.348228 -0.624245 2.388600 188 188 188
v 4.154434 -0.596420 2.717839 188 188 188
v 4.516499 -0.648399 2.045344 188 188 188
v 4.453594 -0.992226 2.045344 188 188 188
v 4.593384 -1.023369 1.690085 188 188 188
v 4.348228 -0.624245 2.388600 188 188 188
v 4.383266 -0.289558 2.388600 188 188 188
v 4.187912 -0.276649 2.717839 188 188 188
v 4.552891 -0.300758 2.045344 188 188 188
v 4.516499 -0.648399 2.045344 188 188 188
v 4.658260 -0.668747 1.690085 188 188 188
v 4.392578 0.046837 2.388600 188 188 188
v 4.196812 0.044746 2.717839 188 188 188
v 4.383266 -0.289558 2.388600 188 188 188
v 4.688126 0.410233 1.690085 188 188 188
v 4.545456 0.397751 2.045344 188 188 188
v 4.705769 0.050163 1.690085 188 188 188
v 4.562565 0.048645 2.045344 188 188 188
v 4.376110 0.382942 2.388600 188 188 188
v 4.392578 0.046837 2.388600 188 188 188
v 4.501671 0.744537 2.045344 188 188 188
v 4.333954 0.716805 2.388600 188 188 188
v 4.545456 0.397751 2.045344 188 188 188
v 4.376110 0.382942 2.388600 188 188 188
v 4.140797 0.684868 2.717839 188 188 188
v 4.181072 0.365883 2.717839 188 188 188
v 4.266361 1.046463 2.388600 188 188 188
v 4.076214 0.999840 2.717839 188 188 188
v 4.333954 0.716805 2.388600 188 188 188
v 4.140797 0.684868 2.717839 188 188 188
v 3.862144 0.947342 3.031129 188 188 188
v 3.923336 0.648911 3.031129 188 188 188
v 3.862144 0.947342 3.031129 188 188 188
v 3.778286 1.240211 3.031129 188 188 188
v 3.546688 1.164207 3.326629 188 188 188
v 3.987709 1.308937 2.717839 188 188 188
v 4.076214 0.999840 2.717839 188 188 188
v 4.266361 1.046463 2.388600 188 188 188
v 3.778286 1.240211 3.031129 188 188 188
v 3.672253 1.525810 3.031129 188 188 188
v 3.447151 1.432304 3.326629 188 188 188
v 3.875797 1.610359 2.717839 188 188 188
v 3.987709 1.308937 2.717839 188 188 188
v 4.173725 1.369980 2.388600 188 188 188
v 3.672253 1.525810 3.031129 188 188 188
v 3.544659 1.802444 3.031129 188 188 188
v 3.327381 1.691986 3.326629 188 188 188
v 3.741135 1.902328 2.717839 188 188 188
v 3.875797 1.610359 2.717839 188 188 188
v 4.056591 1.685455 2.388600 188 188 188
v 3.544659 1.802444 3.031129 188 188 188
v 3.396263 2.068512 3.031129 188 188 188
v 3.188080 1.941742 3.326629 188 188 188
v 3.584518 2.183136 2.717839 188 188 188
v 3.741135 1.902328 2.717839 188 188 188
v 3.915653 1.991051 2.388600 188 188 188
v 3.396263 2.068512 3.031129 188 188 188
v 3.227932 2.322433 3.031129 188 188 188
v 3.030064 2.180107 3.326629 188 188 188
v 3.406857 2.451134 2.717839 188 188 188
v 3.584518 2.183136 2.717839 188 188 188
v 3.751728 2.284950 2.388600 188 188 188
v 3.227932 2.322433 3.031129 188 188 188
v 3.040653 2.562729 3.031129 188 188 188
v 2.854263 2.405678 3.326629 188 188 188
v 3.209198 2.704742 2.717839 188 188 188
v 3.406857 2.451134 2.717839 188 188 188
v 3.565784 2.565445 2.388600 188 188 188
v 3.040653 2.562729 3.031129 188 188 188
v 2.835526 2.787994 3.031129 188 188 188
v 2.661705 2.617126 3.326629 188 188 188
v 2.992706 2.942490 2.717839 188 188 188
v 3.209198 2.704742 2.717839 188 188 188
v 3.358906 2.830887 2.388600 188 188 188
v 2.835526 2.787994 3.031129 188 188 188
v 2.613758 2.996887 3.031129 188 188 188
v 2.453526 2.813225 3.326629 188 188 188
v 2.758644 3.162964 2.717839 188 188 188
v 2.992706 2.942490 2.717839 188 188 188
v 3.132313 3.079720 2.388600 188 188 188
v 2.613758 2.996887 3.031129 188 188 188
v 2.376644 3.188202 3.031129 188 188 188
v 2.230946 2.992813 3.326629 188 188 188
v 2.508392 3.364868 2.717839 188 188 188
v 2.758644 3.162964 2.717839 188 188 188
v 2.887341 3.310471 2.388600 188 188 188
v 2.376644 3.188202 3.031129 188 188 188
v 2.125580 3.360802 3.031129 188 188 188
v 1.995266 3.154839 3.326629 188 188 188
v 2.243412 3.547043 2.717839 188 188 188
v 2.508392 3.364868 2.717839 188 188 188
v 2.625412 3.521797 2.388600 188 188 188
v 2.125580 3.360802 3.031129 188 188 188
v 1.862034 3.513680 3.031129 188 188 188
v 1.747875 3.298347 3.326629 188 188 188
v 1.965263 3.708389 2.717839 188 188 188
v 2.243412 3.547043 2.717839 188 188 188
v 2.348076 3.712463 2.388600 188 188 188
v 1.862034 3.513680 3.031129 188 188 188
v 1.587559 3.645935 3.031129 188 188 188
v 1.490219 3.422508 3.326629 188 188 188
v 1.675575 3.847984 2.717839 188 188 188
v 1.965263 3.708389 2.717839 188 188 188
v 2.056953 3.881340 2.388600 188 188 188
v 1.587559 3.645935 3.031129 188 188 188
v 1.303761 3.756805 3.031129 188 188 188
v 1.223816 3.526573 3.326629 188 188 188
v 1.376053 3.964989 2.717839 188 188 188
v 1.675575 3.847984 2.717839 188 188 188
v 1.753757 4.027443 2.388600 188 188 188
v 1.303761 3.756805 3.031129 188 188 188
v 1.012310 3.845627 3.031129 188 188 188
v 0.950222 3.609947 3.326629 188 188 188
v 1.068451 4.058723 2.717839 188 188 188
v 1.376053 3.964989 2.717839 188 188 188
v 1.440266 4.149902 2.388600 188 188 188
v 1.012310 3.845627 3.031129 188 188 188
v 0.714912 3.911873 3.031129 188 188 188
v 0.671055 3.672134 3.326629 188 188 188
v 0.754574 4.128654 2.717839 188 188 188
v 1.068451 4.058723 2.717839 188 188 188
v 1.118317 4.248024 2.388600 188 188 188
v 0.714912 3.911873 3.031129 188 188 188
v 0.413319 3.955177 3.031129 188 188 188
v 0.387939 3.712784 3.326629 188 188 188
v 0.436264 4.174347 2.717839 188 188 188
v 0.754574 4.128654 2.717839 188 188 188
v 0.789803 4.321198 2.388600 188 188 188
v 0.413319 3.955177 3.031129 188 188 188
v 0.109291 3.975258 3.031129 188 188 188
v 0.102547 3.731636 3.326629 188 188 188
v 0.115391 4.195549 2.717839 188 188 188
v 0.436264 4.174347 2.717839 188 188 188
v 0.456646 4.369034 2.388600 188 188 188
v 0.109291 3.975258 3.031129 188 188 188
v -0.195381 3.972015 3.031129 188 188 188
v -0.183453 3.728592 3.326629 188 188 188
v -0.206165 4.192123 2.717839 188 188 188
v 0.115391 4.195549 2.717839 188 188 188
v 0.120804 4.391220 2.388600 188 188 188
v -0.195381 3.972015 3.031129 188 188 188
v -0.498909 3.945465 3.031129 188 188 188
v -0.468380 3.703674 3.326629 188 188 188
v -0.526516 4.164101 2.717839 188 188 188
v -0.206165 4.192123 2.717839 188 188 188
v -0.215748 4.387634 2.388600 188 188 188
v -0.498909 3.945465 3.031129 188 188 188
v -0.799515 3.895760 3.031129 188 188 188
v -0.750561 3.657013 3.326629 188 188 188
v -1.095436 3.823196 3.031129 188 188 188
v -0.799515 3.895760 3.031129 188 188 188
v -0.843781 4.111649 2.717839 188 188 188
v -0.843781 4.111649 2.717839 188 188 188
v -1.156101 4.035057 2.717839 188 188 188
v -1.095436 3.823196 3.031129 188 188 188
v -1.461636 3.934799 2.717839 188 188 188
v -1.156101 4.035057 2.717839 188 188 188
v -1.209984 4.223244 2.388600 188 188 188
v -1.209984 4.223244 2.388600 188 188 188
v -1.529770 4.118301 2.388600 188 188 188
v -1.461636 3.934799 2.717839 188 188 188
v -1.588932 4.277641 2.045344 188 188 188
v -1.256771 4.386650 2.045344 188 188 188
v -1.296188 4.524307 1.690085 188 188 188
v -1.529770 4.118301 2.388600 188 188 188
v -1.840584 3.989197 2.388600 188 188 188
v -1.758602 3.811440 2.717839 188 188 188
v -1.911774 4.143539 2.045344 188 188 188
v -1.588932 4.277641 2.045344 188 188 188
v -1.638771 4.411880 1.690085 188 188 188
v -1.840584 3.989197 2.388600 188 188 188
v -2.140602 3.836678 2.388600 188 188 188
v -2.045254 3.665710 2.717839 188 188 188
v -2.223396 3.985123 2.045344 188 188 188
v -1.911774 4.143539 2.045344 188 188 188
v -1.971745 4.273575 1.690085 188 188 188
v -2.140602 3.836678 2.388600 188 188 188
v -2.428062 3.661636 2.388600 188 188 188
v -2.319901 3.498482 2.717839 188 188 188
v -2.521980 3.803314 2.045344 188 188 188
v -2.223396 3.985123 2.045344 188 188 188
v -2.293152 4.110184 1.690085 188 188 188
v -2.428062 3.661636 2.388600 188 188 188
v -2.701279 3.465118 2.388600 188 188 188
v -2.580944 3.310722 2.717839 188 188 188
v -2.805771 3.599190 2.045344 188 188 188
v -2.521980 3.803314 2.045344 188 188 188
v -2.601101 3.922668 1.690085 188 188 188
v -2.701279 3.465118 2.388600 188 188 188
v -2.958649 3.248260 2.388600 188 188 188
v -2.826843 3.103523 2.717839 188 188 188
v -3.073093 3.373940 2.045344 188 188 188
v -2.805771 3.599190 2.045344 188 188 188
v -2.893795 3.712143 1.690085 188 188 188
v -2.958649 3.248260 2.388600 188 188 188
v -3.198654 3.012344 2.388600 188 188 188
v -3.056156 2.878120 2.717839 188 188 188
v -3.322392 3.128899 2.045344 188 188 188
v -3.073093 3.373940 2.045344 188 188 188
v -3.169514 3.479820 1.690085 188 188 188
v -3.198654 3.012344 2.388600 188 188 188
v -3.419903 2.758751 2.388600 188 188 188
v -3.267544 2.635834 2.717839 188 188 188
v -3.552197 2.865494 2.045344 188 188 188
v -3.322392 3.128899 2.045344 188 188 188
v -3.426632 3.227089 1.690085 188 188 188
v -3.419903 2.758751 2.388600 188 188 188
v -3.621078 2.488968 2.388600 188 188 188
v -3.459755 2.378067 2.717839 188 188 188
v -3.761154 2.585274 2.045344 188 188 188
v -3.552197 2.865494 2.045344 188 188 188
v -3.663643 2.955414 1.690085 188 188 188
v -3.621078 2.488968 2.388600 188 188 188
v -3.801010 2.204582 2.388600 188 188 188
v -3.631672 2.106346 2.717839 188 188 188
v -3.948051 2.289879 2.045344 188 188 188
v -3.761154 2.585274 2.045344 188 188 188
v -3.879169 2.666405 1.690085 188 188 188
v -3.801010 2.204582 2.388600 188 188 188
v -3.958641 1.907257 2.388600 188 188 188
v -3.782280 1.822273 2.717839 188 188 188
v -4.111782 1.981049 2.045344 188 188 188
v -3.948051 2.289879 2.045344 188 188 188
v -4.071926 2.361732 1.690085 188 188 188
v -3.958641 1.907257 2.388600 188 188 188
v -4.093044 1.598740 2.388600 188 188 188
v -3.910690 1.527504 2.717839 188 188 188
v -4.251385 1.660599 2.045344 188 188 188
v -4.111782 1.981049 2.045344 188 188 188
v -4.240791 2.043221 1.690085 188 188 188
v -4.093044 1.598740 2.388600 188 188 188
v -4.203438 1.280838 2.388600 188 188 188
v -4.016163 1.223770 2.717839 188 188 188
v -4.366047 1.330391 2.045344 188 188 188
v -4.251385 1.660599 2.045344 188 188 188
v -4.384781 1.712700 1.690085 188 188 188
v -4.203438 1.280838 2.388600 188 188 188
v -4.289162 0.955429 2.388600 188 188 188
v -4.098072 0.912849 2.717839 188 188 188
v -4.455090 0.992393 2.045344 188 188 188
v -4.366047 1.330391 2.045344 188 188 188
v -4.503040 1.372147 1.690085 188 188 188
v -4.289162 0.955429 2.388600 188 188 188
v -4.349724 0.624405 2.388600 188 188 188
v -4.155930 0.596588 2.717839 188 188 188
v -4.517994 0.648560 2.045344 188 188 188
v -4.455090 0.992393 2.045344 188 188 188
v -4.594879 1.023529 1.690085 188 188 188
v -4.349724 0.624405 2.388600 188 188 188
v -4.384762 0.289711 2.388600 188 188 188
v -4.189407 0.276810 2.717839 188 188 188
v -4.554386 0.300926 2.045344 188 188 188
v -4.517994 0.648560 2.045344 188 188 188
v -4.659756 0.668907 1.690085 188 188 188
v -4.384762 0.289711 2.388600 188 188 188
v -4.394073 -0.046669 2.388600 188 188 188
v -4.198307 -0.044586 2.717839 188 188 188
v -4.564060 -0.048477 2.045344 188 188 188
v -4.554386 0.300926 2.045344 188 188 188
v -4.697292 0.310371 1.690085 188 188 188
v -4.394073 -0.046669 2.388600 188 188 188
v -4.377605 -0.382782 2.388600 188 188 188
v -4.182571 -0.365723 2.717839 188 188 188
v -4.546955 -0.397591 2.045344 188 188 188
v -4.564060 -0.048477 2.045344 188 188 188
v -4.707268 -0.049995 1.690085 188 188 188
v -4.377605 -0.382782 2.388600 188 188 188
v -4.335449 -0.716637 2.388600 188 188 188
v -4.142292 -0.684708 2.717839 188 188 188
v -4.503166 -0.744370 2.045344 188 188 188
v -4.546955 -0.397591 2.045344 188 188 188
v -4.689625 -0.410072 1.690085 188 188 188
v -4.335449 -0.716637 2.388600 188 188 188
v -4.267857 -1.046303 2.388600 188 188 188
v -4.077713 -0.999672 2.717839 188 188 188
v -4.432957 -1.086784 2.045344 188 188 188
v -4.503166 -0.744370 2.045344 188 188 188
v -4.644463 -0.767738 1.690085 188 188 188
v -4.267857 -1.046303 2.388600 188 188 188
v -4.175220 -1.369812 2.388600 188 188 188
v -3.989204 -1.308777 2.717839 188 188 188
v -4.336739 -1.422821 2.045344 188 188 188
v -4.432957 -1.086784 2.045344 188 188 188
v -4.572048 -1.120895 1.690085 188 188 188
v -4.175220 -1.369812 2.388600 188 188 188
v -4.058090 -1.685295 2.388600 188 188 188
v -3.877293 -1.610191 2.717839 188 188 188
v -4.215076 -1.750504 2.045344 188 188 188
v -4.336739 -1.422821 2.045344 188 188 188
v -4.472813 -1.467476 1.690085 188 188 188
v -4.058090 -1.685295 2.388600 188 188 188
v -3.917149 -1.990883 2.388600 188 188 188
v -3.742630 -1.902161 2.717839 188 188 188
v -4.068684 -2.067917 2.045344 188 188 188
v -4.215076 -1.750504 2.045344 188 188 188
v -4.347332 -1.805443 1.690085 188 188 188
v -3.917149 -1.990883 2.388600 188 188 188
v -3.753223 -2.284782 2.388600 188 188 188
v -3.586014 -2.182976 2.717839 188 188 188
v -3.898415 -2.373192 2.045344 188 188 188
v -4.068684 -2.067917 2.045344 188 188 188
v -4.196342 -2.132813 1.690085 188 188 188
v -3.753223 -2.284782 2.388600 188 188 188
v -3.567280 -2.565277 2.388600 188 188 188
v -3.408352 -2.450974 2.717839 188 188 188
v -3.705273 -2.664543 2.045344 188 188 188
v -3.898415 -2.373192 2.045344 188 188 188
v -4.020733 -2.447678 1.690085 188 188 188
v -3.567280 -2.565277 2.388600 188 188 188
v -3.360401 -2.830727 2.388600 188 188 188
v -3.210693 -2.704582 2.717839 188 188 188
v -3.490395 -2.940254 2.045344 188 188 188
v -3.705273 -2.664543 2.045344 188 188 188
v -3.821529 -2.748161 1.690085 188 188 188
v -3.360401 -2.830727 2.388600 188 188 188
v -3.133808 -3.079552 2.388600 188 188 188
v -2.994202 -2.942322 2.717839 188 188 188
v -3.255035 -3.198708 2.045344 188 188 188
v -3.490395 -2.940254 2.045344 188 188 188
v -3.599911 -3.032524 1.690085 188 188 188
v -3.133808 -3.079552 2.388600 188 188 188
v -2.888836 -3.310310 2.388600 188 188 188
v -2.760139 -3.162796 2.717839 188 188 188
v -3.000580 -3.438393 2.045344 188 188 188
v -3.255035 -3.198708 2.045344 188 188 188
v -3.357162 -3.299095 1.690085 188 188 188
v -2.888836 -3.310310 2.388600 188 188 188
v -2.626911 -3.521637 2.388600 188 188 188
v -2.509888 -3.364716 2.717839 188 188 188
v -2.728519 -3.657898 2.045344 188 188 188
v -3.000580 -3.438393 2.045344 188 188 188
v -3.094723 -3.546303 1.690085 188 188 188
v -2.626911 -3.521637 2.388600 188 188 188
v -2.349571 -3.712296 2.388600 188 188 188
v -2.244907 -3.546875 2.717839 188 188 188
v -2.440453 -3.855934 2.045344 188 188 188
v -2.728519 -3.657898 2.045344 188 188 188
v -2.814121 -3.772697 1.690085 188 188 188
v -2.349571 -3.712296 2.388600 188 188 188
v -2.058449 -3.881180 2.388600 188 188 188
v -1.966759 -3.708229 2.717839 188 188 188
v -2.138065 -4.031357 2.045344 188 188 188
v -2.440453 -3.855934 2.045344 188 188 188
v -2.517014 -3.976952 1.690085 188 188 188
v -2.058449 -3.881180 2.388600 188 188 188
v -1.755253 -4.027283 2.388600 188 188 188
v -1.677071 -3.847816 2.717839 188 188 188
v -1.823139 -4.183105 2.045344 188 188 188
v -2.138065 -4.031357 2.045344 188 188 188
v -2.205139 -4.157867 1.690085 188 188 188
v -1.755253 -4.027283 2.388600 188 188 188
v -1.441761 -4.149750 2.388600 188 188 188
v -1.377548 -3.964821 2.717839 188 188 188
v -1.497520 -4.310310 2.045344 188 188 188
v -1.823139 -4.183105 2.045344 188 188 188
v -1.880333 -4.314384 1.690085 188 188 188
v -1.441761 -4.149750 2.388600 188 188 188
v -1.119816 -4.247856 2.388600 188 188 188
v -1.069950 -4.058571 2.717839 188 188 188
v -1.163109 -4.412224 2.045344 188 188 188
v -1.497520 -4.310310 2.045344 188 188 188
v -1.544487 -4.445580 1.690085 188 188 188
v -1.119816 -4.247856 2.388600 188 188 188
v -0.791298 -4.321045 2.388600 188 188 188
v -0.756069 -4.128487 2.717839 188 188 188
v -0.821884 -4.488235 2.045344 188 188 188
v -1.163109 -4.412224 2.045344 188 188 188
v -1.199593 -4.550690 1.690085 188 188 188
v -0.791298 -4.321045 2.388600 188 188 188
v -0.458141 -4.368866 2.388600 188 188 188
v -0.437759 -4.174187 2.717839 188 188 188
v -0.475842 -4.537910 2.045344 188 188 188
v -0.821884 -4.488235 2.045344 188 188 188
v -0.847652 -4.629082 1.690085 188 188 188
v -0.458141 -4.368866 2.388600 188 188 188
v -0.122299 -4.391060 2.388600 188 188 188
v -0.116886 -4.195389 2.717839 188 188 188
v -0.127007 -4.560959 2.045344 188 188 188
v -0.475842 -4.537910 2.045344 188 188 188
v -0.490749 -4.680328 1.690085 188 188 188
v -0.122299 -4.391060 2.388600 188 188 188
v 0.214252 -4.387474 2.388600 188 188 188
v 0.204670 -4.191963 2.717839 188 188 188
v 0.222569 -4.557236 2.045344 188 188 188
v -0.127007 -4.560959 2.045344 188 188 188
v -0.130966 -4.704094 1.690085 188 188 188
v 0.214252 -4.387474 2.388600 188 188 188
v 0.549541 -4.358147 2.388600 188 188 188
v 0.525021 -4.163940 2.717839 188 188 188
v 0.570835 -4.526779 2.045344 188 188 188
v 0.222569 -4.557236 2.045344 188 188 188
v 0.229576 -4.700256 1.690085 188 188 188
v 0.549541 -4.358147 2.388600 188 188 188
v 0.881603 -4.303246 2.388600 188 188 188
v 0.842285 -4.111481 2.717839 188 188 188
v 0.915741 -4.469742 2.045344 188 188 188
v 0.570835 -4.526779 2.045344 188 188 188
v 0.588772 -4.668839 1.690085 188 188 188
v 0.881603 -4.303246 2.388600 188 188 188
v 1.208488 -4.223083 2.388600 188 188 188
v 1.154602 -4.034897 2.717839 188 188 188
v 1.255276 -4.386482 2.045344 188 188 188
v 0.915741 -4.469742 2.045344 188 188 188
v 0.944504 -4.610016 1.690085 188 188 188
v 1.208488 -4.223083 2.388600 188 188 188
v 1.528275 -4.118134 2.388600 188 188 188
v 1.460140 -3.934631 2.717839 188 188 188
v 1.587437 -4.277489 2.045344 188 188 188
v 1.255276 -4.386482 2.045344 188 188 188
v 1.294689 -4.524147 1.690085 188 188 188
v 1.528275 -4.118134 2.388600 188 188 188
v 1.839088 -3.989029 2.388600 188 188 188
v 1.757103 -3.811272 2.717839 188 188 188
v 1.910275 -4.143379 2.045344 188 188 188
v 1.587437 -4.277489 2.045344 188 188 188
v 1.637276 -4.411728 1.690085 188 188 188
v 1.839088 -3.989029 2.388600 188 188 188
v 2.139107 -3.836510 2.388600 188 188 188
v 2.043755 -3.665550 2.717839 188 188 188
v 2.221901 -3.984955 2.045344 188 188 188
v 1.910275 -4.143379 2.045344 188 188 188
v 1.970249 -4.273415 1.690085 188 188 188
v 2.139107 -3.836510 2.388600 188 188 188
v 2.426567 -3.661476 2.388600 188 188 188
v 2.318405 -3.498322 2.717839 188 188 188
v 2.520485 -3.803154 2.045344 188 188 188
v 2.221901 -3.984955 2.045344 188 188 188
v 2.291656 -4.110016 1.690085 188 188 188
v 2.426567 -3.661476 2.388600 188 188 188
v 2.699783 -3.464958 2.388600 188 188 188
v 2.579445 -3.310555 2.717839 188 188 188
v 2.804272 -3.599022 2.045344 188 188 188
v 2.520485 -3.803154 2.045344 188 188 188
v 2.599606 -3.922508 1.690085 188 188 188
v 2.699783 -3.464958 2.388600 188 188 188
v 2.957153 -3.248108 2.388600 188 188 188
v 2.825348 -3.103363 2.717839 188 188 188
v 3.197159 -3.012184 2.388600 188 188 188
v 2.957153 -3.248108 2.388600 188 188 188
v 3.071598 -3.373787 2.045344 188 188 188
v 3.071598 -3.373787 2.045344 188 188 188
v 3.320896 -3.128738 2.045344 188 188 188
v 3.197159 -3.012184 2.388600 188 188 188
v 3.550697 -2.865334 2.045344 188 188 188
v 3.320896 -3.128738 2.045344 188 188 188
v 3.425133 -3.226929 1.690085 188 188 188
v 3.425133 -3.226929 1.690085 188 188 188
v 3.662148 -2.955254 1.690085 188 188 188
v 3.550697 -2.865334 2.045344 188 188 188
v 3.752106 -3.027832 1.324908 188 188 188
v 3.509270 -3.306175 1.324908 188 188 188
v 3.572807 -3.366028 0.951957 188 188 188
v 3.662148 -2.955254 1.690085 188 188 188
v 3.877666 -2.666237 1.690085 188 188 188
v 3.759659 -2.585114 2.045344 188 188 188
v 3.972919 -2.731720 1.324908 188 188 188
v 3.752106 -3.027832 1.324908 188 188 188
v 3.820042 -3.082642 0.951957 188 188 188
v 3.877666 -2.666237 1.690085 188 188 188
v 4.070431 -2.361580 1.690085 188 188 188
v 3.946556 -2.289711 2.045344 188 188 188
v 4.170414 -2.419571 1.324908 188 188 188
v 3.972919 -2.731720 1.324908 188 188 188
v 4.044853 -2.781174 0.951957 188 188 188
v 4.070431 -2.361580 1.690085 188 188 188
v 4.239296 -2.043053 1.690085 188 188 188
v 4.110283 -1.980888 2.045344 188 188 188
v 4.343430 -2.093231 1.324908 188 188 188
v 4.170414 -2.419571 1.324908 188 188 188
v 4.245922 -2.463379 0.951957 188 188 188
v 4.239296 -2.043053 1.690085 188 188 188
v 4.383286 -1.712540 1.690085 188 188 188
v 4.249889 -1.660439 2.045344 188 188 188
v 4.490955 -1.754601 1.324908 188 188 188
v 4.343430 -2.093231 1.324908 188 188 188
v 4.422066 -2.131126 0.951957 188 188 188
v 4.383286 -1.712540 1.690085 188 188 188
v 4.501541 -1.371979 1.690085 188 188 188
v 4.364552 -1.330231 2.045344 188 188 188
v 4.612114 -1.405678 1.324908 188 188 188
v 4.490955 -1.754601 1.324908 188 188 188
v 4.572258 -1.786362 0.951957 188 188 188
v 4.501541 -1.371979 1.690085 188 188 188
v 4.593384 -1.023369 1.690085 188 188 188
v 4.453594 -0.992226 2.045344 188 188 188
v 4.706211 -1.048500 1.324908 188 188 188
v 4.612114 -1.405678 1.324908 188 188 188
v 4.695618 -1.431129 0.951957 188 188 188
v 4.593384 -1.023369 1.690085 188 188 188
v 4.658260 -0.668747 1.690085 188 188 188
v 4.516499 -0.648399 2.045344 188 188 188
v 4.772682 -0.685173 1.324908 188 188 188
v 4.706211 -1.048500 1.324908 188 188 188
v 4.791416 -1.067482 0.951957 188 188 188
v 4.658260 -0.668747 1.690085 188 188 188
v 4.695797 -0.310204 1.690085 188 188 188
v 4.552891 -0.300758 2.045344 188 188 188
v 4.811138 -0.317818 1.324908 188 188 188
v 4.705769 0.050163 1.690085 188 188 188
v 4.695797 -0.310204 1.690085 188 188 188
v 4.821358 0.051399 1.324908 188 188 188
v 4.705769 0.050163 1.690085 188 188 188
v 4.811138 -0.317818 1.324908 188 188 188
v 4.821358 0.051399 1.324908 188 188 188
v 4.688126 0.410233 1.690085 188 188 188
v 4.705769 0.050163 1.690085 188 188 188
v 4.757011 0.786751 1.324908 188 188 188
v 4.642967 0.767899 1.690085 188 188 188
v 4.803280 0.420303 1.324908 188 188 188
v 4.688126 0.410233 1.690085 188 188 188
v 4.501671 0.744537 2.045344 188 188 188
v 4.545456 0.397751 2.045344 188 188 188
v 4.570553 1.121056 1.690085 188 188 188
v 4.431461 1.086952 2.045344 188 188 188
v 4.642967 0.767899 1.690085 188 188 188
v 4.501671 0.744537 2.045344 188 188 188
v 4.266361 1.046463 2.388600 188 188 188
v 4.333954 0.716805 2.388600 188 188 188
v 4.266361 1.046463 2.388600 188 188 188
v 4.173725 1.369980 2.388600 188 188 188
v 3.987709 1.308937 2.717839 188 188 188
v 4.335243 1.422981 2.045344 188 188 188
v 4.431461 1.086952 2.045344 188 188 188
v 4.570553 1.121056 1.690085 188 188 188
v 4.173725 1.369980 2.388600 188 188 188
v 4.056591 1.685455 2.388600 188 188 188
v 3.875797 1.610359 2.717839 188 188 188
v 4.213581 1.750671 2.045344 188 188 188
v 4.335243 1.422981 2.045344 188 188 188
v 4.471317 1.467644 1.690085 188 188 188
v 4.056591 1.685455 2.388600 188 188 188
v 3.915653 1.991051 2.388600 188 188 188
v 3.741135 1.902328 2.717839 188 188 188
v 4.067184 2.068077 2.045344 188 188 188
v 4.213581 1.750671 2.045344 188 188 188
v 4.345837 1.805603 1.690085 188 188 188
v 3.915653 1.991051 2.388600 188 188 188
v 3.751728 2.284950 2.388600 188 188 188
v 3.584518 2.183136 2.717839 188 188 188
v 3.896919 2.373352 2.045344 188 188 188
v 4.067184 2.068077 2.045344 188 188 188
v 4.194847 2.132980 1.690085 188 188 188
v 3.751728 2.284950 2.388600 188 188 188
v 3.565784 2.565445 2.388600 188 188 188
v 3.406857 2.451134 2.717839 188 188 188
v 3.703777 2.664711 2.045344 188 188 188
v 3.896919 2.373352 2.045344 188 188 188
v 4.019238 2.447838 1.690085 188 188 188
v 3.565784 2.565445 2.388600 188 188 188
v 3.358906 2.830887 2.388600 188 188 188
v 3.209198 2.704742 2.717839 188 188 188
v 3.488899 2.940414 2.045344 188 188 188
v 3.703777 2.664711 2.045344 188 188 188
v 3.820034 2.748322 1.690085 188 188 188
v 3.358906 2.830887 2.388600 188 188 188
v 3.132313 3.079720 2.388600 188 188 188
v 2.992706 2.942490 2.717839 188 188 188
v 3.253540 3.198875 2.045344 188 188 188
v 3.488899 2.940414 2.045344 188 188 188
v 3.598412 3.032692 1.690085 188 188 188
v 3.132313 3.079720 2.388600 188 188 188
v 2.887341 3.310471 2.388600 188 188 188
v 2.758644 3.162964 2.717839 188 188 188
v 2.999081 3.438560 2.045344 188 188 188
v 3.253540 3.198875 2.045344 188 188 188
v 3.355667 3.299263 1.690085 188 188 188
v 2.887341 3.310471 2.388600 188 188 188
v 2.625412 3.521797 2.388600 188 188 188
v 2.508392 3.364868 2.717839 188 188 188
v 2.727024 3.658058 2.045344 188 188 188
v 2.999081 3.438560 2.045344 188 188 188
v 3.093224 3.546471 1.690085 188 188 188
v 2.625412 3.521797 2.388600 188 188 188
v 2.348076 3.712463 2.388600 188 188 188
v 2.243412 3.547043 2.717839 188 188 188
v 2.438953 3.856102 2.045344 188 188 188
v 2.727024 3.658058 2.045344 188 188 188
v 2.812626 3.772858 1.690085 188 188 188
v 2.348076 3.712463 2.388600 188 188 188
v 2.056953 3.881340 2.388600 188 188 188
v 1.965263 3.708389 2.717839 188 188 188
v 2.136570 4.031509 2.045344 188 188 188
v 2.438953 3.856102 2.045344 188 188 188
v 2.515518 3.977112 1.690085 188 188 188
v 2.056953 3.881340 2.388600 188 188 188
v 1.753757 4.027443 2.388600 188 188 188
v 1.675575 3.847984 2.717839 188 188 188
v 1.821644 4.183266 2.045344 188 188 188
v 2.136570 4.031509 2.045344 188 188 188
v 2.203644 4.158028 1.690085 188 188 188
v 1.753757 4.027443 2.388600 188 188 188
v 1.440266 4.149902 2.388600 188 188 188
v 1.376053 3.964989 2.717839 188 188 188
v 1.496021 4.310471 2.045344 188 188 188
v 1.821644 4.183266 2.045344 188 188 188
v 1.878834 4.314545 1.690085 188 188 188
v 1.440266 4.149902 2.388600 188 188 188
v 1.118317 4.248024 2.388600 188 188 188
v 1.068451 4.058723 2.717839 188 188 188
v 1.161613 4.412376 2.045344 188 188 188
v 1.496021 4.310471 2.045344 188 188 188
v 1.542992 4.445740 1.690085 188 188 188
v 1.118317 4.248024 2.388600 188 188 188
v 0.789803 4.321198 2.388600 188 188 188
v 0.754574 4.128654 2.717839 188 188 188
v 0.820389 4.488396 2.045344 188 188 188
v 1.161613 4.412376 2.045344 188 188 188
v 1.198090 4.550850 1.690085 188 188 188
v 0.789803 4.321198 2.388600 188 188 188
v 0.456646 4.369034 2.388600 188 188 188
v 0.436264 4.174347 2.717839 188 188 188
v 0.474342 4.538071 2.045344 188 188 188
v 0.820389 4.488396 2.045344 188 188 188
v 0.846157 4.629250 1.690085 188 188 188
v 0.456646 4.369034 2.388600 188 188 188
v 0.120804 4.391220 2.388600 188 188 188
v 0.115391 4.195549 2.717839 188 188 188
v 0.125511 4.561119 2.045344 188 188 188
v 0.474342 4.538071 2.045344 188 188 188
v 0.489254 4.680489 1.690085 188 188 188
v 0.120804 4.391220 2.388600 188 188 188
v -0.215748 4.387634 2.388600 188 188 188
v -0.206165 4.192123 2.717839 188 188 188
v -0.224068 4.557396 2.045344 188 188 188
v 0.125511 4.561119 2.045344 188 188 188
v 0.129471 4.704254 1.690085 188 188 188
v -0.215748 4.387634 2.388600 188 188 188
v -0.551037 4.358307 2.388600 188 188 188
v -0.526516 4.164101 2.717839 188 188 188
v -0.883099 4.303398 2.388600 188 188 188
v -0.551037 4.358307 2.388600 188 188 188
v -0.572330 4.526939 2.045344 188 188 188
v -0.572330 4.526939 2.045344 188 188 188
v -0.917236 4.469910 2.045344 188 188 188
v -0.883099 4.303398 2.388600 188 188 188
v -1.256771 4.386650 2.045344 188 188 188
v -0.917236 4.469910 2.045344 188 188 188
v -0.945999 4.610184 1.690085 188 188 188
v -0.945999 4.610184 1.690085 188 188 188
v -1.296188 4.524307 1.690085 188 188 188
v -1.256771 4.386650 2.045344 188 188 188
v -1.328003 4.635422 1.324908 188 188 188
v -0.969215 4.723404 1.324908 188 188 188
v -0.986748 4.808899 0.951957 188 188 188
v -1.296188 4.524307 1.690085 188 188 188
v -1.638771 4.411880 1.690085 188 188 188
v -1.588932 4.277641 2.045344 188 188 188
v -1.679005 4.520233 1.324908 188 188 188
v -1.328003 4.635422 1.324908 188 188 188
v -1.352028 4.719330 0.951957 188 188 188
v -1.638771 4.411880 1.690085 188 188 188
v -1.971745 4.273575 1.690085 188 188 188
v -1.911774 4.143539 2.045344 188 188 188
v -2.020149 4.378525 1.324908 188 188 188
v -1.679005 4.520233 1.324908 188 188 188
v -1.709377 4.602058 0.951957 188 188 188
v -1.971745 4.273575 1.690085 188 188 188
v -2.293152 4.110184 1.690085 188 188 188
v -2.223396 3.985123 2.045344 188 188 188
v -2.349449 4.211121 1.324908 188 188 188
v -2.020149 4.378525 1.324908 188 188 188
v -2.056705 4.457787 0.951957 188 188 188
v -2.293152 4.110184 1.690085 188 188 188
v -2.601101 3.922668 1.690085 188 188 188
v -2.521980 3.803314 2.045344 188 188 188
v -2.664963 4.019005 1.324908 188 188 188
v -2.349449 4.211121 1.324908 188 188 188
v -2.391968 4.287346 0.951957 188 188 188
v -2.601101 3.922668 1.690085 188 188 188
v -2.893795 3.712143 1.690085 188 188 188
v -2.805771 3.599190 2.045344 188 188 188
v -2.964844 3.803299 1.324908 188 188 188
v -2.664963 4.019005 1.324908 188 188 188
v -2.713192 4.091759 0.951957 188 188 188
v -2.893795 3.712143 1.690085 188 188 188
v -3.169514 3.479820 1.690085 188 188 188
v -3.073093 3.373940 2.045344 188 188 188
v -3.247330 3.565285 1.324908 188 188 188
v -2.964844 3.803299 1.324908 188 188 188
v -3.018501 3.872147 0.951957 188 188 188
v -3.169514 3.479820 1.690085 188 188 188
v -3.426632 3.227089 1.690085 188 188 188
v -3.322392 3.128899 2.045344 188 188 188
v -3.510765 3.306343 1.324908 188 188 188
v -3.247330 3.565285 1.324908 188 188 188
v -3.306103 3.629822 0.951957 188 188 188
v -3.426632 3.227089 1.690085 188 188 188
v -3.663643 2.955414 1.690085 188 188 188
v -3.552197 2.865494 2.045344 188 188 188
v -3.753605 3.028000 1.324908 188 188 188
v -3.510765 3.306343 1.324908 188 188 188
v -3.574306 3.366188 0.951957 188 188 188
v -3.663643 2.955414 1.690085 188 188 188
v -3.879169 2.666405 1.690085 188 188 188
v -3.761154 2.585274 2.045344 188 188 188
v -3.974415 2.731880 1.324908 188 188 188
v -3.753605 3.028000 1.324908 188 188 188
v -3.821537 3.082809 0.951957 188 188 188
v -3.879169 2.666405 1.690085 188 188 188
v -4.071926 2.361732 1.690085 188 188 188
v -3.948051 2.289879 2.045344 188 188 188
v -4.171909 2.419739 1.324908 188 188 188
v -3.974415 2.731880 1.324908 188 188 188
v -4.046349 2.781334 0.951957 188 188 188
v -4.071926 2.361732 1.690085 188 188 188
v -4.240791 2.043221 1.690085 188 188 188
v -4.111782 1.981049 2.045344 188 188 188
v -4.344929 2.093391 1.324908 188 188 188
v -4.171909 2.419739 1.324908 188 188 188
v -4.247417 2.463539 0.951957 188 188 188
v -4.240791 2.043221 1.690085 188 188 188
v -4.384781 1.712700 1.690085 188 188 188
v -4.251385 1.660599 2.045344 188 188 188
v -4.492451 1.754768 1.324908 188 188 188
v -4.344929 2.093391 1.324908 188 188 188
v -4.423561 2.131287 0.951957 188 188 188
v -4.384781 1.712700 1.690085 188 188 188
v -4.503040 1.372147 1.690085 188 188 188
v -4.366047 1.330391 2.045344 188 188 188
v -4.613613 1.405838 1.324908 188 188 188
v -4.492451 1.754768 1.324908 188 188 188
v -4.573757 1.786530 0.951957 188 188 188
v -4.503040 1.372147 1.690085 188 188 188
v -4.594879 1.023529 1.690085 188 188 188
v -4.455090 0.992393 2.045344 188 188 188
v -4.707706 1.048660 1.324908 188 188 188
v -4.613613 1.405838 1.324908 188 188 188
v -4.697113 1.431282 0.951957 188 188 188
v -4.594879 1.023529 1.690085 188 188 188
v -4.659756 0.668907 1.690085 188 188 188
v -4.517994 0.648560 2.045344 188 188 188
v -4.774178 0.685341 1.324908 188 188 188
v -4.707706 1.048660 1.324908 188 188 188
v -4.792912 1.067642 0.951957 188 188 188
v -4.659756 0.668907 1.690085 188 188 188
v -4.697292 0.310371 1.690085 188 188 188
v -4.554386 0.300926 2.045344 188 188 188
v -4.812634 0.317986 1.324908 188 188 188
v -4.774178 0.685341 1.324908 188 188 188
v -4.860584 0.697746 0.951957 188 188 188
v -4.697292 0.310371 1.690085 188 188 188
v -4.707268 -0.049995 1.690085 188 188 188
v -4.564060 -0.048477 2.045344 188 188 188
v -4.822857 -0.051231 1.324908 188 188 188
v -4.812634 0.317986 1.324908 188 188 188
v -4.899738 0.323746 0.951957 188 188 188
v -4.707268 -0.049995 1.690085 188 188 188
v -4.689625 -0.410072 1.690085 188 188 188
v -4.546955 -0.397591 2.045344 188 188 188
v -4.804775 -0.420143 1.324908 188 188 188
v -4.822857 -0.051231 1.324908 188 188 188
v -4.910145 -0.052155 0.951957 188 188 188
v -4.689625 -0.410072 1.690085 188 188 188
v -4.644463 -0.767738 1.690085 188 188 188
v -4.503166 -0.744370 2.045344 188 188 188
v -4.758511 -0.786591 1.324908 188 188 188
v -4.804775 -0.420143 1.324908 188 188 188
v -4.891739 -0.427750 0.951957 188 188 188
v -4.644463 -0.767738 1.690085 188 188 188
v -4.572048 -1.120895 1.690085 188 188 188
v -4.432957 -1.086784 2.045344 188 188 188
v -4.684319 -1.148430 1.324908 188 188 188
v -4.758511 -0.786591 1.324908 188 188 188
v -4.844631 -0.800835 0.951957 188 188 188
v -4.572048 -1.120895 1.690085 188 188 188
v -4.472813 -1.467476 1.690085 188 188 188
v -4.336739 -1.422821 2.045344 188 188 188
v -4.582642 -1.503517 1.324908 188 188 188
v -4.684319 -1.148430 1.324908 188 188 188
v -4.769096 -1.169220 0.951957 188 188 188
v -4.472813 -1.467476 1.690085 188 188 188
v -4.347332 -1.805443 1.690085 188 188 188
v -4.215076 -1.750504 2.045344 188 188 188
v -4.454079 -1.849785 1.324908 188 188 188
v -4.582642 -1.503517 1.324908 188 188 188
v -4.665585 -1.530739 0.951957 188 188 188
v -4.347332 -1.805443 1.690085 188 188 188
v -4.196342 -2.132813 1.690085 188 188 188
v -4.068684 -2.067917 2.045344 188 188 188
v -4.299381 -2.185204 1.324908 188 188 188
v -4.454079 -1.849785 1.324908 188 188 188
v -4.534691 -1.883270 0.951957 188 188 188
v -4.196342 -2.132813 1.690085 188 188 188
v -4.020733 -2.447678 1.690085 188 188 188
v -3.898415 -2.373192 2.045344 188 188 188
v -4.119457 -2.507790 1.324908 188 188 188
v -4.299381 -2.185204 1.324908 188 188 188
v -4.377197 -2.224754 0.951957 188 188 188
v -4.020733 -2.447678 1.690085 188 188 188
v -3.821529 -2.748161 1.690085 188 188 188
v -3.705273 -2.664543 2.045344 188 188 188
v -3.915367 -2.815659 1.324908 188 188 188
v -4.119457 -2.507790 1.324908 188 188 188
v -4.194016 -2.553185 0.951957 188 188 188
v -3.821529 -2.748161 1.690085 188 188 188
v -3.599911 -3.032524 1.690085 188 188 188
v -3.490395 -2.940254 2.045344 188 188 188
v -3.688301 -3.107010 1.324908 188 188 188
v -3.915367 -2.815659 1.324908 188 188 188
v -3.986229 -2.866631 0.951957 188 188 188
v -3.599911 -3.032524 1.690085 188 188 188
v -3.357162 -3.299095 1.690085 188 188 188
v -3.255035 -3.198708 2.045344 188 188 188
v -3.439594 -3.380119 1.324908 188 188 188
v -3.688301 -3.107010 1.324908 188 188 188
v -3.755051 -3.163246 0.951957 188 188 188
v -3.357162 -3.299095 1.690085 188 188 188
v -3.094723 -3.546303 1.690085 188 188 188
v -3.000580 -3.438393 2.045344 188 188 188
v -3.170708 -3.633400 1.324908 188 188 188
v -3.439594 -3.380119 1.324908 188 188 188
v -3.501842 -3.441307 0.951957 188 188 188
v -3.094723 -3.546303 1.690085 188 188 188
v -2.814121 -3.772697 1.690085 188 188 188
v -2.728519 -3.657898 2.045344 188 188 188
v -2.883217 -3.865349 1.324908 188 188 188
v -3.170708 -3.633400 1.324908 188 188 188
v -3.228088 -3.699165 0.951957 188 188 188
v -2.814121 -3.772697 1.690085 188 188 188
v -2.517014 -3.976952 1.690085 188 188 188
v -2.440453 -3.855934 2.045344 188 188 188
v -2.578812 -4.074623 1.324908 188 188 188
v -2.883217 -3.865349 1.324908 188 188 188
v -2.935394 -3.935326 0.951957 188 188 188
v -2.517014 -3.976952 1.690085 188 188 188
v -2.205139 -4.157867 1.690085 188 188 188
v -2.138065 -4.031357 2.045344 188 188 188
v -2.259281 -4.259979 1.324908 188 188 188
v -2.578812 -4.074623 1.324908 188 188 188
v -2.625481 -4.148384 0.951957 188 188 188
v -2.205139 -4.157867 1.690085 188 188 188
v -1.880333 -4.314384 1.690085 188 188 188
v -1.823139 -4.183105 2.045344 188 188 188
v -1.926491 -4.420341 1.324908 188 188 188
v -2.259281 -4.259979 1.324908 188 188 188
v -2.300163 -4.337097 0.951957 188 188 188
v -1.880333 -4.314384 1.690085 188 188 188
v -1.544487 -4.445580 1.690085 188 188 188
v -1.497520 -4.310310 2.045344 188 188 188
v -1.582405 -4.554764 1.324908 188 188 188
v -1.926491 -4.420341 1.324908 188 188 188
v -1.961353 -4.500359 0.951957 188 188 188
v -1.544487 -4.445580 1.690085 188 188 188
v -1.199593 -4.550690 1.690085 188 188 188
v -1.163109 -4.412224 2.045344 188 188 188
v -1.229031 -4.662453 1.324908 188 188 188
v -1.582405 -4.554764 1.324908 188 188 188
v -1.611031 -4.637207 0.951957 188 188 188
v -1.199593 -4.550690 1.690085 188 188 188
v -0.847652 -4.629082 1.690085 188 188 188
v -0.821884 -4.488235 2.045344 188 188 188
v -0.868450 -4.742775 1.324908 188 188 188
v -1.229031 -4.662453 1.324908 188 188 188
v -1.251266 -4.746849 0.951957 188 188 188
v -0.847652 -4.629082 1.690085 188 188 188
v -0.490749 -4.680328 1.690085 188 188 188
v -0.475842 -4.537910 2.045344 188 188 188
v -0.502781 -4.795273 1.324908 188 188 188
v -0.868450 -4.742775 1.324908 188 188 188
v -0.884159 -4.828629 0.951957 188 188 188
v -0.490749 -4.680328 1.690085 188 188 188
v -0.130966 -4.704094 1.690085 188 188 188
v -0.127007 -4.560959 2.045344 188 188 188
v -0.134167 -4.819626 1.324908 188 188 188
v -0.502781 -4.795273 1.324908 188 188 188
v -0.511871 -4.882072 0.951957 188 188 188
v -0.130966 -4.704094 1.690085 188 188 188
v 0.229576 -4.700256 1.690085 188 188 188
v 0.222569 -4.557236 2.045344 188 188 188
v 0.235233 -4.815697 1.324908 188 188 188
v -0.134167 -4.819626 1.324908 188 188 188
v -0.136581 -4.906868 0.951957 188 188 188
v 0.229576 -4.700256 1.690085 188 188 188
v 0.588772 -4.668839 1.690085 188 188 188
v 0.570835 -4.526779 2.045344 188 188 188
v 0.603249 -4.783501 1.324908 188 188 188
v 0.235233 -4.815697 1.324908 188 188 188
v 0.239506 -4.902863 0.951957 188 188 188
v 0.588772 -4.668839 1.690085 188 188 188
v 0.944504 -4.610016 1.690085 188 188 188
v 0.915741 -4.469742 2.045344 188 188 188
v 0.967720 -4.723236 1.324908 188 188 188
v 0.603249 -4.783501 1.324908 188 188 188
v 0.614182 -4.870094 0.951957 188 188 188
v 0.944504 -4.610016 1.690085 188 188 188
v 1.294689 -4.524147 1.690085 188 188 188
v 1.255276 -4.386482 2.045344 188 188 188
v 1.326504 -4.635254 1.324908 188 188 188
v 0.967720 -4.723236 1.324908 188 188 188
v 0.985252 -4.808739 0.951957 188 188 188
v 1.294689 -4.524147 1.690085 188 188 188
v 1.637276 -4.411728 1.690085 188 188 188
v 1.587437 -4.277489 2.045344 188 188 188
v 1.677502 -4.520065 1.324908 188 188 188
v 1.326504 -4.635254 1.324908 188 188 188
v 1.350533 -4.719162 0.951957 188 188 188
v 1.637276 -4.411728 1.690085 188 188 188
v 1.970249 -4.273415 1.690085 188 188 188
v 1.910275 -4.143379 2.045344 188 188 188
v 2.018654 -4.378357 1.324908 188 188 188
v 1.677502 -4.520065 1.324908 188 188 188
v 1.707882 -4.601891 0.951957 188 188 188
v 1.970249 -4.273415 1.690085 188 188 188
v 2.291656 -4.110016 1.690085 188 188 188
v 2.221901 -3.984955 2.045344 188 188 188
v 2.347954 -4.210953 1.324908 188 188 188
v 2.018654 -4.378357 1.324908 188 188 188
v 2.055206 -4.457619 0.951957 188 188 188
v 2.291656 -4.110016 1.690085 188 188 188
v 2.599606 -3.922508 1.690085 188 188 188
v 2.520485 -3.803154 2.045344 188 188 188
v 2.663467 -4.018845 1.324908 188 188 188
v 2.347954 -4.210953 1.324908 188 188 188
v 2.390472 -4.287186 0.951957 188 188 188
v 2.599606 -3.922508 1.690085 188 188 188
v 2.892300 -3.711975 1.690085 188 188 188
v 2.804272 -3.599022 2.045344 188 188 188
v 3.168018 -3.479660 1.690085 188 188 188
v 2.892300 -3.711975 1.690085 188 188 188
v 2.963348 -3.803139 1.324908 188 188 188
v 2.963348 -3.803139 1.324908 188 188 188
v 3.245834 -3.565117 1.324908 188 188 188
v 3.168018 -3.479660 1.690085 188 188 188
v 3.509270 -3.306175 1.324908 188 188 188
v 3.245834 -3.565117 1.324908 188 188 188
v 3.304607 -3.629662 0.951957 188 188 188
v 3.304607 -3.629662 0.951957 188 188 188
v 3.572807 -3.366028 0.951957 188 188 188
v 3.509270 -3.306175 1.324908 188 188 188
v 3.615376 -3.406120 0.573419 188 188 188
v 3.343979 -3.672890 0.573419 188 188 188
v 3.363720 -3.694572 0.191515 188 188 188
v 3.343979 -3.672890 0.573419 188 188 188
v 3.070980 -3.941238 0.191515 188 188 188
v 3.636723 -3.426231 0.191515 188 188 188
v 3.615376 -3.406120 0.573419 188 188 188
v 3.363720 -3.694572 0.191515 188 188 188
v 3.572807 -3.366028 0.951957 188 188 188
v 3.820042 -3.082642 0.951957 188 188 188
v 3.752106 -3.027832 1.324908 188 188 188
v 3.636723 -3.426231 0.191515 188 188 188
v 3.865555 -3.119370 0.573419 188 188 188
v 3.615376 -3.406120 0.573419 188 188 188
v 3.820042 -3.082642 0.951957 188 188 188
v 4.044853 -2.781174 0.951957 188 188 188
v 3.972919 -2.731720 1.324908 188 188 188
v 3.888374 -3.137779 0.191515 188 188 188
v 4.093040 -2.814301 0.573419 188 188 188
v 3.865555 -3.119370 0.573419 188 188 188
v 4.093040 -2.814301 0.573419 188 188 188
v 3.888374 -3.137779 0.191515 188 188 188
v 4.044853 -2.781174 0.951957 188 188 188
v 4.245922 -2.463379 0.951957 188 188 188
v 4.170414 -2.419571 1.324908 188 188 188
v 4.117207 -2.830917 0.191515 188 188 188
v 4.296505 -2.492722 0.573419 188 188 188
v 4.093040 -2.814301 0.573419 188 188 188
v 4.321869 -2.507431 0.191515 188 188 188
v 4.296505 -2.492722 0.573419 188 188 188
v 4.117207 -2.830917 0.191515 188 188 188
v 4.245922 -2.463379 0.951957 188 188 188
v 4.422066 -2.131126 0.951957 188 188 188
v 4.343430 -2.093231 1.324908 188 188 188
v 4.321869 -2.507431 0.191515 188 188 188
v 4.474751 -2.156509 0.573419 188 188 188
v 4.296505 -2.492722 0.573419 188 188 188
v 4.422066 -2.131126 0.951957 188 188 188
v 4.572258 -1.786362 0.951957 188 188 188
v 4.490955 -1.754601 1.324908 188 188 188
v 4.501167 -2.169235 0.191515 188 188 188
v 4.626732 -1.807648 0.573419 188 188 188
v 4.474751 -2.156509 0.573419 188 188 188
v 4.626732 -1.807648 0.573419 188 188 188
v 4.501167 -2.169235 0.191515 188 188 188
v 4.572258 -1.786362 0.951957 188 188 188
v 4.695618 -1.431129 0.951957 188 188 188
v 4.612114 -1.405678 1.324908 188 188 188
v 4.654045 -1.818321 0.191515 188 188 188
v 4.751556 -1.448174 0.573419 188 188 188
v 4.626732 -1.807648 0.573419 188 188 188
v 4.779610 -1.456718 0.191515 188 188 188
v 4.751556 -1.448174 0.573419 188 188 188
v 4.654045 -1.818321 0.191515 188 188 188
v 4.695618 -1.431129 0.951957 188 188 188
v 4.791416 -1.067482 0.951957 188 188 188
v 4.706211 -1.048500 1.324908 188 188 188
v 4.779610 -1.456718 0.191515 188 188 188
v 4.848495 -1.080200 0.573419 188 188 188
v 4.751556 -1.448174 0.573419 188 188 188
v 4.791416 -1.067482 0.951957 188 188 188
v 4.859089 -0.697578 0.951957 188 188 188
v 4.772682 -0.685173 1.324908 188 188 188
v 4.898243 -0.323578 0.951957 188 188 188
v 4.859089 -0.697578 0.951957 188 188 188
v 4.916977 -0.705887 0.573419 188 188 188
v 4.916977 -0.705887 0.573419 188 188 188
v 4.956600 -0.327431 0.573419 188 188 188
v 4.898243 -0.323578 0.951957 188 188 188
v 4.956600 -0.327431 0.573419 188 188 188
v 4.908649 0.052322 0.951957 188 188 188
v 4.898243 -0.323578 0.951957 188 188 188
v 4.890244 0.427917 0.951957 188 188 188
v 4.803280 0.420303 1.324908 188 188 188
v 4.908649 0.052322 0.951957 188 188 188
v 4.900833 0.810532 0.573419 188 188 188
v 4.843136 0.800995 0.951957 188 188 188
v 4.948502 0.433014 0.573419 188 188 188
v 4.890244 0.427917 0.951957 188 188 188
v 4.757011 0.786751 1.324908 188 188 188
v 4.803280 0.420303 1.324908 188 188 188
v 4.767601 1.169373 0.951957 188 188 188
v 4.682819 1.148590 1.324908 188 188 188
v 4.843136 0.800995 0.951957 188 188 188
v 4.757011 0.786751 1.324908 188 188 188
v 4.570553 1.121056 1.690085 188 188 188
v 4.642967 0.767899 1.690085 188 188 188
v 4.570553 1.121056 1.690085 188 188 188
v 4.471317 1.467644 1.690085 188 188 188
v 4.335243 1.422981 2.045344 188 188 188
v 4.581146 1.503685 1.324908 188 188 188
v 4.682819 1.148590 1.324908 188 188 188
v 4.767601 1.169373 0.951957 188 188 188
v 4.471317 1.467644 1.690085 188 188 188
v 4.345837 1.805603 1.690085 188 188 188
v 4.213581 1.750671 2.045344 188 188 188
v 4.452583 1.849945 1.324908 188 188 188
v 4.581146 1.503685 1.324908 188 188 188
v 4.664089 1.530899 0.951957 188 188 188
v 4.345837 1.805603 1.690085 188 188 188
v 4.194847 2.132980 1.690085 188 188 188
v 4.067184 2.068077 2.045344 188 188 188
v 4.297886 2.185364 1.324908 188 188 188
v 4.452583 1.849945 1.324908 188 188 188
v 4.533195 1.883438 0.951957 188 188 188
v 4.194847 2.132980 1.690085 188 188 188
v 4.019238 2.447838 1.690085 188 188 188
v 3.896919 2.373352 2.045344 188 188 188
v 4.117962 2.507950 1.324908 188 188 188
v 4.297886 2.185364 1.324908 188 188 188
v 4.375702 2.224915 0.951957 188 188 188
v 4.019238 2.447838 1.690085 188 188 188
v 3.820034 2.748322 1.690085 188 188 188
v 3.703777 2.664711 2.045344 188 188 188
v 3.913872 2.815819 1.324908 188 188 188
v 4.117962 2.507950 1.324908 188 188 188
v 4.192516 2.553345 0.951957 188 188 188
v 3.820034 2.748322 1.690085 188 188 188
v 3.598412 3.032692 1.690085 188 188 188
v 3.488899 2.940414 2.045344 188 188 188
v 3.686802 3.107170 1.324908 188 188 188
v 3.913872 2.815819 1.324908 188 188 188
v 3.984730 2.866791 0.951957 188 188 188
v 3.598412 3.032692 1.690085 188 188 188
v 3.355667 3.299263 1.690085 188 188 188
v 3.253540 3.198875 2.045344 188 188 188
v 3.438099 3.380280 1.324908 188 188 188
v 3.686802 3.107170 1.324908 188 188 188
v 3.753555 3.163414 0.951957 188 188 188
v 3.355667 3.299263 1.690085 188 188 188
v 3.093224 3.546471 1.690085 188 188 188
v 2.999081 3.438560 2.045344 188 188 188
v 3.169212 3.633560 1.324908 188 188 188
v 3.438099 3.380280 1.324908 188 188 188
v 3.500347 3.441475 0.951957 188 188 188
v 3.093224 3.546471 1.690085 188 188 188
v 2.812626 3.772858 1.690085 188 188 188
v 2.727024 3.658058 2.045344 188 188 188
v 2.881721 3.865517 1.324908 188 188 188
v 3.169212 3.633560 1.324908 188 188 188
v 3.226593 3.699333 0.951957 188 188 188
v 2.812626 3.772858 1.690085 188 188 188
v 2.515518 3.977112 1.690085 188 188 188
v 2.438953 3.856102 2.045344 188 188 188
v 2.577316 4.074791 1.324908 188 188 188
v 2.881721 3.865517 1.324908 188 188 188
v 2.933899 3.935493 0.951957 188 188 188
v 2.515518 3.977112 1.690085 188 188 188
v 2.203644 4.158028 1.690085 188 188 188
v 2.136570 4.031509 2.045344 188 188 188
v 2.257782 4.260147 1.324908 188 188 188
v 2.577316 4.074791 1.324908 188 188 188
v 2.623985 4.148544 0.951957 188 188 188
v 2.203644 4.158028 1.690085 188 188 188
v 1.878834 4.314545 1.690085 188 188 188
v 1.821644 4.183266 2.045344 188 188 188
v 1.924992 4.420502 1.324908 188 188 188
v 2.257782 4.260147 1.324908 188 188 188
v 2.298668 4.337265 0.951957 188 188 188
v 1.878834 4.314545 1.690085 188 188 188
v 1.542992 4.445740 1.690085 188 188 188
v 1.496021 4.310471 2.045344 188 188 188
v 1.580906 4.554924 1.324908 188 188 188
v 1.924992 4.420502 1.324908 188 188 188
v 1.959854 4.500526 0.951957 188 188 188
v 1.542992 4.445740 1.690085 188 188 188
v 1.198090 4.550850 1.690085 188 188 188
v 1.161613 4.412376 2.045344 188 188 188
v 1.227535 4.662613 1.324908 188 188 188
v 1.580906 4.554924 1.324908 188 188 188
v 1.609535 4.637375 0.951957 188 188 188
v 1.198090 4.550850 1.690085 188 188 188
v 0.846157 4.629250 1.690085 188 188 188
v 0.820389 4.488396 2.045344 188 188 188
v 0.866955 4.742943 1.324908 188 188 188
v 1.227535 4.662613 1.324908 188 188 188
v 1.249771 4.747017 0.951957 188 188 188
v 0.846157 4.629250 1.690085 188 188 188
v 0.489254 4.680489 1.690085 188 188 188
v 0.474342 4.538071 2.045344 188 188 188
v 0.501286 4.795433 1.324908 188 188 188
v 0.866955 4.742943 1.324908 188 188 188
v 0.882664 4.828789 0.951957 188 188 188
v 0.489254 4.680489 1.690085 188 188 188
v 0.129471 4.704254 1.690085 188 188 188
v 0.125511 4.561119 2.045344 188 188 188
v 0.132668 4.819786 1.324908 188 188 188
v 0.501286 4.795433 1.324908 188 188 188
v 0.510376 4.882240 0.951957 188 188 188
v 0.129471 4.704254 1.690085 188 188 188
v -0.231075 4.700417 1.690085 188 188 188
v -0.224068 4.557396 2.045344 188 188 188
v -0.590267 4.668999 1.690085 188 188 188
v -0.231075 4.700417 1.690085 188 188 188
v -0.236729 4.815857 1.324908 188 188 188
v -0.236729 4.815857 1.324908 188 188 188
v -0.604748 4.783661 1.324908 188 188 188
v -0.590267 4.668999 1.690085 188 188 188
v -0.969215 4.723404 1.324908 188 188 188
v -0.604748 4.783661 1.324908 188 188 188
v -0.615677 4.870255 0.951957 188 188 188
v -0.615677 4.870255 0.951957 188 188 188
v -0.986748 4.808899 0.951957 188 188 188
v -0.969215 4.723404 1.324908 188 188 188
v -0.998489 4.866188 0.573419 188 188 188
v -0.623005 4.928268 0.573419 188 188 188
v -0.626678 4.957359 0.191515 188 188 188
v -0.623005 4.928268 0.573419 188 188 188
v -0.245300 4.990723 0.191515 188 188 188
v -1.004383 4.894905 0.191515 188 188 188
v -0.998489 4.866188 0.573419 188 188 188
v -0.626678 4.957359 0.191515 188 188 188
v -0.986748 4.808899 0.951957 188 188 188
v -1.352028 4.719330 0.951957 188 188 188
v -1.328003 4.635422 1.324908 188 188 188
v -1.004383 4.894905 0.191515 188 188 188
v -1.368126 4.775543 0.573419 188 188 188
v -0.998489 4.866188 0.573419 188 188 188
v -1.352028 4.719330 0.951957 188 188 188
v -1.709377 4.602058 0.951957 188 188 188
v -1.679005 4.520233 1.324908 188 188 188
v -1.376194 4.803726 0.191515 188 188 188
v -1.729736 4.656876 0.573419 188 188 188
v -1.368126 4.775543 0.573419 188 188 188
v -1.709377 4.602058 0.951957 188 188 188
v -2.056705 4.457787 0.951957 188 188 188
v -2.020149 4.378525 1.324908 188 188 188
v -1.739937 4.684364 0.191515 188 188 188
v -2.081196 4.510880 0.573419 188 188 188
v -1.729736 4.656876 0.573419 188 188 188
v -2.081196 4.510880 0.573419 188 188 188
v -1.739937 4.684364 0.191515 188 188 188
v -2.056705 4.457787 0.951957 188 188 188
v -2.391968 4.287346 0.951957 188 188 188
v -2.349449 4.211121 1.324908 188 188 188
v -2.093479 4.537506 0.191515 188 188 188
v -2.420448 4.338417 0.573419 188 188 188
v -2.081196 4.510880 0.573419 188 188 188
v -2.420448 4.338417 0.573419 188 188 188
v -2.093479 4.537506 0.191515 188 188 188
v -2.434731 4.364029 0.191515 188 188 188
v -2.093479 4.537506 0.191515 188 188 188
v -2.272514 4.454712 0.000001 188 188 188
v -2.093479 4.537506 0.191515 188 188 188
v -1.925133 4.615379 0.000001 188 188 188
v -1.925133 4.615379 0.000001 188 188 188
v -2.272514 4.454712 0.000001 188 188 188
v -2.272514 4.454712 0.000001 188 188 188
v -2.272514 4.454712 -4.999999 188 188 188
v -2.272514 4.454712 0.000001 188 188 188
v -2.606594 4.267967 -4.999999 188 188 188
v -2.606594 4.267967 0.000001 188 188 188
v -2.606594 4.267967 -4.999999 188 188 188
v -2.606594 4.267967 0.000001 188 188 188
v -2.925411 4.056213 -4.999999 188 188 188
v -2.925411 4.056213 0.000001 188 188 188
v -2.606594 4.267967 0.000001 188 188 188
v -2.606594 4.267967 0.000001 188 188 188
v -2.761703 4.164932 0.191515 188 188 188
v -2.434731 4.364029 0.191515 188 188 188
v -2.761703 4.164932 0.191515 188 188 188
v -2.745502 4.140495 0.573419 188 188 188
v -2.434731 4.364029 0.191515 188 188 188
v -2.925411 4.056213 0.000001 188 188 188
v -2.761703 4.164932 0.191515 188 188 188
v -3.072475 3.941406 0.191515 188 188 188
v -3.054451 3.918266 0.573419 188 188 188
v -2.761703 4.164932 0.191515 188 188 188
v -3.072475 3.941406 0.191515 188 188 188
v -2.925411 4.056213 0.000001 188 188 188
v -2.925411 4.056213 0.000001 188 188 188
v -3.227093 3.820717 0.000001 188 188 188
v -3.227093 3.820717 0.000001 188 188 188
v -3.227093 3.820717 -4.999999 188 188 188
v -3.227093 3.820717 0.000001 188 188 188
v -3.509880 3.562828 -4.999999 188 188 188
v -3.509880 3.562828 0.000001 188 188 188
v -3.227093 3.820717 0.000001 188 188 188
v -3.509880 3.562828 0.000001 188 188 188
v -3.365215 3.694740 0.191515 188 188 188
v -3.638218 3.426399 0.191515 188 188 188
v -3.616875 3.406281 0.573419 188 188 188
v -3.365215 3.694740 0.191515 188 188 188
v -3.638218 3.426399 0.191515 188 188 188
v -3.509880 3.562828 0.000001 188 188 188
v -3.509880 3.562828 0.000001 188 188 188
v -3.772114 3.284073 0.000001 188 188 188
v -3.772114 3.284073 0.000001 188 188 188
v -3.772114 3.284073 -4.999999 188 188 188
v -3.772114 3.284073 0.000001 188 188 188
v -4.012260 2.986092 -4.999999 188 188 188
v -4.012260 2.986092 0.000001 188 188 188
v -3.772114 3.284073 0.000001 188 188 188
v -4.012260 2.986092 0.000001 188 188 188
v -3.889870 3.137939 0.191515 188 188 188
v -4.118702 2.831078 0.191515 188 188 188
v -4.094540 2.814461 0.573419 188 188 188
v -3.889870 3.137939 0.191515 188 188 188
v -4.118702 2.831078 0.191515 188 188 188
v -4.012260 2.986092 0.000001 188 188 188
v -4.012260 2.986092 0.000001 188 188 188
v -4.228909 2.670616 0.000001 188 188 188
v -4.228909 2.670616 0.000001 188 188 188
v -4.228909 2.670616 -4.999999 188 188 188
v -4.228909 2.670616 0.000001 188 188 188
v -4.420792 2.339493 -4.999999 188 188 188
v -4.420792 2.339493 0.000001 188 188 188
v -4.228909 2.670616 0.000001 188 188 188
v -4.420792 2.339493 0.000001 188 188 188
v -4.323364 2.507599 0.191515 188 188 188
v -4.502666 2.169403 0.191515 188 188 188
v -4.476250 2.156677 0.573419 188 188 188
v -4.323364 2.507599 0.191515 188 188 188
v -4.502666 2.169403 0.191515 188 188 188
v -4.420792 2.339493 0.000001 188 188 188
v -4.420792 2.339493 0.000001 188 188 188
v -4.586788 1.994682 0.000001 188 188 188
v -4.586788 1.994682 0.000001 188 188 188
v -4.586788 1.994682 -4.999999 188 188 188
v -4.586788 1.994682 0.000001 188 188 188
v -4.725922 1.638176 -4.999999 188 188 188
v -4.725922 1.638176 0.000001 188 188 188
v -4.586788 1.994682 0.000001 188 188 188
v -4.725922 1.638176 0.000001 188 188 188
v -4.655544 1.818481 0.191515 188 188 188
v -4.781109 1.456879 0.191515 188 188 188
v -4.753052 1.448334 0.573419 188 188 188
v -4.655544 1.818481 0.191515 188 188 188
v -4.781109 1.456879 0.191515 188 188 188
v -4.725922 1.638176 0.000001 188 188 188
v -4.725922 1.638176 0.000001 188 188 188
v -4.837379 1.272079 0.000001 188 188 188
v -4.837379 1.272079 0.000001 188 188 188
v -4.837379 1.272079 -4.999999 188 188 188
v -4.837379 1.272079 0.000001 188 188 188
v -4.920506 0.898529 -4.999999 188 188 188
v -4.920506 0.898529 0.000001 188 188 188
v -4.837379 1.272079 0.000001 188 188 188
v -4.920506 0.898529 0.000001 188 188 188
v -4.878616 1.086746 0.191515 188 188 188
v -4.947502 0.710220 0.191515 188 188 188
v -4.918472 0.706055 0.573419 188 188 188
v -4.878616 1.086746 0.191515 188 188 188
v -4.947502 0.710220 0.191515 188 188 188
v -4.920506 0.898529 0.000001 188 188 188
v -4.920506 0.898529 0.000001 188 188 188
v -4.974823 0.519722 0.000001 188 188 188
v -4.974823 0.519722 0.000001 188 188 188
v -4.974823 0.519722 -4.999999 188 188 188
v -4.974823 0.519722 0.000001 188 188 188
v -5.000000 0.137863 -4.999999 188 188 188
v -5.000000 0.137863 0.000001 188 188 188
v -4.974823 0.519722 0.000001 188 188 188
v -5.000000 0.137863 0.000001 188 188 188
v -4.987358 0.329529 0.191515 188 188 188
v -4.997948 -0.053093 0.191515 188 188 188
v -4.968620 -0.052780 0.573419 188 188 188
v -4.987358 0.329529 0.191515 188 188 188
v -4.997948 -0.053093 0.191515 188 188 188
v -5.000000 0.137863 0.000001 188 188 188
v -5.000000 0.137863 0.000001 188 188 188
v -4.995899 -0.244797 0.000001 188 188 188
v -4.995899 -0.244797 0.000001 188 188 188
v -4.995899 -0.244797 -4.999999 188 188 188
v -4.995899 -0.244797 0.000001 188 188 188
v -4.962543 -0.626022 -4.999999 188 188 188
v -4.962543 -0.626022 0.000001 188 188 188
v -4.995899 -0.244797 0.000001 188 188 188
v -4.962543 -0.626022 0.000001 188 188 188
v -4.979214 -0.435402 0.191515 188 188 188
v -4.931263 -0.815155 0.191515 188 188 188
v -4.902328 -0.810371 0.573419 188 188 188
v -4.979214 -0.435402 0.191515 188 188 188
v -4.931263 -0.815155 0.191515 188 188 188
v -4.962543 -0.626022 0.000001 188 188 188
v -4.962543 -0.626022 0.000001 188 188 188
v -4.900120 -1.003571 0.000001 188 188 188
v -4.900120 -1.003571 0.000001 188 188 188
v -4.900120 -1.003571 -4.999999 188 188 188
v -4.900120 -1.003571 0.000001 188 188 188
v -4.809006 -1.375252 -4.999999 188 188 188
v -4.809006 -1.375252 0.000001 188 188 188
v -4.900120 -1.003571 0.000001 188 188 188
v -4.809006 -1.375252 0.000001 188 188 188
v -4.854378 -1.190132 0.191515 188 188 188
v -4.749016 -1.558113 0.191515 188 188 188
v -4.721149 -1.548973 0.573419 188 188 188
v -4.854378 -1.190132 0.191515 188 188 188
v -4.749016 -1.558113 0.191515 188 188 188
v -4.809006 -1.375252 0.000001 188 188 188
v -4.809006 -1.375252 0.000001 188 188 188
v -4.689728 -1.738876 0.000001 188 188 188
v -4.689728 -1.738876 0.000001 188 188 188
v -4.689728 -1.738876 -4.999999 188 188 188
v -4.689728 -1.738876 0.000001 188 188 188
v -4.542984 -2.092323 -4.999999 188 188 188
v -4.542984 -2.092323 0.000001 188 188 188
v -4.689728 -1.738876 0.000001 188 188 188
v -4.542984 -2.092323 0.000001 188 188 188
v -4.615784 -1.916954 0.191515 188 188 188
v -4.455467 -2.264549 0.191515 188 188 188
v -4.429329 -2.251259 0.573419 188 188 188
v -4.615784 -1.916954 0.191515 188 188 188
v -4.455467 -2.264549 0.191515 188 188 188
v -4.542984 -2.092323 0.000001 188 188 188
v -4.542984 -2.092323 0.000001 188 188 188
v -4.369633 -2.433502 0.000001 188 188 188
v -4.369633 -2.433502 0.000001 188 188 188
v -4.369633 -2.433502 -4.999999 188 188 188
v -4.369633 -2.433502 0.000001 188 188 188
v -4.170696 -2.760429 -4.999999 188 188 188
v -4.170696 -2.760429 0.000001 188 188 188
v -4.369633 -2.433502 0.000001 188 188 188
v -4.170696 -2.760429 0.000001 188 188 188
v -4.269012 -2.598854 0.191515 188 188 188
v -4.057507 -2.917900 0.191515 188 188 188
v -4.033703 -2.900772 0.573419 188 188 188
v -4.269012 -2.598854 0.191515 188 188 188
v -4.057507 -2.917900 0.191515 188 188 188
v -4.170696 -2.760429 0.000001 188 188 188
v -4.170696 -2.760429 0.000001 188 188 188
v -3.947338 -3.071190 0.000001 188 188 188
v -3.947338 -3.071190 0.000001 188 188 188
v -3.947338 -3.071190 -4.999999 188 188 188
v -3.947338 -3.071190 0.000001 188 188 188
v -3.700863 -3.363968 -4.999999 188 188 188
v -3.700863 -3.363968 0.000001 188 188 188
v -3.947338 -3.071190 0.000001 188 188 188
v -3.700863 -3.363968 0.000001 188 188 188
v -3.822197 -3.219826 0.191515 188 188 188
v -3.564457 -3.502861 0.191515 188 188 188
v -3.543545 -3.482307 0.573419 188 188 188
v -3.822197 -3.219826 0.191515 188 188 188
v -3.564457 -3.502861 0.191515 188 188 188
v -3.700863 -3.363968 0.000001 188 188 188
v -3.700863 -3.363968 0.000001 188 188 188
v -3.432713 -3.637039 0.000001 188 188 188
v -3.432713 -3.637039 0.000001 188 188 188
v -3.432713 -3.637039 -4.999999 188 188 188
v -3.432713 -3.637039 0.000001 188 188 188
v -3.144463 -3.888802 -4.999999 188 188 188
v -3.144463 -3.888802 0.000001 188 188 188
v -3.432713 -3.637039 0.000001 188 188 188
v -3.144463 -3.888802 0.000001 188 188 188
v -3.285812 -3.765335 0.191515 188 188 188
v -2.987885 -4.005714 0.191515 188 188 188
v -2.970352 -3.982201 0.573419 188 188 188
v -3.285812 -3.765335 0.191515 188 188 188
v -2.987885 -4.005714 0.191515 188 188 188
v -3.144463 -3.888802 0.000001 188 188 188
v -3.144463 -3.888802 0.000001 188 188 188
v -2.837799 -4.117783 0.000001 188 188 188
v -2.837799 -4.117783 0.000001 188 188 188
v -2.837799 -4.117783 -4.999999 188 188 188
v -2.837799 -4.117783 0.000001 188 188 188
v -2.514519 -4.322655 -4.999999 188 188 188
v -2.514519 -4.322655 0.000001 188 188 188
v -2.837799 -4.117783 0.000001 188 188 188
v -2.514519 -4.322655 0.000001 188 188 188
v -2.672424 -4.222580 0.191515 188 188 188
v -2.341290 -4.414673 0.191515 188 188 188
v -2.327553 -4.388756 0.573419 188 188 188
v -2.672424 -4.222580 0.191515 188 188 188
v -2.341290 -4.414673 0.191515 188 188 188
v -2.514519 -4.322655 0.000001 188 188 188
v -2.514519 -4.322655 0.000001 188 188 188
v -2.176517 -4.502205 0.000001 188 188 188
v -2.176517 -4.502205 0.000001 188 188 188
v -2.176517 -4.502205 -4.999999 188 188 188
v -2.176517 -4.502205 0.000001 188 188 188
v -1.825768 -4.655388 -4.999999 188 188 188
v -1.825768 -4.655388 0.000001 188 188 188
v -2.176517 -4.502205 0.000001 188 188 188
v -1.825768 -4.655388 0.000001 188 188 188
v -1.996418 -4.580849 0.191515 188 188 188
v -1.639832 -4.720146 0.191515 188 188 188
v -1.630215 -4.692451 0.573419 188 188 188
v -1.996418 -4.580849 0.191515 188 188 188
v -1.639832 -4.720146 0.191515 188 188 188
v -1.825768 -4.655388 0.000001 188 188 188
v -1.825768 -4.655388 0.000001 188 188 188
v -1.464333 -4.781303 0.000001 188 188 188
v -1.464333 -4.781303 0.000001 188 188 188
v -1.464333 -4.781303 -4.999999 188 188 188
v -1.464333 -4.781303 0.000001 188 188 188
v -1.094322 -4.879204 -4.999999 188 188 188
v -1.094322 -4.879204 0.000001 188 188 188
v -1.464333 -4.781303 0.000001 188 188 188
v -1.094322 -4.879204 0.000001 188 188 188
v -1.273632 -4.831749 0.191515 188 188 188
v -0.899960 -4.914993 0.191515 188 188 188
v -0.894684 -4.886147 0.573419 188 188 188
v -1.273632 -4.831749 0.191515 188 188 188
v -0.899960 -4.914993 0.191515 188 188 188
v -1.094322 -4.879204 0.000001 188 188 188
v -1.094322 -4.879204 0.000001 188 188 188
v -0.717907 -4.948532 0.000001 188 188 188
v -0.717907 -4.948532 0.000001 188 188 188
v -0.717907 -4.948532 -4.999999 188 188 188
v -0.717907 -4.948532 0.000001 188 188 188
v -0.337292 -4.988876 -4.999999 188 188 188
v -0.337292 -4.988876 0.000001 188 188 188
v -0.717907 -4.948532 0.000001 188 188 188
v -0.337292 -4.988876 0.000001 188 188 188
v -0.521011 -4.969391 0.191515 188 188 188
v -0.139008 -4.994629 0.191515 188 188 188
v -0.138199 -4.965317 0.573419 188 188 188
v -0.521011 -4.969391 0.191515 188 188 188
v -0.139008 -4.994629 0.191515 188 188 188
v -0.337292 -4.988876 0.000001 188 188 188
v -0.337292 -4.988876 0.000001 188 188 188
v 0.045296 -5.000000 0.000001 188 188 188
v 0.045296 -5.000000 0.000001 188 188 188
v 0.045296 -5.000000 -4.999999 188 188 188
v 0.045296 -5.000000 0.000001 188 188 188
v 0.427608 -4.981834 -4.999999 188 188 188
v 0.427608 -4.981834 0.000001 188 188 188
v 0.045296 -5.000000 0.000001 188 188 188
v 0.427608 -4.981834 0.000001 188 188 188
v 0.243805 -4.990555 0.191515 188 188 188
v 0.625183 -4.957199 0.191515 188 188 188
v 0.621510 -4.928108 0.573419 188 188 188
v 0.243805 -4.990555 0.191515 188 188 188
v 0.625183 -4.957199 0.191515 188 188 188
v 0.427608 -4.981834 0.000001 188 188 188
v 0.427608 -4.981834 0.000001 188 188 188
v 0.807419 -4.934494 0.000001 188 188 188
v 0.807419 -4.934494 0.000001 188 188 188
v 0.807419 -4.934494 -4.999999 188 188 188
v 0.807419 -4.934494 0.000001 188 188 188
v 1.182487 -4.858246 -4.999999 188 188 188
v 1.182487 -4.858246 0.000001 188 188 188
v 0.807419 -4.934494 0.000001 188 188 188
v 1.182487 -4.858246 0.000001 188 188 188
v 1.002888 -4.894745 0.191515 188 188 188
v 1.374699 -4.803574 0.191515 188 188 188
v 1.366631 -4.775375 0.573419 188 188 188
v 1.002888 -4.894745 0.191515 188 188 188
v 1.550636 -4.753540 0.000001 188 188 188
v 1.374699 -4.803574 0.191515 188 188 188
v 1.182487 -4.858246 0.000001 188 188 188
v 1.182487 -4.858246 0.000001 188 188 188
v 1.182487 -4.858246 -4.999999 188 188 188
v 1.550636 -4.753540 -4.999999 188 188 188
v 1.182487 -4.858246 -4.999999 188 188 188
v 1.550636 -4.753540 -4.999999 188 188 188
v 1.550636 -4.753540 -4.999999 188 188 188
v 1.193550 -4.597664 -4.999999 188 188 188
v 1.544773 -4.491837 -4.999999 188 188 188
v 1.182487 -4.858246 -4.999999 188 188 188
v 1.193550 -4.597664 -4.999999 188 188 188
v 1.193550 -4.597664 -0.249999 188 188 188
v 1.193550 -4.597664 -4.999999 188 188 188
v 0.835209 -4.676094 -4.999999 188 188 188
v 0.807419 -4.934494 -4.999999 188 188 188
v 0.835209 -4.676094 -4.999999 188 188 188
v 1.182487 -4.858246 -4.999999 188 188 188
v 0.807419 -4.934494 -4.999999 188 188 188
v 0.835209 -4.676094 -4.999999 188 188 188
v 0.835209 -4.676094 -0.249999 188 188 188
v 0.835209 -4.676094 -4.999999 188 188 188
v 0.471886 -4.726631 -4.999999 188 188 188
v 0.427608 -4.981834 -4.999999 188 188 188
v 0.471886 -4.726631 -4.999999 188 188 188
v 0.807419 -4.934494 -4.999999 188 188 188
v 0.427608 -4.981834 -4.999999 188 188 188
v 0.471886 -4.726631 -4.999999 188 188 188
v 0.471886 -4.726631 -0.249999 188 188 188
v 0.471886 -4.726631 -4.999999 188 188 188
v 0.105740 -4.749001 -4.999999 188 188 188
v 0.807419 -4.934494 0.000001 188 188 188
v 1.002888 -4.894745 0.191515 188 188 188
v 0.625183 -4.957199 0.191515 188 188 188
v 1.002888 -4.894745 0.191515 188 188 188
v 0.996994 -4.866020 0.573419 188 188 188
v 0.625183 -4.957199 0.191515 188 188 188
v 0.427608 -4.981834 0.000001 188 188 188
v 0.427608 -4.981834 -4.999999 188 188 188
v 0.807419 -4.934494 -4.999999 188 188 188
v 0.045296 -5.000000 -4.999999 188 188 188
v 0.105740 -4.749001 -4.999999 188 188 188
v 0.427608 -4.981834 -4.999999 188 188 188
v 0.045296 -5.000000 -4.999999 188 188 188
v 0.105740 -4.749001 -4.999999 188 188 188
v 0.105740 -4.749001 -0.249999 188 188 188
v 0.105740 -4.749001 -4.999999 188 188 188
v -0.261040 -4.743065 -4.999999 188 188 188
v -0.337292 -4.988876 -4.999999 188 188 188
v -0.261040 -4.743065 -4.999999 188 188 188
v 0.045296 -5.000000 -4.999999 188 188 188
v -0.337292 -4.988876 -4.999999 188 188 188
v -0.261040 -4.743065 -4.999999 188 188 188
v -0.261040 -4.743065 -0.249999 188 188 188
v -0.261040 -4.743065 -4.999999 188 188 188
v -0.626266 -4.708847 -4.999999 188 188 188
v 0.045296 -5.000000 0.000001 188 188 188
v 0.243805 -4.990555 0.191515 188 188 188
v -0.139008 -4.994629 0.191515 188 188 188
v 0.243805 -4.990555 0.191515 188 188 188
v 0.242371 -4.961273 0.573419 188 188 188
v -0.139008 -4.994629 0.191515 188 188 188
v -0.337292 -4.988876 0.000001 188 188 188
v -0.337292 -4.988876 -4.999999 188 188 188
v 0.045296 -5.000000 -4.999999 188 188 188
v -0.717907 -4.948532 -4.999999 188 188 188
v -0.626266 -4.708847 -4.999999 188 188 188
v -0.337292 -4.988876 -4.999999 188 188 188
v -0.717907 -4.948532 -4.999999 188 188 188
v -0.626266 -4.708847 -4.999999 188 188 188
v -0.626266 -4.708847 -0.249999 188 188 188
v -0.626266 -4.708847 -4.999999 188 188 188
v -0.987762 -4.646561 -4.999999 188 188 188
v -0.626266 -4.708847 -0.249999 188 188 188
v -0.987762 -4.646561 -4.999999 188 188 188
v -0.987762 -4.646561 -0.249999 188 188 188
v -0.987762 -4.646561 -4.999999 188 188 188
v -0.987762 -4.646561 -0.249999 188 188 188
v -1.343376 -4.556580 -4.999999 188 188 188
v -3.307953 3.410545 -0.249999 188 188 188
v -0.987762 -4.646561 -0.249999 188 188 188
v -1.343376 -4.556580 -0.249999 188 188 188
v -3.307953 3.410545 -0.249999 188 188 188
v -1.343376 -4.556580 -0.249999 188 188 188
v -1.690987 -4.439430 -0.249999 188 188 188
v -3.307953 3.410545 -0.249999 188 188 188
v -3.307953 3.410545 -0.249999 188 188 188
v -2.028522 -4.295815 -0.249999 188 188 188
v -3.307953 3.410545 -0.249999 188 188 188
v -2.353966 -4.126587 -0.249999 188 188 188
v -3.307953 3.410545 -0.249999 188 188 188
v -2.665386 -3.932770 -0.249999 188 188 188
v -3.561260 3.145271 -0.249999 188 188 188
v -3.307953 3.410545 -0.249999 188 188 188
v -3.307953 3.410545 -0.249999 188 188 188
v -3.307953 3.410545 -4.999999 188 188 188
v -3.227093 3.820717 -4.999999 188 188 188
v -3.034927 3.655495 -4.999999 188 188 188
v -3.307953 3.410545 -4.999999 188 188 188
v -2.925411 4.056213 -4.999999 188 188 188
v -3.034927 3.655495 -4.999999 188 188 188
v -3.227093 3.820717 -4.999999 188 188 188
v -2.925411 4.056213 -4.999999 188 188 188
v -3.034927 3.655495 -4.999999 188 188 188
v -3.034927 3.655495 -0.249999 188 188 188
v -3.034927 3.655495 -4.999999 188 188 188
v -2.743816 3.878654 -4.999999 188 188 188
v -3.561260 3.145271 -0.249999 188 188 188
v -3.307953 3.410545 -4.999999 188 188 188
v -3.509880 3.562828 -4.999999 188 188 188
v -3.307953 3.410545 -4.999999 188 188 188
v -3.561260 3.145271 -4.999999 188 188 188
v -3.509880 3.562828 -4.999999 188 188 188
v -3.561260 3.145271 -4.999999 188 188 188
v -3.772114 3.284073 -4.999999 188 188 188
v -3.772114 3.284073 -4.999999 188 188 188
v -3.561260 3.145271 -4.999999 188 188 188
v -3.793346 2.861244 -4.999999 188 188 188
v -3.561260 3.145271 -4.999999 188 188 188
v -3.793346 2.861244 -4.999999 188 188 188
v -3.793346 2.861244 -0.249999 188 188 188
v -3.793346 2.861244 -0.249999 188 188 188
v -4.002823 2.560165 -0.249999 188 188 188
v -4.002823 2.560165 -0.249999 188 188 188
v -3.238808 -3.476082 -0.249999 188 188 188
v -4.002823 2.560165 -0.249999 188 188 188
v -3.497391 -3.215942 -0.249999 188 188 188
v -4.188442 2.243828 -0.249999 188 188 188
v -4.002823 2.560165 -0.249999 188 188 188
v -4.188442 2.243828 -0.249999 188 188 188
v -4.002823 2.560165 -4.999999 188 188 188
v -4.228909 2.670616 -4.999999 188 188 188
v -4.002823 2.560165 -4.999999 188 188 188
v -4.188442 2.243828 -4.999999 188 188 188
v -4.012260 2.986092 -4.999999 188 188 188
v -4.002823 2.560165 -4.999999 188 188 188
v -4.228909 2.670616 -4.999999 188 188 188
v -4.012260 2.986092 -4.999999 188 188 188
v -3.793346 2.861244 -4.999999 188 188 188
v -4.002823 2.560165 -4.999999 188 188 188
v -4.188442 2.243828 -4.999999 188 188 188
v -4.188442 2.243828 -0.249999 188 188 188
v -4.188442 2.243828 -0.249999 188 188 188
v -4.349098 1.914108 -0.249999 188 188 188
v -4.349098 1.914108 -0.249999 188 188 188
v -3.735134 -2.936630 -0.249999 188 188 188
v -4.349098 1.914108 -0.249999 188 188 188
v -3.950615 -2.639816 -0.249999 188 188 188
v -4.483833 1.572975 -0.249999 188 188 188
v -4.349098 1.914108 -0.249999 188 188 188
v -4.483833 1.572975 -0.249999 188 188 188
v -4.349098 1.914108 -4.999999 188 188 188
v -4.586788 1.994682 -4.999999 188 188 188
v -4.349098 1.914108 -4.999999 188 188 188
v -4.483833 1.572975 -4.999999 188 188 188
v -4.420792 2.339493 -4.999999 188 188 188
v -4.349098 1.914108 -4.999999 188 188 188
v -4.586788 1.994682 -4.999999 188 188 188
v -4.420792 2.339493 -4.999999 188 188 188
v -4.188442 2.243828 -4.999999 188 188 188
v -4.349098 1.914108 -4.999999 188 188 188
v -4.483833 1.572975 -4.999999 188 188 188
v -4.483833 1.572975 -0.249999 188 188 188
v -4.483833 1.572975 -0.249999 188 188 188
v -4.591843 1.222481 -0.249999 188 188 188
v -4.591843 1.222481 -0.249999 188 188 188
v -4.142544 -2.327271 -0.249999 188 188 188
v -4.591843 1.222481 -0.249999 188 188 188
v -4.309792 -2.000839 -0.249999 188 188 188
v -4.672482 0.864685 -0.249999 188 188 188
v -4.591843 1.222481 -0.249999 188 188 188
v -4.672482 0.864685 -0.249999 188 188 188
v -4.591843 1.222481 -4.999999 188 188 188
v -4.837379 1.272079 -4.999999 188 188 188
v -4.591843 1.222481 -4.999999 188 188 188
v -4.672482 0.864685 -4.999999 188 188 188
v -4.725922 1.638176 -4.999999 188 188 188
v -4.591843 1.222481 -4.999999 188 188 188
v -4.837379 1.272079 -4.999999 188 188 188
v -4.725922 1.638176 -4.999999 188 188 188
v -4.483833 1.572975 -4.999999 188 188 188
v -4.591843 1.222481 -4.999999 188 188 188
v -4.672482 0.864685 -4.999999 188 188 188
v -4.672482 0.864685 -0.249999 188 188 188
v -4.672482 0.864685 -0.249999 188 188 188
v -4.725277 0.501740 -0.249999 188 188 188
v -4.725277 0.501740 -0.249999 188 188 188
v -4.451347 -1.662491 -0.249999 188 188 188
v -4.725277 0.501740 -0.249999 188 188 188
v -4.566372 -1.314224 -0.249999 188 188 188
v -4.749905 0.135803 -0.249999 188 188 188
v -4.725277 0.501740 -0.249999 188 188 188
v -4.749905 0.135803 -0.249999 188 188 188
v -4.725277 0.501740 -4.999999 188 188 188
v -4.974823 0.519722 -4.999999 188 188 188
v -4.725277 0.501740 -4.999999 188 188 188
v -4.749905 0.135803 -4.999999 188 188 188
v -4.920506 0.898529 -4.999999 188 188 188
v -4.725277 0.501740 -4.999999 188 188 188
v -4.974823 0.519722 -4.999999 188 188 188
v -4.920506 0.898529 -4.999999 188 188 188
v -4.672482 0.864685 -4.999999 188 188 188
v -4.725277 0.501740 -4.999999 188 188 188
v -4.749905 0.135803 -4.999999 188 188 188
v -4.749905 0.135803 -0.249999 188 188 188
v -4.749905 0.135803 -0.249999 188 188 188
v -4.746223 -0.230942 -0.249999 188 188 188
v -4.746223 -0.230942 -0.249999 188 188 188
v -4.654179 -0.958122 -0.249999 188 188 188
v -4.714252 -0.596306 -0.249999 188 188 188
v -4.746223 -0.230942 -0.249999 188 188 188
v -4.714252 -0.596306 -0.249999 188 188 188
v -4.746223 -0.230942 -4.999999 188 188 188
v -4.962543 -0.626022 -4.999999 188 188 188
v -4.746223 -0.230942 -4.999999 188 188 188
v -4.714252 -0.596306 -4.999999 188 188 188
v -4.962543 -0.626022 -4.999999 188 188 188
v -4.714252 -0.596306 -4.999999 188 188 188
v -4.900120 -1.003571 -4.999999 188 188 188
v -4.900120 -1.003571 -4.999999 188 188 188
v -4.714252 -0.596306 -4.999999 188 188 188
v -4.654179 -0.958122 -0.249999 188 188 188
v -4.654179 -0.958122 -4.999999 188 188 188
v -4.714252 -0.596306 -4.999999 188 188 188
v -4.566372 -1.314224 -0.249999 188 188 188
v -4.654179 -0.958122 -4.999999 188 188 188
v -4.654179 -0.958122 -0.249999 188 188 188
v -4.566372 -1.314224 -0.249999 188 188 188
v -4.654179 -0.958122 -4.999999 188 188 188
v -4.809006 -1.375252 -4.999999 188 188 188
v -4.654179 -0.958122 -4.999999 188 188 188
v -4.566372 -1.314224 -4.999999 188 188 188
v -4.809006 -1.375252 -4.999999 188 188 188
v -4.566372 -1.314224 -4.999999 188 188 188
v -4.689728 -1.738876 -4.999999 188 188 188
v -4.689728 -1.738876 -4.999999 188 188 188
v -4.566372 -1.314224 -4.999999 188 188 188
v -4.451347 -1.662491 -0.249999 188 188 188
v -4.451347 -1.662491 -4.999999 188 188 188
v -4.566372 -1.314224 -4.999999 188 188 188
v -4.309792 -2.000839 -0.249999 188 188 188
v -4.451347 -1.662491 -4.999999 188 188 188
v -4.451347 -1.662491 -0.249999 188 188 188
v -4.309792 -2.000839 -0.249999 188 188 188
v -4.451347 -1.662491 -4.999999 188 188 188
v -4.542984 -2.092323 -4.999999 188 188 188
v -4.451347 -1.662491 -4.999999 188 188 188
v -4.309792 -2.000839 -4.999999 188 188 188
v -4.542984 -2.092323 -4.999999 188 188 188
v -4.309792 -2.000839 -4.999999 188 188 188
v -4.369633 -2.433502 -4.999999 188 188 188
v -4.369633 -2.433502 -4.999999 188 188 188
v -4.309792 -2.000839 -4.999999 188 188 188
v -4.142544 -2.327271 -0.249999 188 188 188
v -4.142544 -2.327271 -4.999999 188 188 188
v -4.309792 -2.000839 -4.999999 188 188 188
v -3.950615 -2.639816 -0.249999 188 188 188
v -4.142544 -2.327271 -4.999999 188 188 188
v -4.142544 -2.327271 -0.249999 188 188 188
v -3.950615 -2.639816 -0.249999 188 188 188
v -4.142544 -2.327271 -4.999999 188 188 188
v -4.170696 -2.760429 -4.999999 188 188 188
v -4.142544 -2.327271 -4.999999 188 188 188
v -3.950615 -2.639816 -4.999999 188 188 188
v -4.170696 -2.760429 -4.999999 188 188 188
v -3.950615 -2.639816 -4.999999 188 188 188
v -3.947338 -3.071190 -4.999999 188 188 188
v -3.947338 -3.071190 -4.999999 188 188 188
v -3.950615 -2.639816 -4.999999 188 188 188
v -3.735134 -2.936630 -0.249999 188 188 188
v -3.735134 -2.936630 -4.999999 188 188 188
v -3.950615 -2.639816 -4.999999 188 188 188
v -3.497391 -3.215942 -0.249999 188 188 188
v -3.735134 -2.936630 -4.999999 188 188 188
v -3.735134 -2.936630 -0.249999 188 188 188
v -3.497391 -3.215942 -0.249999 188 188 188
v -3.735134 -2.936630 -4.999999 188 188 188
v -3.700863 -3.363968 -4.999999 188 188 188
v -3.735134 -2.936630 -4.999999 188 188 188
v -3.497391 -3.215942 -4.999999 188 188 188
v -3.700863 -3.363968 -4.999999 188 188 188
v -3.497391 -3.215942 -4.999999 188 188 188
v -3.432713 -3.637039 -4.999999 188 188 188
v -3.432713 -3.637039 -4.999999 188 188 188
v -3.497391 -3.215942 -4.999999 188 188 188
v -3.238808 -3.476082 -0.249999 188 188 188
v -3.238808 -3.476082 -4.999999 188 188 188
v -3.497391 -3.215942 -4.999999 188 188 188
v -3.238808 -3.476082 -4.999999 188 188 188
v -3.238808 -3.476082 -0.249999 188 188 188
v -2.960918 -3.715500 -0.249999 188 188 188
v -3.238808 -3.476082 -4.999999 188 188 188
v -3.144463 -3.888802 -4.999999 188 188 188
v -3.238808 -3.476082 -4.999999 188 188 188
v -2.960918 -3.715500 -4.999999 188 188 188
v -3.144463 -3.888802 -4.999999 188 188 188
v -2.960918 -3.715500 -4.999999 188 188 188
v -2.837799 -4.117783 -4.999999 188 188 188
v -2.837799 -4.117783 -4.999999 188 188 188
v -2.960918 -3.715500 -4.999999 188 188 188
v -2.665386 -3.932770 -0.249999 188 188 188
v -2.665386 -3.932770 -4.999999 188 188 188
v -2.960918 -3.715500 -4.999999 188 188 188
v -2.665386 -3.932770 -0.249999 188 188 188
v -2.960918 -3.715500 -4.999999 188 188 188
v -2.960918 -3.715500 -0.249999 188 188 188
v -4.654179 -0.958122 -0.249999 188 188 188
v -4.714252 -0.596306 -4.999999 188 188 188
v -4.714252 -0.596306 -0.249999 188 188 188
v -4.746223 -0.230942 -0.249999 188 188 188
v -4.746223 -0.230942 -4.999999 188 188 188
v -4.749905 0.135803 -4.999999 188 188 188
v -5.000000 0.137863 -4.999999 188 188 188
v -4.749905 0.135803 -4.999999 188 188 188
v -4.746223 -0.230942 -4.999999 188 188 188
v -5.000000 0.137863 -4.999999 188 188 188
v -4.746223 -0.230942 -4.999999 188 188 188
v -4.995899 -0.244797 -4.999999 188 188 188
v -4.749905 0.135803 -0.249999 188 188 188
v -4.566372 -1.314224 -0.249999 188 188 188
v -4.654179 -0.958122 -0.249999 188 188 188
v -4.451347 -1.662491 -0.249999 188 188 188
v -4.566372 -1.314224 -4.999999 188 188 188
v -4.566372 -1.314224 -0.249999 188 188 188
v -4.725277 0.501740 -0.249999 188 188 188
v -4.725277 0.501740 -4.999999 188 188 188
v -4.672482 0.864685 -4.999999 188 188 188
v -4.672482 0.864685 -0.249999 188 188 188
v -4.309792 -2.000839 -0.249999 188 188 188
v -4.451347 -1.662491 -0.249999 188 188 188
v -4.142544 -2.327271 -0.249999 188 188 188
v -4.309792 -2.000839 -4.999999 188 188 188
v -4.309792 -2.000839 -0.249999 188 188 188
v -4.591843 1.222481 -0.249999 188 188 188
v -4.591843 1.222481 -4.999999 188 188 188
v -4.483833 1.572975 -4.999999 188 188 188
v -4.483833 1.572975 -0.249999 188 188 188
v -3.950615 -2.639816 -0.249999 188 188 188
v -4.142544 -2.327271 -0.249999 188 188 188
v -3.735134 -2.936630 -0.249999 188 188 188
v -3.950615 -2.639816 -4.999999 188 188 188
v -3.950615 -2.639816 -0.249999 188 188 188
v -4.349098 1.914108 -0.249999 188 188 188
v -4.349098 1.914108 -4.999999 188 188 188
v -4.188442 2.243828 -4.999999 188 188 188
v -4.188442 2.243828 -0.249999 188 188 188
v -3.497391 -3.215942 -0.249999 188 188 188
v -3.735134 -2.936630 -0.249999 188 188 188
v -3.238808 -3.476082 -0.249999 188 188 188
v -3.497391 -3.215942 -4.999999 188 188 188
v -3.497391 -3.215942 -0.249999 188 188 188
v -3.793346 2.861244 -0.249999 188 188 188
v -2.960918 -3.715500 -0.249999 188 188 188
v -3.238808 -3.476082 -0.249999 188 188 188
v -3.561260 3.145271 -0.249999 188 188 188
v -2.960918 -3.715500 -0.249999 188 188 188
v -3.793346 2.861244 -0.249999 188 188 188
v -4.002823 2.560165 -0.249999 188 188 188
v -4.002823 2.560165 -4.999999 188 188 188
v -3.793346 2.861244 -4.999999 188 188 188
v -3.793346 2.861244 -0.249999 188 188 188
v -3.561260 3.145271 -4.999999 188 188 188
v -3.561260 3.145271 -0.249999 188 188 188
v -3.561260 3.145271 -0.249999 188 188 188
v -2.665386 -3.932770 -0.249999 188 188 188
v -2.960918 -3.715500 -0.249999 188 188 188
v -2.353966 -4.126587 -0.249999 188 188 188
v -2.665386 -3.932770 -4.999999 188 188 188
v -2.665386 -3.932770 -0.249999 188 188 188
v -2.353966 -4.126587 -0.249999 188 188 188
v -2.665386 -3.932770 -4.999999 188 188 188
v -2.514519 -4.322655 -4.999999 188 188 188
v -2.665386 -3.932770 -4.999999 188 188 188
v -2.353966 -4.126587 -4.999999 188 188 188
v -2.514519 -4.322655 -4.999999 188 188 188
v -2.353966 -4.126587 -4.999999 188 188 188
v -2.176517 -4.502205 -4.999999 188 188 188
v -2.176517 -4.502205 -4.999999 188 188 188
v -2.353966 -4.126587 -4.999999 188 188 188
v -2.028522 -4.295815 -0.249999 188 188 188
v -2.028522 -4.295815 -4.999999 188 188 188
v -2.353966 -4.126587 -4.999999 188 188 188
v -2.028522 -4.295815 -0.249999 188 188 188
v -2.353966 -4.126587 -4.999999 188 188 188
v -2.353966 -4.126587 -0.249999 188 188 188
v -1.690987 -4.439430 -0.249999 188 188 188
v -2.028522 -4.295815 -4.999999 188 188 188
v -2.028522 -4.295815 -0.249999 188 188 188
v -1.690987 -4.439430 -0.249999 188 188 188
v -2.028522 -4.295815 -4.999999 188 188 188
v -1.825768 -4.655388 -4.999999 188 188 188
v -2.028522 -4.295815 -4.999999 188 188 188
v -1.690987 -4.439430 -4.999999 188 188 188
v -1.825768 -4.655388 -4.999999 188 188 188
v -1.690987 -4.439430 -4.999999 188 188 188
v -1.464333 -4.781303 -4.999999 188 188 188
v -1.464333 -4.781303 -4.999999 188 188 188
v -1.690987 -4.439430 -4.999999 188 188 188
v -1.343376 -4.556580 -4.999999 188 188 188
v -1.343376 -4.556580 -0.249999 188 188 188
v -1.690987 -4.439430 -4.999999 188 188 188
v -1.690987 -4.439430 -0.249999 188 188 188
v -1.343376 -4.556580 -0.249999 188 188 188
v -1.343376 -4.556580 -4.999999 188 188 188
v -1.690987 -4.439430 -4.999999 188 188 188
v -1.094322 -4.879204 -4.999999 188 188 188
v -1.343376 -4.556580 -4.999999 188 188 188
v -0.987762 -4.646561 -4.999999 188 188 188
v -1.094322 -4.879204 -4.999999 188 188 188
v -0.987762 -4.646561 -4.999999 188 188 188
v -0.717907 -4.948532 -4.999999 188 188 188
v -0.717907 -4.948532 0.000001 188 188 188
v -0.521011 -4.969391 0.191515 188 188 188
v -0.899960 -4.914993 0.191515 188 188 188
v -0.521011 -4.969391 0.191515 188 188 188
v -0.517956 -4.940231 0.573419 188 188 188
v -0.899960 -4.914993 0.191515 188 188 188
v -1.094322 -4.879204 0.000001 188 188 188
v -1.094322 -4.879204 -4.999999 188 188 188
v -0.717907 -4.948532 -4.999999 188 188 188
v -1.464333 -4.781303 -4.999999 188 188 188
v -1.343376 -4.556580 -4.999999 188 188 188
v -1.094322 -4.879204 -4.999999 188 188 188
v -1.464333 -4.781303 0.000001 188 188 188
v -1.273632 -4.831749 0.191515 188 188 188
v -1.639832 -4.720146 0.191515 188 188 188
v -1.273632 -4.831749 0.191515 188 188 188
v -1.266163 -4.803398 0.573419 188 188 188
v -1.639832 -4.720146 0.191515 188 188 188
v -1.825768 -4.655388 0.000001 188 188 188
v -1.825768 -4.655388 -4.999999 188 188 188
v -1.464333 -4.781303 -4.999999 188 188 188
v -2.176517 -4.502205 -4.999999 188 188 188
v -2.028522 -4.295815 -4.999999 188 188 188
v -1.825768 -4.655388 -4.999999 188 188 188
v -2.176517 -4.502205 0.000001 188 188 188
v -1.996418 -4.580849 0.191515 188 188 188
v -2.341290 -4.414673 0.191515 188 188 188
v -1.996418 -4.580849 0.191515 188 188 188
v -1.984703 -4.553970 0.573419 188 188 188
v -2.341290 -4.414673 0.191515 188 188 188
v -2.514519 -4.322655 0.000001 188 188 188
v -2.514519 -4.322655 -4.999999 188 188 188
v -2.176517 -4.502205 -4.999999 188 188 188
v -2.837799 -4.117783 -4.999999 188 188 188
v -2.665386 -3.932770 -4.999999 188 188 188
v -2.514519 -4.322655 -4.999999 188 188 188
v -2.837799 -4.117783 0.000001 188 188 188
v -2.672424 -4.222580 0.191515 188 188 188
v -2.987885 -4.005714 0.191515 188 188 188
v -2.672424 -4.222580 0.191515 188 188 188
v -2.656746 -4.197800 0.573419 188 188 188
v -2.987885 -4.005714 0.191515 188 188 188
v -3.144463 -3.888802 0.000001 188 188 188
v -3.144463 -3.888802 -4.999999 188 188 188
v -2.837799 -4.117783 -4.999999 188 188 188
v -3.432713 -3.637039 -4.999999 188 188 188
v -3.238808 -3.476082 -4.999999 188 188 188
v -3.144463 -3.888802 -4.999999 188 188 188
v -3.432713 -3.637039 0.000001 188 188 188
v -3.285812 -3.765335 0.191515 188 188 188
v -3.564457 -3.502861 0.191515 188 188 188
v -3.285812 -3.765335 0.191515 188 188 188
v -3.266529 -3.743240 0.573419 188 188 188
v -3.564457 -3.502861 0.191515 188 188 188
v -3.700863 -3.363968 0.000001 188 188 188
v -3.700863 -3.363968 -4.999999 188 188 188
v -3.432713 -3.637039 -4.999999 188 188 188
v -3.947338 -3.071190 -4.999999 188 188 188
v -3.735134 -2.936630 -4.999999 188 188 188
v -3.700863 -3.363968 -4.999999 188 188 188
v -3.947338 -3.071190 0.000001 188 188 188
v -3.822197 -3.219826 0.191515 188 188 188
v -4.057507 -2.917900 0.191515 188 188 188
v -3.822197 -3.219826 0.191515 188 188 188
v -3.799770 -3.200928 0.573419 188 188 188
v -4.057507 -2.917900 0.191515 188 188 188
v -4.170696 -2.760429 0.000001 188 188 188
v -4.170696 -2.760429 -4.999999 188 188 188
v -3.947338 -3.071190 -4.999999 188 188 188
v -4.369633 -2.433502 -4.999999 188 188 188
v -4.142544 -2.327271 -4.999999 188 188 188
v -4.170696 -2.760429 -4.999999 188 188 188
v -4.369633 -2.433502 0.000001 188 188 188
v -4.269012 -2.598854 0.191515 188 188 188
v -4.455467 -2.264549 0.191515 188 188 188
v -4.269012 -2.598854 0.191515 188 188 188
v -4.243965 -2.583603 0.573419 188 188 188
v -4.455467 -2.264549 0.191515 188 188 188
v -4.542984 -2.092323 0.000001 188 188 188
v -4.542984 -2.092323 -4.999999 188 188 188
v -4.369633 -2.433502 -4.999999 188 188 188
v -4.689728 -1.738876 -4.999999 188 188 188
v -4.451347 -1.662491 -4.999999 188 188 188
v -4.542984 -2.092323 -4.999999 188 188 188
v -4.689728 -1.738876 0.000001 188 188 188
v -4.615784 -1.916954 0.191515 188 188 188
v -4.749016 -1.558113 0.191515 188 188 188
v -4.615784 -1.916954 0.191515 188 188 188
v -4.588699 -1.905701 0.573419 188 188 188
v -4.749016 -1.558113 0.191515 188 188 188
v -4.809006 -1.375252 0.000001 188 188 188
v -4.809006 -1.375252 -4.999999 188 188 188
v -4.689728 -1.738876 -4.999999 188 188 188
v -4.900120 -1.003571 -4.999999 188 188 188
v -4.654179 -0.958122 -4.999999 188 188 188
v -4.809006 -1.375252 -4.999999 188 188 188
v -4.900120 -1.003571 0.000001 188 188 188
v -4.854378 -1.190132 0.191515 188 188 188
v -4.931263 -0.815155 0.191515 188 188 188
v -4.854378 -1.190132 0.191515 188 188 188
v -4.825901 -1.183144 0.573419 188 188 188
v -4.931263 -0.815155 0.191515 188 188 188
v -4.962543 -0.626022 0.000001 188 188 188
v -4.962543 -0.626022 -4.999999 188 188 188
v -4.900120 -1.003571 -4.999999 188 188 188
v -4.995899 -0.244797 -4.999999 188 188 188
v -4.746223 -0.230942 -4.999999 188 188 188
v -4.962543 -0.626022 -4.999999 188 188 188
v -4.995899 -0.244797 0.000001 188 188 188
v -4.979214 -0.435402 0.191515 188 188 188
v -4.997948 -0.053093 0.191515 188 188 188
v -4.979214 -0.435402 0.191515 188 188 188
v -4.949997 -0.432846 0.573419 188 188 188
v -4.997948 -0.053093 0.191515 188 188 188
v -5.000000 0.137863 0.000001 188 188 188
v -5.000000 0.137863 -4.999999 188 188 188
v -4.995899 -0.244797 -4.999999 188 188 188
v -4.974823 0.519722 -4.999999 188 188 188
v -4.749905 0.135803 -4.999999 188 188 188
v -5.000000 0.137863 -4.999999 188 188 188
v -4.974823 0.519722 0.000001 188 188 188
v -4.987358 0.329529 0.191515 188 188 188
v -4.947502 0.710220 0.191515 188 188 188
v -4.987358 0.329529 0.191515 188 188 188
v -4.958096 0.327599 0.573419 188 188 188
v -4.947502 0.710220 0.191515 188 188 188
v -4.920506 0.898529 0.000001 188 188 188
v -4.920506 0.898529 -4.999999 188 188 188
v -4.974823 0.519722 -4.999999 188 188 188
v -4.837379 1.272079 -4.999999 188 188 188
v -4.672482 0.864685 -4.999999 188 188 188
v -4.920506 0.898529 -4.999999 188 188 188
v -4.837379 1.272079 0.000001 188 188 188
v -4.878616 1.086746 0.191515 188 188 188
v -4.781109 1.456879 0.191515 188 188 188
v -4.878616 1.086746 0.191515 188 188 188
v -4.849991 1.080368 0.573419 188 188 188
v -4.781109 1.456879 0.191515 188 188 188
v -4.725922 1.638176 0.000001 188 188 188
v -4.725922 1.638176 -4.999999 188 188 188
v -4.837379 1.272079 -4.999999 188 188 188
v -4.586788 1.994682 -4.999999 188 188 188
v -4.483833 1.572975 -4.999999 188 188 188
v -4.725922 1.638176 -4.999999 188 188 188
v -4.586788 1.994682 0.000001 188 188 188
v -4.655544 1.818481 0.191515 188 188 188
v -4.502666 2.169403 0.191515 188 188 188
v -4.655544 1.818481 0.191515 188 188 188
v -4.628231 1.807808 0.573419 188 188 188
v -4.502666 2.169403 0.191515 188 188 188
v -4.420792 2.339493 0.000001 188 188 188
v -4.420792 2.339493 -4.999999 188 188 188
v -4.586788 1.994682 -4.999999 188 188 188
v -4.228909 2.670616 -4.999999 188 188 188
v -4.188442 2.243828 -4.999999 188 188 188
v -4.420792 2.339493 -4.999999 188 188 188
v -4.228909 2.670616 0.000001 188 188 188
v -4.323364 2.507599 0.191515 188 188 188
v -4.118702 2.831078 0.191515 188 188 188
v -4.323364 2.507599 0.191515 188 188 188
v -4.298000 2.492882 0.573419 188 188 188
v -4.118702 2.831078 0.191515 188 188 188
v -4.012260 2.986092 0.000001 188 188 188
v -4.012260 2.986092 -4.999999 188 188 188
v -4.228909 2.670616 -4.999999 188 188 188
v -3.772114 3.284073 -4.999999 188 188 188
v -3.793346 2.861244 -4.999999 188 188 188
v -4.012260 2.986092 -4.999999 188 188 188
v -3.772114 3.284073 0.000001 188 188 188
v -3.889870 3.137939 0.191515 188 188 188
v -3.638218 3.426399 0.191515 188 188 188
v -3.889870 3.137939 0.191515 188 188 188
v -3.867050 3.119530 0.573419 188 188 188
v -3.638218 3.426399 0.191515 188 188 188
v -3.509880 3.562828 0.000001 188 188 188
v -3.509880 3.562828 -4.999999 188 188 188
v -3.772114 3.284073 -4.999999 188 188 188
v -3.227093 3.820717 -4.999999 188 188 188
v -3.307953 3.410545 -4.999999 188 188 188
v -3.509880 3.562828 -4.999999 188 188 188
v -3.227093 3.820717 0.000001 188 188 188
v -3.365215 3.694740 0.191515 188 188 188
v -3.072475 3.941406 0.191515 188 188 188
v -3.365215 3.694740 0.191515 188 188 188
v -3.345474 3.673050 0.573419 188 188 188
v -3.072475 3.941406 0.191515 188 188 188
v -2.925411 4.056213 0.000001 188 188 188
v -2.925411 4.056213 -4.999999 188 188 188
v -3.227093 3.820717 -4.999999 188 188 188
v -2.606594 4.267967 -4.999999 188 188 188
v -2.743816 3.878654 -4.999999 188 188 188
v -2.925411 4.056213 -4.999999 188 188 188
v -2.606594 4.267967 -4.999999 188 188 188
v -2.743816 3.878654 -4.999999 188 188 188
v -2.743816 3.878654 -0.249999 188 188 188
v -2.743816 3.878654 -4.999999 188 188 188
v -2.436352 4.078690 -4.999999 188 188 188
v -2.272514 4.454712 -4.999999 188 188 188
v -2.436352 4.078690 -4.999999 188 188 188
v -2.606594 4.267967 -4.999999 188 188 188
v -2.272514 4.454712 -4.999999 188 188 188
v -2.114372 4.254410 -4.999999 188 188 188
v -2.436352 4.078690 -4.999999 188 188 188
v -1.925133 4.615379 -4.999999 188 188 188
v -2.114372 4.254410 -4.999999 188 188 188
v -2.272514 4.454712 -4.999999 188 188 188
v -2.606594 4.267967 0.000001 188 188 188
v -2.434731 4.364029 0.191515 188 188 188
v -2.272514 4.454712 0.000001 188 188 188
v -2.391968 4.287346 0.951957 188 188 188
v -2.713192 4.091759 0.951957 188 188 188
v -2.664963 4.019005 1.324908 188 188 188
v -2.434731 4.364029 0.191515 188 188 188
v -2.745502 4.140495 0.573419 188 188 188
v -2.420448 4.338417 0.573419 188 188 188
v -2.713192 4.091759 0.951957 188 188 188
v -3.018501 3.872147 0.951957 188 188 188
v -2.964844 3.803299 1.324908 188 188 188
v -2.761703 4.164932 0.191515 188 188 188
v -3.054451 3.918266 0.573419 188 188 188
v -2.745502 4.140495 0.573419 188 188 188
v -3.018501 3.872147 0.951957 188 188 188
v -3.306103 3.629822 0.951957 188 188 188
v -3.247330 3.565285 1.324908 188 188 188
v -3.072475 3.941406 0.191515 188 188 188
v -3.345474 3.673050 0.573419 188 188 188
v -3.054451 3.918266 0.573419 188 188 188
v -3.306103 3.629822 0.951957 188 188 188
v -3.574306 3.366188 0.951957 188 188 188
v -3.510765 3.306343 1.324908 188 188 188
v -3.365215 3.694740 0.191515 188 188 188
v -3.616875 3.406281 0.573419 188 188 188
v -3.345474 3.673050 0.573419 188 188 188
v -3.574306 3.366188 0.951957 188 188 188
v -3.821537 3.082809 0.951957 188 188 188
v -3.753605 3.028000 1.324908 188 188 188
v -3.638218 3.426399 0.191515 188 188 188
v -3.867050 3.119530 0.573419 188 188 188
v -3.616875 3.406281 0.573419 188 188 188
v -3.821537 3.082809 0.951957 188 188 188
v -4.046349 2.781334 0.951957 188 188 188
v -3.974415 2.731880 1.324908 188 188 188
v -3.889870 3.137939 0.191515 188 188 188
v -4.094540 2.814461 0.573419 188 188 188
v -3.867050 3.119530 0.573419 188 188 188
v -4.046349 2.781334 0.951957 188 188 188
v -4.247417 2.463539 0.951957 188 188 188
v -4.171909 2.419739 1.324908 188 188 188
v -4.118702 2.831078 0.191515 188 188 188
v -4.298000 2.492882 0.573419 188 188 188
v -4.094540 2.814461 0.573419 188 188 188
v -4.247417 2.463539 0.951957 188 188 188
v -4.423561 2.131287 0.951957 188 188 188
v -4.344929 2.093391 1.324908 188 188 188
v -4.323364 2.507599 0.191515 188 188 188
v -4.476250 2.156677 0.573419 188 188 188
v -4.298000 2.492882 0.573419 188 188 188
v -4.423561 2.131287 0.951957 188 188 188
v -4.573757 1.786530 0.951957 188 188 188
v -4.492451 1.754768 1.324908 188 188 188
v -4.502666 2.169403 0.191515 188 188 188
v -4.628231 1.807808 0.573419 188 188 188
v -4.476250 2.156677 0.573419 188 188 188
v -4.573757 1.786530 0.951957 188 188 188
v -4.697113 1.431282 0.951957 188 188 188
v -4.613613 1.405838 1.324908 188 188 188
v -4.655544 1.818481 0.191515 188 188 188
v -4.753052 1.448334 0.573419 188 188 188
v -4.628231 1.807808 0.573419 188 188 188
v -4.697113 1.431282 0.951957 188 188 188
v -4.792912 1.067642 0.951957 188 188 188
v -4.707706 1.048660 1.324908 188 188 188
v -4.781109 1.456879 0.191515 188 188 188
v -4.849991 1.080368 0.573419 188 188 188
v -4.753052 1.448334 0.573419 188 188 188
v -4.792912 1.067642 0.951957 188 188 188
v -4.860584 0.697746 0.951957 188 188 188
v -4.774178 0.685341 1.324908 188 188 188
v -4.878616 1.086746 0.191515 188 188 188
v -4.918472 0.706055 0.573419 188 188 188
v -4.849991 1.080368 0.573419 188 188 188
v -4.860584 0.697746 0.951957 188 188 188
v -4.899738 0.323746 0.951957 188 188 188
v -4.812634 0.317986 1.324908 188 188 188
v -4.947502 0.710220 0.191515 188 188 188
v -4.958096 0.327599 0.573419 188 188 188
v -4.918472 0.706055 0.573419 188 188 188
v -4.899738 0.323746 0.951957 188 188 188
v -4.910145 -0.052155 0.951957 188 188 188
v -4.822857 -0.051231 1.324908 188 188 188
v -4.987358 0.329529 0.191515 188 188 188
v -4.968620 -0.052780 0.573419 188 188 188
v -4.958096 0.327599 0.573419 188 188 188
v -4.910145 -0.052155 0.951957 188 188 188
v -4.891739 -0.427750 0.951957 188 188 188
v -4.804775 -0.420143 1.324908 188 188 188
v -4.997948 -0.053093 0.191515 188 188 188
v -4.949997 -0.432846 0.573419 188 188 188
v -4.968620 -0.052780 0.573419 188 188 188
v -4.891739 -0.427750 0.951957 188 188 188
v -4.844631 -0.800835 0.951957 188 188 188
v -4.758511 -0.786591 1.324908 188 188 188
v -4.979214 -0.435402 0.191515 188 188 188
v -4.902328 -0.810371 0.573419 188 188 188
v -4.949997 -0.432846 0.573419 188 188 188
v -4.844631 -0.800835 0.951957 188 188 188
v -4.769096 -1.169220 0.951957 188 188 188
v -4.684319 -1.148430 1.324908 188 188 188
v -4.931263 -0.815155 0.191515 188 188 188
v -4.825901 -1.183144 0.573419 188 188 188
v -4.902328 -0.810371 0.573419 188 188 188
v -4.769096 -1.169220 0.951957 188 188 188
v -4.665585 -1.530739 0.951957 188 188 188
v -4.582642 -1.503517 1.324908 188 188 188
v -4.854378 -1.190132 0.191515 188 188 188
v -4.721149 -1.548973 0.573419 188 188 188
v -4.825901 -1.183144 0.573419 188 188 188
v -4.665585 -1.530739 0.951957 188 188 188
v -4.534691 -1.883270 0.951957 188 188 188
v -4.454079 -1.849785 1.324908 188 188 188
v -4.749016 -1.558113 0.191515 188 188 188
v -4.588699 -1.905701 0.573419 188 188 188
v -4.721149 -1.548973 0.573419 188 188 188
v -4.534691 -1.883270 0.951957 188 188 188
v -4.377197 -2.224754 0.951957 188 188 188
v -4.299381 -2.185204 1.324908 188 188 188
v -4.615784 -1.916954 0.191515 188 188 188
v -4.429329 -2.251259 0.573419 188 188 188
v -4.588699 -1.905701 0.573419 188 188 188
v -4.377197 -2.224754 0.951957 188 188 188
v -4.194016 -2.553185 0.951957 188 188 188
v -4.119457 -2.507790 1.324908 188 188 188
v -4.455467 -2.264549 0.191515 188 188 188
v -4.243965 -2.583603 0.573419 188 188 188
v -4.429329 -2.251259 0.573419 188 188 188
v -4.194016 -2.553185 0.951957 188 188 188
v -3.986229 -2.866631 0.951957 188 188 188
v -3.915367 -2.815659 1.324908 188 188 188
v -4.269012 -2.598854 0.191515 188 188 188
v -4.033703 -2.900772 0.573419 188 188 188
v -4.243965 -2.583603 0.573419 188 188 188
v -3.986229 -2.866631 0.951957 188 188 188
v -3.755051 -3.163246 0.951957 188 188 188
v -3.688301 -3.107010 1.324908 188 188 188
v -4.057507 -2.917900 0.191515 188 188 188
v -3.799770 -3.200928 0.573419 188 188 188
v -4.033703 -2.900772 0.573419 188 188 188
v -3.755051 -3.163246 0.951957 188 188 188
v -3.501842 -3.441307 0.951957 188 188 188
v -3.439594 -3.380119 1.324908 188 188 188
v -3.822197 -3.219826 0.191515 188 188 188
v -3.543545 -3.482307 0.573419 188 188 188
v -3.799770 -3.200928 0.573419 188 188 188
v -3.501842 -3.441307 0.951957 188 188 188
v -3.228088 -3.699165 0.951957 188 188 188
v -3.170708 -3.633400 1.324908 188 188 188
v -3.564457 -3.502861 0.191515 188 188 188
v -3.266529 -3.743240 0.573419 188 188 188
v -3.543545 -3.482307 0.573419 188 188 188
v -3.228088 -3.699165 0.951957 188 188 188
v -2.935394 -3.935326 0.951957 188 188 188
v -2.883217 -3.865349 1.324908 188 188 188
v -3.285812 -3.765335 0.191515 188 188 188
v -2.970352 -3.982201 0.573419 188 188 188
v -3.266529 -3.743240 0.573419 188 188 188
v -2.935394 -3.935326 0.951957 188 188 188
v -2.625481 -4.148384 0.951957 188 188 188
v -2.578812 -4.074623 1.324908 188 188 188
v -2.987885 -4.005714 0.191515 188 188 188
v -2.656746 -4.197800 0.573419 188 188 188
v -2.970352 -3.982201 0.573419 188 188 188
v -2.625481 -4.148384 0.951957 188 188 188
v -2.300163 -4.337097 0.951957 188 188 188
v -2.259281 -4.259979 1.324908 188 188 188
v -2.672424 -4.222580 0.191515 188 188 188
v -2.327553 -4.388756 0.573419 188 188 188
v -2.656746 -4.197800 0.573419 188 188 188
v -2.300163 -4.337097 0.951957 188 188 188
v -1.961353 -4.500359 0.951957 188 188 188
v -1.926491 -4.420341 1.324908 188 188 188
v -2.341290 -4.414673 0.191515 188 188 188
v -1.984703 -4.553970 0.573419 188 188 188
v -2.327553 -4.388756 0.573419 188 188 188
v -1.961353 -4.500359 0.951957 188 188 188
v -1.611031 -4.637207 0.951957 188 188 188
v -1.582405 -4.554764 1.324908 188 188 188
v -1.996418 -4.580849 0.191515 188 188 188
v -1.630215 -4.692451 0.573419 188 188 188
v -1.984703 -4.553970 0.573419 188 188 188
v -1.611031 -4.637207 0.951957 188 188 188
v -1.251266 -4.746849 0.951957 188 188 188
v -1.229031 -4.662453 1.324908 188 188 188
v -1.639832 -4.720146 0.191515 188 188 188
v -1.266163 -4.803398 0.573419 188 188 188
v -1.630215 -4.692451 0.573419 188 188 188
v -1.251266 -4.746849 0.951957 188 188 188
v -0.884159 -4.828629 0.951957 188 188 188
v -0.868450 -4.742775 1.324908 188 188 188
v -1.273632 -4.831749 0.191515 188 188 188
v -0.894684 -4.886147 0.573419 188 188 188
v -1.266163 -4.803398 0.573419 188 188 188
v -0.884159 -4.828629 0.951957 188 188 188
v -0.511871 -4.882072 0.951957 188 188 188
v -0.502781 -4.795273 1.324908 188 188 188
v -0.899960 -4.914993 0.191515 188 188 188
v -0.517956 -4.940231 0.573419 188 188 188
v -0.894684 -4.886147 0.573419 188 188 188
v -0.511871 -4.882072 0.951957 188 188 188
v -0.136581 -4.906868 0.951957 188 188 188
v -0.134167 -4.819626 1.324908 188 188 188
v -0.521011 -4.969391 0.191515 188 188 188
v -0.138199 -4.965317 0.573419 188 188 188
v -0.517956 -4.940231 0.573419 188 188 188
v -0.136581 -4.906868 0.951957 188 188 188
v 0.239506 -4.902863 0.951957 188 188 188
v 0.235233 -4.815697 1.324908 188 188 188
v -0.139008 -4.994629 0.191515 188 188 188
v 0.242371 -4.961273 0.573419 188 188 188
v -0.138199 -4.965317 0.573419 188 188 188
v 0.239506 -4.902863 0.951957 188 188 188
v 0.614182 -4.870094 0.951957 188 188 188
v 0.603249 -4.783501 1.324908 188 188 188
v 0.243805 -4.990555 0.191515 188 188 188
v 0.621510 -4.928108 0.573419 188 188 188
v 0.242371 -4.961273 0.573419 188 188 188
v 0.614182 -4.870094 0.951957 188 188 188
v 0.985252 -4.808739 0.951957 188 188 188
v 0.967720 -4.723236 1.324908 188 188 188
v 0.625183 -4.957199 0.191515 188 188 188
v 0.996994 -4.866020 0.573419 188 188 188
v 0.621510 -4.928108 0.573419 188 188 188
v 0.985252 -4.808739 0.951957 188 188 188
v 1.350533 -4.719162 0.951957 188 188 188
v 1.326504 -4.635254 1.324908 188 188 188
v 1.002888 -4.894745 0.191515 188 188 188
v 1.366631 -4.775375 0.573419 188 188 188
v 0.996994 -4.866020 0.573419 188 188 188
v 1.350533 -4.719162 0.951957 188 188 188
v 1.707882 -4.601891 0.951957 188 188 188
v 1.677502 -4.520065 1.324908 188 188 188
v 1.374699 -4.803574 0.191515 188 188 188
v 1.728233 -4.656715 0.573419 188 188 188
v 1.366631 -4.775375 0.573419 188 188 188
v 1.738441 -4.684204 0.191515 188 188 188
v 1.728233 -4.656715 0.573419 188 188 188
v 1.374699 -4.803574 0.191515 188 188 188
v 1.707882 -4.601891 0.951957 188 188 188
v 2.055206 -4.457619 0.951957 188 188 188
v 2.018654 -4.378357 1.324908 188 188 188
v 1.738441 -4.684204 0.191515 188 188 188
v 2.079700 -4.510712 0.573419 188 188 188
v 1.728233 -4.656715 0.573419 188 188 188
v 2.055206 -4.457619 0.951957 188 188 188
v 2.390472 -4.287186 0.951957 188 188 188
v 2.347954 -4.210953 1.324908 188 188 188
v 2.091976 -4.537346 0.191515 188 188 188
v 2.418953 -4.338249 0.573419 188 188 188
v 2.079700 -4.510712 0.573419 188 188 188
v 2.390472 -4.287186 0.951957 188 188 188
v 2.711697 -4.091591 0.951957 188 188 188
v 2.663467 -4.018845 1.324908 188 188 188
v 3.017006 -3.871986 0.951957 188 188 188
v 2.711697 -4.091591 0.951957 188 188 188
v 2.744007 -4.140335 0.573419 188 188 188
v 2.744007 -4.140335 0.573419 188 188 188
v 3.052952 -3.918106 0.573419 188 188 188
v 3.017006 -3.871986 0.951957 188 188 188
v 3.070980 -3.941238 0.191515 188 188 188
v 3.343979 -3.672890 0.573419 188 188 188
v 3.052952 -3.918106 0.573419 188 188 188
v 3.182152 -3.856796 0.000001 188 188 188
v 3.363720 -3.694572 0.191515 188 188 188
v 3.070980 -3.941238 0.191515 188 188 188
v 3.460361 -3.609314 0.000001 188 188 188
v 3.363720 -3.694572 0.191515 188 188 188
v 3.182152 -3.856796 0.000001 188 188 188
v 2.886299 -4.082901 0.000001 188 188 188
v 1.790852 4.668503 0.000001 188 188 188
v 2.133312 4.522278 0.000001 188 188 188
v 1.790852 4.668503 0.000001 188 188 188
v 2.133312 4.522278 0.000001 188 188 188
v 1.790852 4.668503 0.000001 188 188 188
v 1.994923 4.581009 0.191515 188 188 188
v 1.638336 4.720314 0.191515 188 188 188
v 1.628716 4.692612 0.573419 188 188 188
v 1.994923 4.581009 0.191515 188 188 188
v 1.438461 4.788849 0.000001 188 188 188
v 1.638336 4.720314 0.191515 188 188 188
v 1.790852 4.668503 0.000001 188 188 188
v 2.133312 4.522278 0.000001 188 188 188
v 1.994923 4.581009 0.191515 188 188 188
v 2.339790 4.414833 0.191515 188 188 188
v 1.994923 4.581009 0.191515 188 188 188
v 1.983208 4.554131 0.573419 188 188 188
v 2.339790 4.414833 0.191515 188 188 188
v 3.182152 -3.856796 0.000001 188 188 188
v 2.463943 4.350983 0.000001 188 188 188
v 3.460361 -3.609314 0.000001 188 188 188
v 3.460361 -3.609314 0.000001 188 188 188
v 3.636723 -3.426231 0.191515 188 188 188
v 3.363720 -3.694572 0.191515 188 188 188
v 3.888374 -3.137779 0.191515 188 188 188
v 3.865555 -3.119370 0.573419 188 188 188
v 3.636723 -3.426231 0.191515 188 188 188
v 3.957775 -3.055794 0.000001 188 188 188
v 4.117207 -2.830917 0.191515 188 188 188
v 3.888374 -3.137779 0.191515 188 188 188
v 4.174221 -2.752831 0.000001 188 188 188
v 4.117207 -2.830917 0.191515 188 188 188
v 3.957775 -3.055794 0.000001 188 188 188
v 3.719383 -3.341820 0.000001 188 188 188
v 2.780907 4.155556 0.000001 188 188 188
v 3.082447 3.937103 0.000001 188 188 188
v 3.082447 3.937103 0.000001 188 188 188
v 2.986385 4.005875 0.191515 188 188 188
v 3.284313 3.765495 0.191515 188 188 188
v 2.986385 4.005875 0.191515 188 188 188
v 2.968853 3.982368 0.573419 188 188 188
v 3.284313 3.765495 0.191515 188 188 188
v 3.957775 -3.055794 0.000001 188 188 188
v 3.366901 3.696808 0.000001 188 188 188
v 4.174221 -2.752831 0.000001 188 188 188
v 4.174221 -2.752831 0.000001 188 188 188
v 4.321869 -2.507431 0.191515 188 188 188
v 4.117207 -2.830917 0.191515 188 188 188
v 4.501167 -2.169235 0.191515 188 188 188
v 4.474751 -2.156509 0.573419 188 188 188
v 4.321869 -2.507431 0.191515 188 188 188
v 4.536606 -2.102875 0.000001 188 188 188
v 4.654045 -1.818321 0.191515 188 188 188
v 4.501167 -2.169235 0.191515 188 188 188
v 4.680531 -1.759491 0.000001 188 188 188
v 4.654045 -1.818321 0.191515 188 188 188
v 4.536606 -2.102875 0.000001 188 188 188
v 4.367523 -2.434601 0.000001 188 188 188
v 3.632675 3.436028 0.000001 188 188 188
v 3.878307 3.156197 0.000001 188 188 188
v 3.878307 3.156197 0.000001 188 188 188
v 3.820702 3.219986 0.191515 188 188 188
v 4.056011 2.918068 0.191515 188 188 188
v 3.820702 3.219986 0.191515 188 188 188
v 3.798275 3.201096 0.573419 188 188 188
v 4.056011 2.918068 0.191515 188 188 188
v 4.536606 -2.102875 0.000001 188 188 188
v 4.102436 2.858856 0.000001 188 188 188
v 4.680531 -1.759491 0.000001 188 188 188
v 4.680531 -1.759491 0.000001 188 188 188
v 4.779610 -1.456718 0.191515 188 188 188
v 4.654045 -1.818321 0.191515 188 188 188
v 4.877121 -1.086578 0.191515 188 188 188
v 4.848495 -1.080200 0.573419 188 188 188
v 4.779610 -1.456718 0.191515 188 188 188
v 4.889866 -1.045410 0.000001 188 188 188
v 4.946007 -0.710052 0.191515 188 188 188
v 4.877121 -1.086578 0.191515 188 188 188
v 4.954117 -0.678673 0.000001 188 188 188
v 4.946007 -0.710052 0.191515 188 188 188
v 4.889866 -1.045410 0.000001 188 188 188
v 4.798504 -1.406349 0.000001 188 188 188
v 4.303810 2.545677 0.000001 188 188 188
v 4.481323 2.218384 0.000001 188 188 188
v 4.481323 2.218384 0.000001 188 188 188
v 4.453972 2.264709 0.191515 188 188 188
v 4.614288 1.917122 0.191515 188 188 188
v 4.453972 2.264709 0.191515 188 188 188
v 4.427830 2.251427 0.573419 188 188 188
v 4.614288 1.917122 0.191515 188 188 188
v 4.889866 -1.045410 0.000001 188 188 188
v 4.633987 1.878792 0.000001 188 188 188
v 4.954117 -0.678673 0.000001 188 188 188
v 4.954117 -0.678673 0.000001 188 188 188
v 4.985859 -0.329361 0.191515 188 188 188
v 4.946007 -0.710052 0.191515 188 188 188
v 4.996452 0.053261 0.191515 188 188 188
v 4.967125 0.052948 0.573419 188 188 188
v 4.985859 -0.329361 0.191515 188 188 188
v 4.999996 0.064034 0.000001 188 188 188
v 4.977718 0.435570 0.191515 188 188 188
v 4.996452 0.053261 0.191515 188 188 188
v 4.990894 -0.308174 0.000001 188 188 188
v 4.760956 1.528778 0.000001 188 188 188
v 4.861523 1.170296 0.000001 188 188 188
v 4.981373 0.435890 0.000001 188 188 188
v 4.977718 0.435570 0.191515 188 188 188
v 4.999996 0.064034 0.000001 188 188 188
v 4.861523 1.170296 0.000001 188 188 188
v 4.929768 0.815323 0.191515 188 188 188
v 4.935127 0.805321 0.000001 188 188 188
v 4.977718 0.435570 0.191515 188 188 188
v 4.900833 0.810532 0.573419 188 188 188
v 4.948502 0.433014 0.573419 188 188 188
v 4.852882 1.190285 0.191515 188 188 188
v 4.824402 1.183304 0.573419 188 188 188
v 4.929768 0.815323 0.191515 188 188 188
v 4.900833 0.810532 0.573419 188 188 188
v 4.767601 1.169373 0.951957 188 188 188
v 4.843136 0.800995 0.951957 188 188 188
v 4.767601 1.169373 0.951957 188 188 188
v 4.664089 1.530899 0.951957 188 188 188
v 4.581146 1.503685 1.324908 188 188 188
v 4.852882 1.190285 0.191515 188 188 188
v 4.719650 1.549133 0.573419 188 188 188
v 4.824402 1.183304 0.573419 188 188 188
v 4.664089 1.530899 0.951957 188 188 188
v 4.533195 1.883438 0.951957 188 188 188
v 4.452583 1.849945 1.324908 188 188 188
v 4.747517 1.558273 0.191515 188 188 188
v 4.587204 1.905869 0.573419 188 188 188
v 4.719650 1.549133 0.573419 188 188 188
v 4.533195 1.883438 0.951957 188 188 188
v 4.375702 2.224915 0.951957 188 188 188
v 4.297886 2.185364 1.324908 188 188 188
v 4.614288 1.917122 0.191515 188 188 188
v 4.427830 2.251427 0.573419 188 188 188
v 4.587204 1.905869 0.573419 188 188 188
v 4.375702 2.224915 0.951957 188 188 188
v 4.192516 2.553345 0.951957 188 188 188
v 4.117962 2.507950 1.324908 188 188 188
v 4.453972 2.264709 0.191515 188 188 188
v 4.242466 2.583763 0.573419 188 188 188
v 4.427830 2.251427 0.573419 188 188 188
v 4.192516 2.553345 0.951957 188 188 188
v 3.984730 2.866791 0.951957 188 188 188
v 3.913872 2.815819 1.324908 188 188 188
v 4.267517 2.599007 0.191515 188 188 188
v 4.032204 2.900940 0.573419 188 188 188
v 4.242466 2.583763 0.573419 188 188 188
v 3.984730 2.866791 0.951957 188 188 188
v 3.753555 3.163414 0.951957 188 188 188
v 3.686802 3.107170 1.324908 188 188 188
v 4.056011 2.918068 0.191515 188 188 188
v 3.798275 3.201096 0.573419 188 188 188
v 4.032204 2.900940 0.573419 188 188 188
v 3.753555 3.163414 0.951957 188 188 188
v 3.500347 3.441475 0.951957 188 188 188
v 3.438099 3.380280 1.324908 188 188 188
v 3.820702 3.219986 0.191515 188 188 188
v 3.542049 3.482460 0.573419 188 188 188
v 3.798275 3.201096 0.573419 188 188 188
v 3.500347 3.441475 0.951957 188 188 188
v 3.226593 3.699333 0.951957 188 188 188
v 3.169212 3.633560 1.324908 188 188 188
v 3.562962 3.503021 0.191515 188 188 188
v 3.265034 3.743401 0.573419 188 188 188
v 3.542049 3.482460 0.573419 188 188 188
v 3.226593 3.699333 0.951957 188 188 188
v 2.933899 3.935493 0.951957 188 188 188
v 2.881721 3.865517 1.324908 188 188 188
v 3.284313 3.765495 0.191515 188 188 188
v 2.968853 3.982368 0.573419 188 188 188
v 3.265034 3.743401 0.573419 188 188 188
v 2.933899 3.935493 0.951957 188 188 188
v 2.623985 4.148544 0.951957 188 188 188
v 2.577316 4.074791 1.324908 188 188 188
v 2.986385 4.005875 0.191515 188 188 188
v 2.655251 4.197968 0.573419 188 188 188
v 2.968853 3.982368 0.573419 188 188 188
v 2.623985 4.148544 0.951957 188 188 188
v 2.298668 4.337265 0.951957 188 188 188
v 2.257782 4.260147 1.324908 188 188 188
v 2.670925 4.222740 0.191515 188 188 188
v 2.326057 4.388924 0.573419 188 188 188
v 2.655251 4.197968 0.573419 188 188 188
v 2.298668 4.337265 0.951957 188 188 188
v 1.959854 4.500526 0.951957 188 188 188
v 1.924992 4.420502 1.324908 188 188 188
v 2.339790 4.414833 0.191515 188 188 188
v 1.983208 4.554131 0.573419 188 188 188
v 2.326057 4.388924 0.573419 188 188 188
v 1.959854 4.500526 0.951957 188 188 188
v 1.609535 4.637375 0.951957 188 188 188
v 1.580906 4.554924 1.324908 188 188 188
v 1.994923 4.581009 0.191515 188 188 188
v 1.628716 4.692612 0.573419 188 188 188
v 1.983208 4.554131 0.573419 188 188 188
v 1.609535 4.637375 0.951957 188 188 188
v 1.249771 4.747017 0.951957 188 188 188
v 1.227535 4.662613 1.324908 188 188 188
v 1.638336 4.720314 0.191515 188 188 188
v 1.264664 4.803558 0.573419 188 188 188
v 1.628716 4.692612 0.573419 188 188 188
v 1.272137 4.831909 0.191515 188 188 188
v 1.264664 4.803558 0.573419 188 188 188
v 1.638336 4.720314 0.191515 188 188 188
v 1.249771 4.747017 0.951957 188 188 188
v 0.882664 4.828789 0.951957 188 188 188
v 0.866955 4.742943 1.324908 188 188 188
v 1.272137 4.831909 0.191515 188 188 188
v 0.893188 4.886314 0.573419 188 188 188
v 1.264664 4.803558 0.573419 188 188 188
v 0.882664 4.828789 0.951957 188 188 188
v 0.510376 4.882240 0.951957 188 188 188
v 0.501286 4.795433 1.324908 188 188 188
v 0.898464 4.915154 0.191515 188 188 188
v 0.516460 4.940392 0.573419 188 188 188
v 0.893188 4.886314 0.573419 188 188 188
v 0.510376 4.882240 0.951957 188 188 188
v 0.135082 4.907036 0.951957 188 188 188
v 0.132668 4.819786 1.324908 188 188 188
v -0.241005 4.903030 0.951957 188 188 188
v 0.135082 4.907036 0.951957 188 188 188
v 0.136700 4.965477 0.573419 188 188 188
v 0.136700 4.965477 0.573419 188 188 188
v -0.243866 4.961426 0.573419 188 188 188
v -0.241005 4.903030 0.951957 188 188 188
v -0.245300 4.990723 0.191515 188 188 188
v -0.623005 4.928268 0.573419 188 188 188
v -0.243866 4.961426 0.573419 188 188 188
v -0.444149 4.980690 0.000001 188 188 188
v -0.626678 4.957359 0.191515 188 188 188
v -0.245300 4.990723 0.191515 188 188 188
v -0.823811 4.932190 0.000001 188 188 188
v -0.626678 4.957359 0.191515 188 188 188
v -0.444149 4.980690 0.000001 188 188 188
v -0.444149 4.980690 0.000001 188 188 188
v -0.444149 4.980690 -4.999999 188 188 188
v -0.823811 4.932190 -4.999999 188 188 188
v -0.444149 4.980690 -4.999999 188 188 188
v -0.720692 4.695503 -4.999999 188 188 188
v -0.823811 4.932190 -4.999999 188 188 188
v 0.320728 4.990036 0.000001 188 188 188
v -0.061890 5.000000 -4.999999 188 188 188
v -0.061890 5.000000 0.000001 188 188 188
v -0.444149 4.980690 -4.999999 188 188 188
v -0.356224 4.737045 -4.999999 188 188 188
v -0.720692 4.695503 -4.999999 188 188 188
v 0.320728 4.990036 -4.999999 188 188 188
v 0.010361 4.750351 -4.999999 188 188 188
v -0.061890 5.000000 -4.999999 188 188 188
v -0.720692 4.695503 -0.249999 188 188 188
v -0.356224 4.737045 -4.999999 188 188 188
v -0.356224 4.737045 -0.249999 188 188 188
v 0.376881 4.735336 -0.249999 188 188 188
v -1.080864 4.625977 -0.249999 188 188 188
v 0.010361 4.750351 -0.249999 188 188 188
v -0.720692 4.695503 -0.249999 188 188 188
v -0.720692 4.695503 -4.999999 188 188 188
v -0.356224 4.737045 -4.999999 188 188 188
v -0.823811 4.932190 -4.999999 188 188 188
v -0.720692 4.695503 -4.999999 188 188 188
v -1.080864 4.625977 -4.999999 188 188 188
v -0.444149 4.980690 0.000001 188 188 188
v -0.823811 4.932190 -4.999999 188 188 188
v -0.823811 4.932190 0.000001 188 188 188
v -0.823811 4.932190 0.000001 188 188 188
v -1.004383 4.894905 0.191515 188 188 188
v -0.626678 4.957359 0.191515 188 188 188
v -1.376194 4.803726 0.191515 188 188 188
v -1.368126 4.775543 0.573419 188 188 188
v -1.004383 4.894905 0.191515 188 188 188
v -1.739937 4.684364 0.191515 188 188 188
v -1.729736 4.656876 0.573419 188 188 188
v -1.376194 4.803726 0.191515 188 188 188
v -1.925133 4.615379 0.000001 188 188 188
v -2.093479 4.537506 0.191515 188 188 188
v -1.739937 4.684364 0.191515 188 188 188
v -1.925133 4.615379 0.000001 188 188 188
v -1.925133 4.615379 -4.999999 188 188 188
v -2.272514 4.454712 -4.999999 188 188 188
v -1.198650 4.854820 0.000001 188 188 188
v -1.566479 4.749008 -4.999999 188 188 188
v -1.566479 4.749008 0.000001 188 188 188
v -1.198650 4.854820 -4.999999 188 188 188
v -1.434601 4.528870 -4.999999 188 188 188
v -1.566479 4.749008 -4.999999 188 188 188
v -1.925133 4.615379 -4.999999 188 188 188
v -1.779789 4.404770 -4.999999 188 188 188
v -2.114372 4.254410 -4.999999 188 188 188
v -2.436352 4.078690 -0.249999 188 188 188
v -2.436352 4.078690 -4.999999 188 188 188
v -2.114372 4.254410 -4.999999 188 188 188
v -2.743816 3.878654 -0.249999 188 188 188
v -2.436352 4.078690 -4.999999 188 188 188
v -2.436352 4.078690 -0.249999 188 188 188
v -3.034927 3.655495 -0.249999 188 188 188
v -2.743816 3.878654 -4.999999 188 188 188
v -2.743816 3.878654 -0.249999 188 188 188
v -3.307953 3.410545 -0.249999 188 188 188
v -3.034927 3.655495 -4.999999 188 188 188
v -3.034927 3.655495 -0.249999 188 188 188
v -0.626266 -4.708847 -0.249999 188 188 188
v -0.987762 -4.646561 -0.249999 188 188 188
v -3.307953 3.410545 -0.249999 188 188 188
v -0.261040 -4.743065 -0.249999 188 188 188
v -0.626266 -4.708847 -4.999999 188 188 188
v -0.626266 -4.708847 -0.249999 188 188 188
v 0.105740 -4.749001 -0.249999 188 188 188
v -0.261040 -4.743065 -4.999999 188 188 188
v -0.261040 -4.743065 -0.249999 188 188 188
v 0.471886 -4.726631 -0.249999 188 188 188
v 0.105740 -4.749001 -4.999999 188 188 188
v 0.105740 -4.749001 -0.249999 188 188 188
v 0.835209 -4.676094 -0.249999 188 188 188
v 0.471886 -4.726631 -4.999999 188 188 188
v 0.471886 -4.726631 -0.249999 188 188 188
v 1.193550 -4.597664 -0.249999 188 188 188
v 0.835209 -4.676094 -4.999999 188 188 188
v 0.835209 -4.676094 -0.249999 188 188 188
v 1.544773 -4.491837 -0.249999 188 188 188
v 1.193550 -4.597664 -4.999999 188 188 188
v 1.193550 -4.597664 -0.249999 188 188 188
v 1.544773 -4.491837 -0.249999 188 188 188
v 1.544773 -4.491837 -4.999999 188 188 188
v 1.193550 -4.597664 -4.999999 188 188 188
v 1.909691 -4.621002 -4.999999 188 188 188
v 1.544773 -4.491837 -4.999999 188 188 188
v 1.886784 -4.359230 -4.999999 188 188 188
v 1.886784 -4.359230 -0.249999 188 188 188
v 1.078087 4.882652 0.000001 188 188 188
v 1.909691 -4.621002 0.000001 188 188 188
v 1.550636 -4.753540 -4.999999 188 188 188
v 1.544773 -4.491837 -4.999999 188 188 188
v 1.909691 -4.621002 -4.999999 188 188 188
v 1.182487 -4.858246 0.000001 188 188 188
v 1.550636 -4.753540 -4.999999 188 188 188
v 1.550636 -4.753540 0.000001 188 188 188
v 1.550636 -4.753540 0.000001 188 188 188
v 1.738441 -4.684204 0.191515 188 188 188
v 1.374699 -4.803574 0.191515 188 188 188
v 2.091976 -4.537346 0.191515 188 188 188
v 2.079700 -4.510712 0.573419 188 188 188
v 1.738441 -4.684204 0.191515 188 188 188
v 2.433235 -4.363861 0.191515 188 188 188
v 2.418953 -4.338249 0.573419 188 188 188
v 2.091976 -4.537346 0.191515 188 188 188
v 2.574440 -4.286369 0.000001 188 188 188
v 2.760208 -4.164772 0.191515 188 188 188
v 2.433235 -4.363861 0.191515 188 188 188
v 2.574440 -4.286369 0.000001 188 188 188
v 1.438461 4.788849 0.000001 188 188 188
v 1.790852 4.668503 0.000001 188 188 188
v 1.909691 -4.621002 0.000001 188 188 188
v 1.078087 4.882652 0.000001 188 188 188
v 2.248299 -4.466064 0.000001 188 188 188
v 1.438461 4.788849 0.000001 188 188 188
v 1.272137 4.831909 0.191515 188 188 188
v 1.638336 4.720314 0.191515 188 188 188
v 0.898464 4.915154 0.191515 188 188 188
v 0.893188 4.886314 0.573419 188 188 188
v 1.272137 4.831909 0.191515 188 188 188
v 0.519512 4.969551 0.191515 188 188 188
v 0.516460 4.940392 0.573419 188 188 188
v 0.898464 4.915154 0.191515 188 188 188
v 0.320728 4.990036 0.000001 188 188 188
v 0.137512 4.994797 0.191515 188 188 188
v 0.519512 4.969551 0.191515 188 188 188
v 0.320728 4.990036 0.000001 188 188 188
v 0.320728 4.990036 -4.999999 188 188 188
v -0.061890 5.000000 -4.999999 188 188 188
v 1.078087 4.882652 0.000001 188 188 188
v 0.701462 4.950836 -4.999999 188 188 188
v 0.701462 4.950836 0.000001 188 188 188
v 1.078087 4.882652 -4.999999 188 188 188
v 0.701462 4.950836 -4.999999 188 188 188
v 1.078087 4.882652 0.000001 188 188 188
v 0.320728 4.990036 -4.999999 188 188 188
v 0.376881 4.735336 -4.999999 188 188 188
v 0.010361 4.750351 -4.999999 188 188 188
v 0.010361 4.750351 -0.249999 188 188 188
v 0.376881 4.735336 -4.999999 188 188 188
v 0.376881 4.735336 -0.249999 188 188 188
v 0.376881 4.735336 -0.249999 188 188 188
v -1.434601 4.528870 -0.249999 188 188 188
v -1.080864 4.625977 -0.249999 188 188 188
v -1.779789 4.404770 -0.249999 188 188 188
v -1.434601 4.528870 -4.999999 188 188 188
v -1.434601 4.528870 -0.249999 188 188 188
v -2.114372 4.254410 -0.249999 188 188 188
v -1.779789 4.404770 -0.249999 188 188 188
v 1.100994 4.620880 -0.249999 188 188 188
v 1.100994 4.620880 -0.249999 188 188 188
v 1.078087 4.882652 -4.999999 188 188 188
v 1.078087 4.882652 0.000001 188 188 188
v 1.078087 4.882652 -4.999999 188 188 188
v 0.741150 4.692085 -4.999999 188 188 188
v 0.701462 4.950836 -4.999999 188 188 188
v 0.741150 4.692085 -0.249999 188 188 188
v 0.741150 4.692085 -4.999999 188 188 188
v 1.100994 4.620880 -4.999999 188 188 188

f 170 1 172
f 1875 1876 171
f 169 1877 1878
f 1879 163 1880
f 1881 1882 122
f 1883 1884 123
f 1885 1886 1887
f 1888 168 1889
f 53 1890 1891
f 1892 1893 2
f 276 1894 1895
f 1896 1897 54
f 1898 277 1899
f 1900 1901 375
f 1902 1903 173
f 1904 1905 377
f 1906 1907 178
f 177 1908 1909
f 1910 1911 179
f 1912 321 1913
f 1914 1915 230
f 1916 1917 174
f 1918 1919 232
f 1920 1921 231
f 1922 98 1923
f 1924 1925 175
f 99 1926 1927
f 1928 176 1929
f 1930 52 1931
f 1932 1933 126
f 1934 1935 1936
f 1937 1938 1939
f 1940 1941 100
f 1942 1943 129
f 1944 101 1945
f 1946 1947 102
f 1948 1949 103
f 1950 104 1951
f 1952 1953 106
f 1954 1955 159
f 1956 160 1957
f 1958 1959 121
f 1960 1961 162
f 1962 9 1963
f 1964 1965 164
f 1966 1967 1968
f 1969 1970 6
f 8 1971 1972
f 1973 1974 62
f 60 1975 1976
f 1977 1978 61
f 1979 270 1980
f 1981 1982 272
f 1983 1984 271
f 1985 1986 273
f 1987 1988 59
f 1989 7 1990
f 1991 1992 1993
f 1994 58 1995
f 1996 165 1997
f 1998 1999 2000
f 2001 2002 2003
f 2004 2005 166
f 2006 2007 5
f 2008 2009 125
f 124 2010 2011
f 2012 2013 167
f 2014 3 2015
f 2016 2017 2018
f 2019 4 2020
f 55 2021 2022
f 2023 2024 56
f 274 2025 2026
f 2027 2028 57
f 2029 372 2030
f 2031 2032 275
f 2033 2034 2035
f 2036 373 2037
f 2038 2039 374
f 2040 2041 2042
f 2043 2044 443
f 2045 2046 442
f 2047 444 2048
f 376 2049 2050
f 2051 446 2052
f 448 2053 2054
f 2055 445 2056
f 447 2057 2058
f 2059 449 2060
f 450 2061 2062
f 2063 451 2064
f 379 2065 2066
f 2067 452 2068
f 381 2069 2070
f 2071 541 2072
f 382 2073 2074
f 2075 544 2076
f 453 2077 2078
f 2079 546 2080
f 454 2081 2082
f 2083 547 2084
f 457 2085 2086
f 2087 455 2088
f 456 2089 2090
f 2091 458 2092
f 461 2093 2094
f 2095 459 2096
f 385 2097 2098
f 2099 460 2100
f 387 2101 2102
f 2103 551 2104
f 464 2105 2106
f 2107 462 2108
f 463 2109 2110
f 2111 552 2112
f 2113 2114 465
f 208 2115 2116
f 2117 2118 213
f 210 2119 2120
f 2121 2122 211
f 212 2123 2124
f 2125 209 2126
f 215 2127 2128
f 2129 214 2130
f 2131 2132 309
f 2133 2134 191
f 2135 193 2136
f 2137 192 2138
f 2139 206 2140
f 2141 2142 207
f 2143 2144 2145
f 2146 2147 2148
f 2149 2150 2151
f 2152 205 2153
f 2154 2155 2156
f 190 2157 2158
f 189 2159 2160
f 218 2161 2162
f 2163 217 2164
f 2165 2166 219
f 2167 2168 187
f 2169 188 2170
f 2171 186 2172
f 2173 384 2174
f 2175 2176 386
f 2177 2178 2179
f 2180 2181 2182
f 2183 383 2184
f 2185 2186 2187
f 184 2188 2189
f 185 2190 2191
f 221 2192 2193
f 2194 314 2195
f 2196 2197 316
f 2198 2199 222
f 2200 183 2201
f 2202 201 2203
f 2204 203 2205
f 2206 2207 204
f 2208 2209 2210
f 2211 2212 2213
f 2214 202 2215
f 2216 2217 2218
f 200 2219 2220
f 223 2221 2222
f 182 2223 2224
f 2225 224 2226
f 2227 2228 225
f 2229 2230 181
f 2231 199 2232
f 2233 197 2234
f 2235 380 2236
f 2237 2238 198
f 2239 2240 2241
f 2242 2243 2244
f 2245 378 2246
f 2247 2248 2249
f 180 2250 2251
f 226 2252 2253
f 228 2254 2255
f 2256 227 2257
f 2258 2259 229
f 2260 2261 2262
f 2263 195 2264
f 2265 393 2266
f 2267 2268 395
f 2269 2270 2271
f 2272 2273 322
f 2274 2275 488
f 2276 396 2277
f 323 2278 2279
f 2280 397 2281
f 398 2282 2283
f 2284 491 2285
f 399 2286 2287
f 2288 494 2289
f 325 2290 2291
f 2292 493 2293
f 327 2294 2295
f 2296 497 2297
f 401 2298 2299
f 2300 400 2301
f 402 2302 2303
f 2304 403 2305
f 329 2306 2307
f 2308 499 2309
f 330 2310 2311
f 2312 404 2313
f 331 2314 2315
f 2316 501 2317
f 332 2318 2319
f 2320 503 2321
f 335 2322 2323
f 2324 405 2325
f 407 2326 2327
f 2328 506 2329
f 406 2330 2331
f 2332 408 2333
f 410 2334 2335
f 2336 409 2337
f 411 2338 2339
f 2340 509 2341
f 412 2342 2343
f 2344 511 2345
f 341 2346 2347
f 2348 413 2349
f 342 2350 2351
f 2352 414 2353
f 415 2354 2355
f 2356 515 2357
f 344 2358 2359
f 2360 514 2361
f 416 2362 2363
f 2364 518 2365
f 417 2366 2367
f 2368 517 2369
f 347 2370 2371
f 2372 418 2373
f 348 2374 2375
f 2376 419 2377
f 349 2378 2379
f 2380 420 2381
f 422 2382 2383
f 2384 421 2385
f 351 2386 2387
f 2388 521 2389
f 353 2390 2391
f 2392 522 2393
f 354 2394 2395
f 2396 523 2397
f 424 2398 2399
f 2400 423 2401
f 426 2402 2403
f 2404 524 2405
f 428 2406 2407
f 2408 425 2409
f 427 2410 2411
f 2412 430 2413
f 432 2414 2415
f 2416 429 2417
f 431 2418 2419
f 2420 529 2421
f 434 2422 2423
f 2424 433 2425
f 360 2426 2427
f 2428 530 2429
f 436 2430 2431
f 2432 435 2433
f 362 2434 2435
f 2436 437 2437
f 363 2438 2439
f 2440 533 2441
f 366 2442 2443
f 2444 536 2445
f 367 2446 2447
f 2448 438 2449
f 368 2450 2451
f 2452 439 2453
f 370 2454 2455
f 2456 537 2457
f 371 2458 2459
f 2460 440 2461
f 2462 2463 2464
f 2465 441 2466
f 2467 2468 616
f 2469 617 2470
f 2471 2472 2473
f 2474 538 2475
f 2476 2477 690
f 2478 692 2479
f 539 2480 2481
f 2482 693 2483
f 619 2484 2485
f 2486 695 2487
f 618 2488 2489
f 2490 697 2491
f 620 2492 2493
f 2494 698 2495
f 540 2496 2497
f 2498 700 2499
f 542 2500 2501
f 2502 701 2503
f 621 2504 2505
f 2506 622 2507
f 543 2508 2509
f 2510 704 2511
f 545 2512 2513
f 2514 623 2515
f 624 2516 2517
f 2518 625 2519
f 548 2520 2521
f 2522 626 2523
f 549 2524 2525
f 2526 627 2527
f 628 2528 2529
f 2530 629 2531
f 630 2532 2533
f 2534 709 2535
f 632 2536 2537
f 2538 631 2539
f 550 2540 2541
f 2542 711 2543
f 633 2544 2545
f 2546 634 2547
f 2548 2549 553
f 466 2550 2551
f 2552 2553 468
f 467 2554 2555
f 2556 2557 310
f 2558 2559 2560
f 2561 2562 2563
f 2564 2565 469
f 2566 2567 389
f 2568 2569 2570
f 2571 2572 216
f 2573 2574 388
f 2575 2576 2577
f 2578 2579 311
f 2580 2581 472
f 2582 474 2583
f 312 2584 2585
f 2586 390 2587
f 313 2588 2589
f 2590 476 2591
f 315 2592 2593
f 2594 479 2595
f 391 2596 2597
f 2598 481 2599
f 317 2600 2601
f 2602 480 2603
f 319 2604 2605
f 2606 483 2607
f 392 2608 2609
f 2610 484 2611
f 394 2612 2613
f 2614 485 2615
f 2616 2617 2618
f 2619 487 2620
f 2621 2622 568
f 2623 486 2624
f 2625 2626 2627
f 2628 489 2629
f 2630 2631 567
f 2632 645 2633
f 490 2634 2635
f 2636 569 2637
f 571 2638 2639
f 2640 572 2641
f 574 2642 2643
f 2644 570 2645
f 573 2646 2647
f 2648 575 2649
f 492 2650 2651
f 2652 576 2653
f 495 2654 2655
f 2656 647 2657
f 496 2658 2659
f 2660 577 2661
f 498 2662 2663
f 2664 649 2665
f 579 2666 2667
f 2668 578 2669
f 500 2670 2671
f 2672 652 2673
f 580 2674 2675
f 2676 581 2677
f 502 2678 2679
f 2680 582 2681
f 505 2682 2683
f 2684 583 2685
f 504 2686 2687
f 2688 584 2689
f 507 2690 2691
f 2692 585 2693
f 508 2694 2695
f 2696 586 2697
f 510 2698 2699
f 2700 656 2701
f 587 2702 2703
f 2704 657 2705
f 512 2706 2707
f 2708 659 2709
f 588 2710 2711
f 2712 589 2713
f 516 2714 2715
f 2716 661 2717
f 513 2718 2719
f 2720 590 2721
f 591 2722 2723
f 2724 664 2725
f 592 2726 2727
f 2728 594 2729
f 593 2730 2731
f 2732 665 2733
f 519 2734 2735
f 2736 595 2737
f 520 2738 2739
f 2740 668 2741
f 596 2742 2743
f 2744 670 2745
f 597 2746 2747
f 2748 598 2749
f 600 2750 2751
f 2752 673 2753
f 599 2754 2755
f 2756 674 2757
f 601 2758 2759
f 2760 676 2761
f 603 2762 2763
f 2764 602 2765
f 525 2766 2767
f 2768 679 2769
f 527 2770 2771
f 2772 678 2773
f 526 2774 2775
f 2776 680 2777
f 528 2778 2779
f 2780 604 2781
f 606 2782 2783
f 2784 607 2785
f 605 2786 2787
f 2788 608 2789
f 532 2790 2791
f 2792 683 2793
f 531 2794 2795
f 2796 684 2797
f 609 2798 2799
f 2800 611 2801
f 534 2802 2803
f 2804 610 2805
f 535 2806 2807
f 2808 612 2809
f 614 2810 2811
f 2812 613 2813
f 615 2814 2815
f 2816 689 2817
f 2818 2819 2820
f 2821 691 2822
f 2823 2824 688
f 2825 774 2826
f 2827 2828 2829
f 2830 776 2831
f 2832 2833 860
f 2834 859 2835
f 775 2836 2837
f 2838 862 2839
f 696 2840 2841
f 2842 863 2843
f 694 2844 2845
f 2846 777 2847
f 779 2848 2849
f 2850 778 2851
f 781 2852 2853
f 2854 780 2855
f 699 2856 2857
f 2858 782 2859
f 702 2860 2861
f 2862 867 2863
f 783 2864 2865
f 2866 869 2867
f 703 2868 2869
f 2870 872 2871
f 705 2872 2873
f 2874 871 2875
f 706 2876 2877
f 2878 784 2879
f 707 2880 2881
f 2882 875 2883
f 785 2884 2885
f 2886 877 2887
f 708 2888 2889
f 2890 786 2891
f 710 2892 2893
f 2894 787 2895
f 789 2896 2897
f 2898 880 2899
f 788 2900 2901
f 2902 791 2903
f 790 2904 2905
f 2906 792 2907
f 2908 2909 713
f 712 2910 2911
f 2912 2913 714
f 554 2914 2915
f 2916 2917 555
f 2918 2919 2920
f 2921 2922 470
f 2923 2924 471
f 2925 2926 2927
f 2928 557 2929
f 2930 2931 636
f 2932 558 2933
f 560 2934 2935
f 2936 559 2937
f 473 2938 2939
f 2940 638 2941
f 475 2942 2943
f 2944 637 2945
f 477 2946 2947
f 2948 561 2949
f 478 2950 2951
f 2952 562 2953
f 482 2954 2955
f 2956 639 2957
f 566 2958 2959
f 2960 563 2961
f 565 2962 2963
f 2964 564 2965
f 2966 2967 2968
f 2969 642 2970
f 2971 2972 728
f 2973 729 2974
f 2975 2976 2977
f 2978 643 2979
f 2980 2981 806
f 2982 730 2983
f 644 2984 2985
f 2986 809 2987
f 646 2988 2989
f 2990 731 2991
f 732 2992 2993
f 2994 811 2995
f 734 2996 2997
f 2998 735 2999
f 733 3000 3001
f 3002 813 3003
f 736 3004 3005
f 3006 812 3007
f 648 3008 3009
f 3010 816 3011
f 650 3012 3013
f 3014 815 3015
f 737 3016 3017
f 3018 817 3019
f 651 3020 3021
f 3022 818 3023
f 653 3024 3025
f 3026 820 3027
f 654 3028 3029
f 3030 821 3031
f 740 3032 3033
f 3034 738 3035
f 739 3036 3037
f 3038 823 3039
f 742 3040 3041
f 3042 743 3043
f 741 3044 3045
f 3046 826 3047
f 655 3048 3049
f 3050 827 3051
f 658 3052 3053
f 3054 744 3055
f 746 3056 3057
f 3058 745 3059
f 747 3060 3061
f 3062 748 3063
f 660 3064 3065
f 3066 831 3067
f 749 3068 3069
f 3070 833 3071
f 662 3072 3073
f 3074 835 3075
f 663 3076 3077
f 3078 837 3079
f 750 3080 3081
f 3082 836 3083
f 666 3084 3085
f 3086 751 3087
f 667 3088 3089
f 3090 839 3091
f 669 3092 3093
f 3094 754 3095
f 753 3096 3097
f 3098 752 3099
f 671 3100 3101
f 3102 755 3103
f 672 3104 3105
f 3106 756 3107
f 757 3108 3109
f 3110 844 3111
f 675 3112 3113
f 3114 843 3115
f 677 3116 3117
f 3118 758 3119
f 759 3120 3121
f 3122 760 3123
f 761 3124 3125
f 3126 762 3127
f 681 3128 3129
f 3130 763 3131
f 766 3132 3133
f 3134 764 3135
f 767 3136 3137
f 3138 765 3139
f 682 3140 3141
f 3142 848 3143
f 768 3144 3145
f 3146 769 3147
f 685 3148 3149
f 3150 770 3151
f 686 3152 3153
f 3154 850 3155
f 772 3156 3157
f 3158 771 3159
f 687 3160 3161
f 3162 852 3163
f 773 3164 3165
f 3166 854 3167
f 3168 3169 3170
f 3171 857 3172
f 3173 3174 856
f 3175 855 3176
f 3177 3178 3179
f 3180 861 3181
f 3182 3183 943
f 3184 1022 3185
f 858 3186 3187
f 3188 944 3189
f 864 3190 3191
f 3192 945 3193
f 946 3194 3195
f 3196 1024 3197
f 865 3198 3199
f 3200 1025 3201
f 866 3202 3203
f 3204 1026 3205
f 947 3206 3207
f 3208 948 3209
f 949 3210 3211
f 3212 1030 3213
f 868 3214 3215
f 3216 1033 3217
f 950 3218 3219
f 3220 1032 3221
f 870 3222 3223
f 3224 951 3225
f 873 3226 3227
f 3228 1035 3229
f 876 3230 3231
f 3232 952 3233
f 874 3234 3235
f 3236 953 3237
f 954 3238 3239
f 3240 955 3241
f 878 3242 3243
f 3244 956 3245
f 879 3246 3247
f 3248 1039 3249
f 959 3250 3251
f 3252 957 3253
f 958 3254 3255
f 3256 961 3257
f 960 3258 3259
f 3260 1042 3261
f 3262 3263 881
f 793 3264 3265
f 3266 3267 715
f 635 3268 3269
f 3270 3271 716
f 556 3272 3273
f 3274 3275 3276
f 3277 3278 719
f 3279 794 3280
f 3281 3282 795
f 718 3283 3284
f 3285 717 3286
f 720 3287 3288
f 3289 797 3290
f 721 3291 3292
f 3293 799 3294
f 723 3295 3296
f 3297 800 3298
f 722 3299 3300
f 3301 724 3302
f 640 3303 3304
f 3305 725 3306
f 727 3307 3308
f 3309 802 3310
f 641 3311 3312
f 3313 726 3314
f 3315 3316 3317
f 3318 804 3319
f 3320 3321 805
f 3322 803 3323
f 3324 3325 3326
f 3327 807 3328
f 3329 3330 973
f 3331 895 3332
f 897 3333 3334
f 3335 896 3336
f 808 3337 3338
f 3339 975 3340
f 810 3341 3342
f 3343 976 3344
f 899 3345 3346
f 3347 977 3348
f 898 3349 3350
f 3351 900 3352
f 814 3353 3354
f 3355 979 3356
f 902 3357 3358
f 3359 901 3360
f 903 3361 3362
f 3363 980 3364
f 904 3365 3366
f 3367 905 3368
f 906 3369 3370
f 3371 982 3372
f 907 3373 3374
f 3375 983 3376
f 819 3377 3378
f 3379 908 3380
f 822 3381 3382
f 3383 910 3384
f 909 3385 3386
f 3387 984 3388
f 824 3389 3390
f 3391 986 3392
f 911 3393 3394
f 3395 912 3396
f 825 3397 3398
f 3399 913 3400
f 828 3401 3402
f 3403 914 3404
f 915 3405 3406
f 3407 989 3408
f 829 3409 3410
f 3411 990 3412
f 830 3413 3414
f 3415 916 3416
f 832 3417 3418
f 3419 994 3420
f 834 3421 3422
f 3423 996 3424
f 918 3425 3426
f 3427 917 3428
f 919 3429 3430
f 3431 921 3432
f 920 3433 3434
f 3435 998 3436
f 840 3437 3438
f 3439 999 3440
f 838 3441 3442
f 3443 922 3444
f 841 3445 3446
f 3447 1001 3448
f 923 3449 3450
f 3451 1003 3452
f 842 3453 3454
f 3455 925 3456
f 924 3457 3458
f 3459 1005 3460
f 926 3461 3462
f 3463 927 3464
f 845 3465 3466
f 3467 1007 3468
f 846 3469 3470
f 3471 928 3472
f 929 3473 3474
f 3475 1009 3476
f 931 3477 3478
f 3479 932 3480
f 934 3481 3482
f 3483 930 3484
f 933 3485 3486
f 3487 935 3488
f 936 3489 3490
f 3491 1012 3492
f 847 3493 3494
f 3495 938 3496
f 937 3497 3498
f 3499 1015 3500
f 849 3501 3502
f 3503 939 3504
f 851 3505 3506
f 3507 940 3508
f 853 3509 3510
f 3511 1019 3512
f 941 3513 3514
f 3515 1018 3516
f 3517 3518 3519
f 3520 942 3521
f 3522 3523 1104
f 3524 1106 3525
f 3526 3527 3528
f 3529 1020 3530
f 3531 3532 1174
f 3533 1107 3534
f 1023 3535 3536
f 3537 1177 3538
f 1021 3539 3540
f 3541 1108 3542
f 1111 3543 3544
f 3545 1109 3546
f 1110 3547 3548
f 3549 1180 3550
f 1112 3551 3552
f 3553 1113 3554
f 1027 3555 3556
f 3557 1181 3558
f 1028 3559 3560
f 3561 1114 3562
f 1029 3563 3564
f 3565 1182 3566
f 1031 3567 3568
f 3569 1184 3570
f 1034 3571 3572
f 3573 1115 3574
f 1116 3575 3576
f 3577 1187 3578
f 1036 3579 3580
f 3581 1186 3582
f 1037 3583 3584
f 3585 1117 3586
f 1118 3587 3588
f 3589 1191 3590
f 1038 3591 3592
f 3593 1190 3594
f 1120 3595 3596
f 3597 1193 3598
f 1119 3599 3600
f 3601 1121 3602
f 1040 3603 3604
f 3605 1195 3606
f 1043 3607 3608
f 3609 1194 3610
f 1041 3611 3612
f 3613 1197 3614
f 3615 3616 1122
f 1044 3617 3618
f 3619 3620 883
f 962 3621 3622
f 3623 3624 882
f 3625 3626 3627
f 3628 3629 3630
f 3631 3632 965
f 3633 3634 884
f 3635 3636 3637
f 3638 3639 885
f 796 3640 3641
f 3642 886 3643
f 887 3644 3645
f 3646 967 3647
f 888 3648 3649
f 3650 968 3651
f 798 3652 3653
f 3654 889 3655
f 801 3656 3657
f 3658 890 3659
f 892 3660 3661
f 3662 893 3663
f 891 3664 3665
f 3666 970 3667
f 3668 3669 3670
f 3671 894 3672
f 3673 3674 1055
f 3675 1054 3676
f 3677 3678 3679
f 3680 1057 3681
f 3682 3683 1056
f 3684 1129 3685
f 972 3686 3687
f 3688 1058 3689
f 974 3690 3691
f 3692 1130 3693
f 1059 3694 3695
f 3696 1133 3697
f 1061 3698 3699
f 3700 1060 3701
f 1062 3702 3703
f 3704 1136 3705
f 978 3706 3707
f 3708 1135 3709
f 1063 3710 3711
f 3712 1064 3713
f 1065 3714 3715
f 3716 1138 3717
f 1066 3718 3719
f 3720 1140 3721
f 981 3722 3723
f 3724 1067 3725
f 1068 3726 3727
f 3728 1142 3729
f 1069 3730 3731
f 3732 1141 3733
f 1071 3734 3735
f 3736 1070 3737
f 985 3738 3739
f 3740 1143 3741
f 1072 3742 3743
f 3744 1073 3745
f 987 3746 3747
f 3748 1147 3749
f 1074 3750 3751
f 3752 1146 3753
f 1076 3754 3755
f 3756 1075 3757
f 1078 3758 3759
f 3760 1077 3761
f 988 3762 3763
f 3764 1079 3765
f 991 3766 3767
f 3768 1149 3769
f 993 3770 3771
f 3772 1151 3773
f 992 3774 3775
f 3776 1080 3777
f 995 3778 3779
f 3780 1152 3781
f 1081 3782 3783
f 3784 1082 3785
f 997 3786 3787
f 3788 1083 3789
f 1084 3790 3791
f 3792 1154 3793
f 1085 3794 3795
f 3796 1155 3797
f 1000 3798 3799
f 3800 1086 3801
f 1088 3802 3803
f 3804 1087 3805
f 1002 3806 3807
f 3808 1089 3809
f 1006 3810 3811
f 3812 1157 3813
f 1004 3814 3815
f 3816 1090 3817
f 1092 3818 3819
f 3820 1159 3821
f 1093 3822 3823
f 3824 1091 3825
f 1008 3826 3827
f 3828 1162 3829
f 1010 3830 3831
f 3832 1161 3833
f 1095 3834 3835
f 3836 1094 3837
f 1011 3838 3839
f 3840 1096 3841
f 1097 3842 3843
f 3844 1167 3845
f 1013 3846 3847
f 3848 1098 3849
f 1014 3850 3851
f 3852 1169 3853
f 1099 3854 3855
f 3856 1100 3857
f 1016 3858 3859
f 3860 1102 3861
f 1101 3862 3863
f 3864 1103 3865
f 1017 3866 3867
f 3868 1172 3869
f 3870 3871 3872
f 3873 1105 3874
f 3875 3876 1171
f 3877 1266 3878
f 3879 3880 3881
f 3882 1173 3883
f 3884 3885 1343
f 3886 1267 3887
f 1176 3888 3889
f 3890 1268 3891
f 1175 3892 3893
f 3894 1347 3895
f 1178 3896 3897
f 3898 1271 3899
f 1270 3900 3901
f 3902 1269 3903
f 1179 3904 3905
f 3906 1272 3907
f 1273 3908 3909
f 3910 1350 3911
f 1277 3912 3913
f 3914 1274 3915
f 1276 3916 3917
f 3918 1275 3919
f 1278 3920 3921
f 3922 1353 3923
f 1183 3924 3925
f 3926 1280 3927
f 1185 3928 3929
f 3930 1279 3931
f 1281 3932 3933
f 3934 1355 3935
f 1188 3936 3937
f 3938 1360 3939
f 1189 3940 3941
f 3942 1359 3943
f 1282 3944 3945
f 3946 1363 3947
f 1283 3948 3949
f 3950 1362 3951
f 1192 3952 3953
f 3954 1366 3955
f 1286 3956 3957
f 3958 1284 3959
f 1285 3960 3961
f 3962 1369 3963
f 1287 3964 3965
f 3966 1371 3967
f 1196 3968 3969
f 3970 1372 3971
f 3972 3973 1288
f 1198 3974 3975
f 3976 3977 1199
f 963 3978 3979
f 3980 3981 964
f 3982 3983 3984
f 3985 3986 1123
f 3987 3988 1046
f 3989 3990 3991
f 3992 3993 1124
f 1047 3994 3995
f 3996 1045 3997
f 966 3998 3999
f 4000 1048 4001
f 1049 4002 4003
f 4004 1051 4005
f 1050 4006 4007
f 4008 1052 4009
f 969 4010 4011
f 4012 1128 4013
f 971 4014 4015
f 4016 1127 4017
f 4018 4019 4020
f 4021 1053 4022
f 4023 4024 1209
f 4025 1211 4026
f 4027 4028 4029
f 4030 1210 4031
f 4032 4033 1298
f 4034 1212 4035
f 1213 4036 4037
f 4038 1301 4039
f 1214 4040 4041
f 4042 1302 4043
f 1131 4044 4045
f 4046 1215 4047
f 1132 4048 4049
f 4050 1304 4051
f 1218 4052 4053
f 4054 1216 4055
f 1134 4056 4057
f 4058 1217 4059
f 1219 4060 4061
f 4062 1308 4063
f 1137 4064 4065
f 4066 1220 4067
f 1221 4068 4069
f 4070 1222 4071
f 1139 4072 4073
f 4074 1310 4075
f 1225 4076 4077
f 4078 1223 4079
f 1224 4080 4081
f 4082 1311 4083
f 1226 4084 4085
f 4086 1312 4087
f 1227 4088 4089
f 4090 1314 4091
f 1228 4092 4093
f 4094 1229 4095
f 1144 4096 4097
f 4098 1230 4099
f 1145 4100 4101
f 4102 1317 4103
f 1231 4104 4105
f 4106 1318 4107
f 1148 4108 4109
f 4110 1233 4111
f 1232 4112 4113
f 4114 1234 4115
f 1236 4116 4117
f 4118 1235 4119
f 1237 4120 4121
f 4122 1320 4123
f 1150 4124 4125
f 4126 1321 4127
f 1238 4128 4129
f 4130 1239 4131
f 1240 4132 4133
f 4134 1241 4135
f 1242 4136 4137
f 4138 1323 4139
f 1243 4140 4141
f 4142 1244 4143
f 1153 4144 4145
f 4146 1325 4147
f 1245 4148 4149
f 4150 1247 4151
f 1246 4152 4153
f 4154 1249 4155
f 1156 4156 4157
f 4158 1248 4159
f 1158 4160 4161
f 4162 1330 4163
f 1251 4164 4165
f 4166 1250 4167
f 1252 4168 4169
f 4170 1253 4171
f 1160 4172 4173
f 4174 1256 4175
f 1255 4176 4177
f 4178 1254 4179
f 1257 4180 4181
f 4182 1333 4183
f 1163 4184 4185
f 4186 1258 4187
f 1164 4188 4189
f 4190 1337 4191
f 1165 4192 4193
f 4194 1336 4195
f 1260 4196 4197
f 4198 1259 4199
f 1166 4200 4201
f 4202 1338 4203
f 1168 4204 4205
f 4206 1339 4207
f 1262 4208 4209
f 4210 1261 4211
f 1170 4212 4213
f 4214 1342 4215
f 1263 4216 4217
f 4218 1264 4219
f 4220 4221 4222
f 4223 1265 4224
f 4225 4226 1440
f 4227 1439 4228
f 4229 4230 4231
f 4232 1441 4233
f 4234 4235 1438
f 4236 1517 4237
f 1344 4238 4239
f 4240 1520 4241
f 1345 4242 4243
f 4244 1442 4245
f 1348 4246 4247
f 4248 1522 4249
f 1346 4250 4251
f 4252 1443 4253
f 1444 4254 4255
f 4256 1445 4257
f 1349 4258 4259
f 4260 1525 4261
f 1351 4262 4263
f 4264 1446 4265
f 1352 4266 4267
f 4268 1447 4269
f 1448 4270 4271
f 4272 1526 4273
f 1354 4274 4275
f 4276 1449 4277
f 1452 4278 4279
f 4280 1453 4281
f 1451 4282 4283
f 4284 1450 4285
f 1356 4286 4287
f 4288 1528 4289
f 1357 4290 4291
f 4292 1454 4293
f 1358 4294 4295
f 4296 1533 4297
f 1361 4298 4299
f 4300 1455 4301
f 1364 4302 4303
f 4304 1534 4305
f 1365 4306 4307
f 4308 1456 4309
f 1368 4310 4311
f 4312 1457 4313
f 1367 4314 4315
f 4316 1458 4317
f 1370 4318 4319
f 4320 1538 4321
f 1459 4322 4323
f 4324 1540 4325
f 4326 4327 1374
f 1373 4328 4329
f 4330 4331 1201
f 1200 4332 4333
f 4334 4335 1202
f 4336 4337 4338
f 4339 4340 1204
f 4341 4342 1203
f 4343 4344 4345
f 4346 4347 1291
f 1205 4348 4349
f 4350 1290 4351
f 1125 4352 4353
f 4354 1294 4355
f 1206 4356 4357
f 4358 1293 4359
f 1207 4360 4361
f 4362 1296 4363
f 1126 4364 4365
f 4366 1295 4367
f 4368 4369 4370
f 4371 1208 4372
f 4373 4374 1382
f 4375 1299 4376
f 4377 4378 4379
f 4380 1384 4381
f 4382 4383 1383
f 4384 1471 4385
f 1386 4386 4387
f 4388 1385 4389
f 1300 4390 4391
f 4392 1472 4393
f 1387 4394 4395
f 4396 1474 4397
f 1303 4398 4399
f 4400 1388 4401
f 1390 4402 4403
f 4404 1389 4405
f 1305 4406 4407
f 4408 1392 4409
f 1306 4410 4411
f 4412 1391 4413
f 1307 4414 4415
f 4416 1479 4417
f 1393 4418 4419
f 4420 1481 4421
f 1309 4422 4423
f 4424 1480 4425
f 1394 4426 4427
f 4428 1395 4429
f 1397 4430 4431
f 4432 1396 4433
f 1401 4434 4435
f 4436 1398 4437
f 1400 4438 4439
f 4440 1399 4441
f 1313 4442 4443
f 4444 1487 4445
f 1315 4446 4447
f 4448 1486 4449
f 1316 4450 4451
f 4452 1402 4453
f 1405 4454 4455
f 4456 1403 4457
f 1404 4458 4459
f 4460 1406 4461
f 1408 4462 4463
f 4464 1409 4465
f 1319 4466 4467
f 4468 1407 4469
f 1410 4470 4471
f 4472 1491 4473
f 1412 4474 4475
f 4476 1411 4477
f 1322 4478 4479
f 4480 1413 4481
f 1415 4482 4483
f 4484 1414 4485
f 1324 4486 4487
f 4488 1416 4489
f 1420 4490 4491
f 4492 1417 4493
f 1419 4494 4495
f 4496 1418 4497
f 1421 4498 4499
f 4500 1422 4501
f 1326 4502 4503
f 4504 1497 4505
f 1327 4506 4507
f 4508 1423 4509
f 1328 4510 4511
f 4512 1424 4513
f 1329 4514 4515
f 4516 1501 4517
f 1331 4518 4519
f 4520 1425 4521
f 1426 4522 4523
f 4524 1502 4525
f 1427 4526 4527
f 4528 1504 4529
f 1332 4530 4531
f 4532 1503 4533
f 1334 4534 4535
f 4536 1505 4537
f 1335 4538 4539
f 4540 1428 4541
f 1429 4542 4543
f 4544 1431 4545
f 1430 4546 4547
f 4548 1432 4549
f 1434 4550 4551
f 4552 1511 4553
f 1433 4554 4555
f 4556 1510 4557
f 1435 4558 4559
f 4560 1514 4561
f 1340 4562 4563
f 4564 1436 4565
f 1341 4566 4567
f 4568 1437 4569
f 4570 4571 4572
f 4573 1515 4574
f 4575 4576 1592
f 4577 1516 4578
f 4579 4580 4581
f 4582 1518 4583
f 4584 4585 1593
f 4586 1594 4587
f 1595 4588 4589
f 4590 1675 4591
f 1519 4592 4593
f 4594 1674 4595
f 1521 4596 4597
f 4598 1678 4599
f 1596 4600 4601
f 4602 1597 4603
f 1523 4604 4605
f 4606 1679 4607
f 1524 4608 4609
f 4610 1682 4611
f 1598 4612 4613
f 4614 1599 4615
f 1600 4616 4617
f 4618 1684 4619
f 1601 4620 4621
f 4622 1685 4623
f 1527 4624 4625
f 4626 1687 4627
f 1603 4628 4629
f 4630 1686 4631
f 1602 4632 4633
f 4634 1605 4635
f 1604 4636 4637
f 4638 1689 4639
f 1529 4640 4641
f 4642 1606 4643
f 1530 4644 4645
f 4646 1691 4647
f 1531 4648 4649
f 4650 1607 4651
f 1532 4652 4653
f 4654 1693 4655
f 1609 4656 4657
f 4658 1694 4659
f 1535 4660 4661
f 4662 1608 4663
f 1537 4664 4665
f 4666 1696 4667
f 1536 4668 4669
f 4670 1610 4671
f 1539 4672 4673
f 4674 1699 4675
f 1611 4676 4677
f 4678 1698 4679
f 4680 4681 1541
f 1542 4682 4683
f 4684 4685 1375
f 1460 4686 4687
f 4688 4689 1289
f 4690 4691 4692
f 4693 4694 1376
f 4695 4696 1292
f 4697 4698 4699
f 4700 4701 1464
f 1377 4702 4703
f 4704 1465 4705
f 1378 4706 4707
f 4708 1379 4709
f 1380 4710 4711
f 4712 1467 4713
f 1297 4714 4715
f 4716 1381 4717
f 4718 4719 4720
f 4721 1468 4722
f 4723 4724 1545
f 4725 1469 4726
f 4727 4728 4729
f 4730 1470 4731
f 4732 4733 1547
f 4734 1623 4735
f 1548 4736 4737
f 4738 1549 4739
f 1550 4740 4741
f 4742 1624 4743
f 1473 4744 4745
f 4746 1551 4747
f 1475 4748 4749
f 4750 1626 4751
f 1553 4752 4753
f 4754 1552 4755
f 1554 4756 4757
f 4758 1555 4759
f 1476 4760 4761
f 4762 1556 4763
f 1477 4764 4765
f 4766 1630 4767
f 1478 4768 4769
f 4770 1557 4771
f 1558 4772 4773
f 4774 1633 4775
f 1559 4776 4777
f 4778 1560 4779
f 1482 4780 4781
f 4782 1561 4783
f 1483 4784 4785
f 4786 1562 4787
f 1484 4788 4789
f 4790 1637 4791
f 1485 4792 4793
f 4794 1639 4795
f 1488 4796 4797
f 4798 1642 4799
f 1563 4800 4801
f 4802 1564 4803
f 1566 4804 4805
f 4806 1565 4807
f 1569 4808 4809
f 4810 1567 4811
f 1489 4812 4813
f 4814 1568 4815
f 1570 4816 4817
f 4818 1644 4819
f 1490 4820 4821
f 4822 1648 4823
f 1492 4824 4825
f 4826 1647 4827
f 1494 4828 4829
f 4830 1649 4831
f 1493 4832 4833
f 4834 1571 4835
f 1572 4836 4837
f 4838 1652 4839
f 1495 4840 4841
f 4842 1654 4843
f 1573 4844 4845
f 4846 1653 4847
f 1575 4848 4849
f 4850 1574 4851
f 1498 4852 4853
f 4854 1576 4855
f 1496 4856 4857
f 4858 1656 4859
f 1499 4860 4861
f 4862 1577 4863
f 1578 4864 4865
f 4866 1579 4867
f 1500 4868 4869
f 4870 1580 4871
f 1582 4872 4873
f 4874 1658 4875
f 1583 4876 4877
f 4878 1581 4879
f 1585 4880 4881
f 4882 1584 4883
f 1506 4884 4885
f 4886 1664 4887
f 1586 4888 4889
f 4890 1663 4891
f 1507 4892 4893
f 4894 1665 4895
f 1587 4896 4897
f 4898 1588 4899
f 1508 4900 4901
f 4902 1589 4903
f 1509 4904 4905
f 4906 1590 4907
f 1591 4908 4909
f 4910 1667 4911
f 1512 4912 4913
f 4914 1670 4915
f 1513 4916 4917
f 4918 1671 4919
f 4920 4921 4922
f 4923 1672 4924
f 4925 4926 1756
f 4927 1755 4928
f 4929 4930 4931
f 4932 1757 4933
f 4934 4935 1848
f 4936 1758 4937
f 1673 4938 4939
f 4940 1759 4941
f 1676 4942 4943
f 4944 1760 4945
f 1677 4946 4947
f 4948 1761 4949
f 1762 4950 4951
f 4952 1851 4953
f 1680 4954 4955
f 4956 1763 4957
f 1765 4958 4959
f 4960 1764 4961
f 1681 4962 4963
f 4964 1853 4965
f 1766 4966 4967
f 4968 1767 4969
f 1683 4970 4971
f 4972 1768 4973
f 1770 4974 4975
f 4976 1769 4977
f 1771 4978 4979
f 4980 1772 4981
f 1688 4982 4983
f 4984 1858 4985
f 1774 4986 4987
f 4988 1773 4989
f 1776 4990 4991
f 4992 1775 4993
f 1690 4994 4995
f 4996 1777 4997
f 1779 4998 4999
f 5000 1778 5001
f 1692 5002 5003
f 5004 1780 5005
f 1781 5006 5007
f 5008 1864 5009
f 1695 5010 5011
f 5012 1783 5013
f 1782 5014 5015
f 5016 1866 5017
f 1784 5018 5019
f 5020 1785 5021
f 1786 5022 5023
f 5024 1867 5025
f 1697 5026 5027
f 5028 1868 5029
f 1700 5030 5031
f 5032 1871 5033
f 5034 5035 1787
f 1612 5036 5037
f 5038 5039 1701
f 1461 5040 5041
f 5042 5043 1543
f 5044 5045 5046
f 5047 5048 1614
f 5049 5050 1462
f 5051 5052 5053
f 5054 5055 1618
f 1463 5056 5057
f 5058 1617 5059
f 1466 5060 5061
f 5062 1619 5063
f 1544 5064 5065
f 5066 1546 5067
f 5068 5069 5070
f 5071 1621 5072
f 5073 5074 1620
f 5075 1706 5076
f 5077 5078 5079
f 5080 1708 5081
f 5082 5083 1793
f 5084 1709 5085
f 1622 5086 5087
f 5088 1795 5089
f 1625 5090 5091
f 5092 1798 5093
f 1710 5094 5095
f 5096 1712 5097
f 1711 5098 5099
f 5100 1799 5101
f 1627 5102 5103
f 5104 1713 5105
f 1714 5106 5107
f 5108 1715 5109
f 1628 5110 5111
f 5112 1716 5113
f 1629 5114 5115
f 5116 1803 5117
f 1631 5118 5119
f 5120 1802 5121
f 1632 5122 5123
f 5124 1805 5125
f 1634 5126 5127
f 5128 1717 5129
f 1635 5130 5131
f 5132 1718 5133
f 1719 5134 5135
f 5136 1808 5137
f 1638 5138 5139
f 5140 1720 5141
f 1636 5142 5143
f 5144 1812 5145
f 1721 5146 5147
f 5148 1811 5149
f 1640 5150 5151
f 5152 1722 5153
f 1641 5154 5155
f 5156 1723 5157
f 1643 5158 5159
f 5160 1724 5161
f 1725 5162 5163
f 5164 1726 5165
f 1728 5166 5167
f 5168 1727 5169
f 1645 5170 5171
f 5172 1818 5173
f 1646 5174 5175
f 5176 1729 5177
f 1650 5178 5179
f 5180 1821 5181
f 1731 5182 5183
f 5184 1822 5185
f 1730 5186 5187
f 5188 1824 5189
f 1651 5190 5191
f 5192 1825 5193
f 1732 5194 5195
f 5196 1733 5197
f 1734 5198 5199
f 5200 1827 5201
f 1655 5202 5203
f 5204 1735 5205
f 1737 5206 5207
f 5208 1831 5209
f 1736 5210 5211
f 5212 1830 5213
f 1739 5214 5215
f 5216 1738 5217
f 1657 5218 5219
f 5220 1740 5221
f 1659 5222 5223
f 5224 1742 5225
f 1660 5226 5227
f 5228 1741 5229
f 1744 5230 5231
f 5232 1743 5233
f 1661 5234 5235
f 5236 1836 5237
f 1662 5238 5239
f 5240 1747 5241
f 1746 5242 5243
f 5244 1745 5245
f 1666 5246 5247
f 5248 1839 5249
f 1748 5250 5251
f 5252 1749 5253
f 1751 5254 5255
f 5256 1842 5257
f 1750 5258 5259
f 5260 1752 5261
f 1668 5262 5263
f 5264 1846 5265
f 1669 5266 5267
f 5268 1753 5269
f 5270 5271 5272
f 5273 1754 5274
f 5275 5276 297
f 5277 298 5278
f 5279 5280 5281
f 5282 1849 5283
f 286 5284 5285
f 5286 1847 5287
f 5288 5289 5290
f 5291 299 5292
f 5293 5294 5295
f 5296 1850 5297
f 5298 5299 5300
f 5301 301 5302
f 5303 5304 5305
f 5306 300 5307
f 5308 5309 5310
f 5311 1852 5312
f 5313 5314 5315
f 5316 302 5317
f 5318 5319 5320
f 5321 303 5322
f 5323 5324 5325
f 5326 1855 5327
f 5328 5329 5330
f 5331 1854 5332
f 5333 5334 5335
f 5336 1857 5337
f 5338 5339 5340
f 5341 1856 5342
f 5343 5344 5345
f 5346 304 5347
f 5348 5349 5350
f 5351 1860 5352
f 5353 5354 5355
f 5356 1859 5357
f 5358 5359 5360
f 5361 1861 5362
f 5363 5364 5365
f 5366 1862 5367
f 5368 5369 5370
f 5371 305 5372
f 5373 5374 5375
f 5376 1863 5377
f 5378 5379 5380
f 5381 1865 5382
f 5383 5384 5385
f 5386 307 5387
f 5388 5389 5390
f 5391 306 5392
f 5393 5394 5395
f 5396 1869 5397
f 5398 5399 5400
f 5401 308 5402
f 5403 5404 5405
f 5406 1870 5407
f 5408 5409 5410
f 5411 5412 1872
f 5413 5414 1873
f 5415 5416 1788
f 1613 5417 5418
f 5419 5420 1702
f 5421 5422 5423
f 5424 5425 1703
f 5426 5427 1615
f 5428 5429 5430
f 5431 5432 1789
f 1616 5433 5434
f 5435 1792 5436
f 1704 5437 5438
f 5439 1705 5440
f 5441 5442 5443
f 5444 1707 5445
f 5446 5447 279
f 5448 280 5449
f 5450 5451 5452
f 5453 1794 5454
f 5455 5456 5457
f 5458 1796 5459
f 5460 5461 5462
f 5463 1797 5464
f 5465 5466 5467
f 5468 281 5469
f 5470 5471 5472
f 5473 282 5474
f 5475 5476 5477
f 5478 283 5479
f 5480 5481 5482
f 5483 1800 5484
f 5485 5486 5487
f 5488 1801 5489
f 5490 5491 5492
f 5493 284 5494
f 5495 5496 5497
f 5498 285 5499
f 5500 5501 5502
f 5503 1804 5504
f 5505 5506 5507
f 5508 287 5509
f 5510 5511 5512
f 5513 1806 5514
f 5515 5516 5517
f 5518 288 5519
f 5520 5521 5522
f 5523 1807 5524
f 5525 5526 5527
f 5528 1809 5529
f 5530 5531 5532
f 5533 1810 5534
f 5535 5536 5537
f 5538 1813 5539
f 5540 5541 5542
f 5543 289 5544
f 5545 5546 5547
f 5548 1814 5549
f 5550 5551 5552
f 5553 1815 5554
f 5555 5556 5557
f 5558 1817 5559
f 5560 5561 5562
f 5563 1816 5564
f 5565 5566 5567
f 5568 1820 5569
f 5570 5571 5572
f 5573 1819 5574
f 5575 5576 5577
f 5578 1823 5579
f 5580 5581 5582
f 5583 290 5584
f 5585 5586 5587
f 5588 291 5589
f 5590 5591 5592
f 5593 1826 5594
f 5595 5596 5597
f 5598 292 5599
f 5600 5601 5602
f 5603 1828 5604
f 5605 5606 5607
f 5608 293 5609
f 5610 5611 5612
f 5613 294 5614
f 5615 5616 5617
f 5618 1829 5619
f 5620 5621 5622
f 5623 1832 5624
f 5625 5626 5627
f 5628 295 5629
f 5630 5631 5632
f 5633 296 5634
f 5635 5636 5637
f 5638 1833 5639
f 5640 5641 5642
f 5643 1834 5644
f 5645 5646 5647
f 5648 1835 5649
f 5650 5651 5652
f 5653 1837 5654
f 5655 5656 5657
f 5658 1838 5659
f 5660 5661 5662
f 5663 1841 5664
f 5665 5666 5667
f 5668 1840 5669
f 5670 5671 5672
f 5673 1843 5674
f 5675 5676 5677
f 5678 1844 5679
f 5680 5681 5682
f 5683 1845 5684
f 5685 5686 5687
f 5688 5689 5690
f 5691 5692 5693
f 5694 5695 1791
f 5696 5697 1790
f 278 5698 5699
f 5700 5701 5702
f 1874 5703 5704
f 5705 5706 5707
f 5708 5709 5710
f 5711 5712 5713
f 5714 5715 5716
f 5717 5718 5719
f 5720 5721 5722
f 5723 5724 5725
f 5726 5727 5728
f 5729 5730 5731
f 5732 5733 5734
f 5735 5736 5737
f 5738 5739 5740
f 5741 5742 5743
f 5744 5745 5746
f 5747 5748 5749
f 5750 5751 5752
f 5753 5754 5755
f 5756 5757 5758
f 5759 5760 5761
f 5762 5763 5764
f 5765 5766 5767
f 5768 5769 5770
f 5771 5772 5773
f 5774 5775 5776
f 5777 5778 5779
f 5780 5781 5782
f 5783 5784 5785
f 5786 5787 5788
f 5789 5790 5791
f 5792 5793 5794
f 5795 5796 5797
f 5798 5799 5800
f 5801 5802 5803
f 5804 5805 5806
f 5807 5808 5809
f 5810 5811 5812
f 5813 5814 5815
f 5816 5817 5818
f 5819 5820 5821
f 5822 5823 5824
f 5825 5826 5827
f 5828 5829 5830
f 5831 5832 5833
f 5834 5835 5836
f 5837 5838 5839
f 5840 5841 5842
f 5843 5844 5845
f 5846 5847 5848
f 5849 5850 5851
f 5852 5853 5854
f 5855 5856 5857
f 5858 5859 5860
f 5861 5862 5863
f 5864 5865 5866
f 5867 5868 5869
f 5870 5871 5872
f 5873 5874 5875
f 5876 5877 5878
f 5879 5880 5881
f 5882 5883 5884
f 5885 5886 5887
f 5888 5889 5890
f 5891 5892 5893
f 5894 5895 5896
f 5897 5898 5899
f 5900 5901 5902
f 5903 5904 5905
f 5906 5907 5908
f 5909 5910 5911
f 5912 5913 5914
f 5915 5916 5917
f 5918 5919 5920
f 5921 5922 5923
f 5924 5925 5926
f 5927 5928 5929
f 5930 5931 5932
f 5933 5934 5935
f 5936 5937 5938
f 5939 5940 5941
f 5942 5943 5944
f 5945 5946 5947
f 5948 5949 5950
f 5951 5952 5953
f 5954 5955 5956
f 5957 5958 5959
f 5960 5961 5962
f 5963 5964 5965
f 5966 5967 5968
f 5969 5970 5971
f 5972 5973 5974
f 5975 5976 5977
f 5978 5979 5980
f 5981 5982 5983
f 5984 5985 5986
f 5987 5988 5989
f 5990 5991 5992
f 5993 5994 5995
f 5996 5997 5998
f 5999 6000 6001
f 6002 6003 6004
f 6005 6006 6007
f 6008 6009 6010
f 6011 6012 6013
f 6014 6015 6016
f 6017 6018 6019
f 6020 6021 6022
f 6023 6024 6025
f 6026 6027 6028
f 6029 6030 6031
f 6032 6033 6034
f 6035 6036 6037
f 6038 6039 6040
f 6041 6042 6043
f 6044 6045 6046
f 6047 6048 6049
f 6050 6051 6052
f 6053 6054 6055
f 6056 6057 6058
f 6059 6060 6061
f 6062 6063 6064
f 6065 6066 6067
f 6068 6069 6070
f 6071 6072 6073
f 6074 6075 6076
f 6077 6078 6079
f 6080 6081 6082
f 6083 6084 6085
f 6086 6087 6088
f 6089 6090 6091
f 6092 6093 6094
f 6095 6096 6097
f 6098 6099 6100
f 6101 6102 6103
f 6104 6105 6106
f 6107 6108 6109
f 6110 6111 6112
f 6113 6114 6115
f 6116 6117 6118
f 6119 6120 6121
f 6122 6123 6124
f 6125 6126 6127
f 6128 6129 6130
f 6131 6132 6133
f 6134 6135 6136
f 6137 6138 6139
f 6140 6141 6142
f 6143 6144 6145
f 6146 6147 6148
f 6149 6150 6151
f 6152 6153 6154
f 6155 6156 6157
f 6158 6159 6160
f 6161 6162 6163
f 6164 6165 6166
f 6167 6168 6169
f 6170 6171 6172
f 6173 6174 6175
f 6176 6177 6178
f 6179 6180 6181
f 6182 6183 6184
f 6185 6186 6187
f 6188 6189 6190
f 6191 6192 6193
f 6194 6195 6196
f 6197 6198 6199
f 6200 6201 6202
f 6203 6204 6205
f 6206 6207 6208
f 6209 6210 6211
f 6212 6213 6214
f 6215 6216 6217
f 6218 6219 6220
f 6221 6222 6223
f 6224 6225 6226
f 6227 6228 6229
f 6230 6231 6232
f 6233 6234 6235
f 6236 6237 6238
f 6239 6240 6241
f 6242 6243 6244
f 6245 6246 6247
f 6248 6249 6250
f 6251 6252 6253
f 6254 6255 6256
f 6257 6258 6259
f 6260 6261 6262
f 6263 6264 6265
f 6266 6267 6268
f 6269 6270 6271
f 6272 6273 6274
f 6275 6276 6277
f 6278 6279 6280
f 6281 6282 6283
f 6284 6285 6286
f 6287 6288 6289
f 6290 6291 6292
f 6293 6294 6295
f 6296 6297 6298
f 6299 6300 6301
f 6302 6303 6304
f 6305 6306 6307
f 6308 6309 6310
f 6311 6312 6313
f 6314 6315 6316
f 6317 6318 6319
f 6320 6321 6322
f 6323 6324 6325
f 6326 6327 6328
f 6329 6330 6331
f 6332 6333 6334
f 6335 6336 6337
f 6338 6339 6340
f 6341 6342 6343
f 6344 6345 6346
f 6347 6348 6349
f 6350 6351 6352
f 6353 6354 6355
f 6356 6357 6358
f 6359 6360 6361
f 6362 6363 6364
f 6365 6366 6367
f 6368 6369 6370
f 6371 6372 6373
f 6374 6375 6376
f 6377 6378 6379
f 6380 6381 6382
f 6383 6384 6385
f 6386 6387 6388
f 6389 6390 6391
f 6392 6393 6394
f 6395 6396 6397
f 6398 6399 6400
f 6401 6402 6403
f 6404 6405 6406
f 6407 6408 6409
f 6410 6411 6412
f 6413 6414 6415
f 6416 6417 6418
f 6419 6420 6421
f 6422 6423 6424
f 6425 6426 6427
f 6428 6429 6430
f 6431 6432 6433
f 6434 6435 6436
f 6437 6438 6439
f 6440 6441 6442
f 6443 6444 6445
f 6446 6447 6448
f 6449 6450 6451
f 6452 6453 6454
f 6455 6456 6457
f 6458 6459 6460
f 6461 6462 6463
f 6464 6465 6466
f 6467 6468 6469
f 6470 6471 6472
f 6473 6474 6475
f 6476 6477 6478
f 6479 6480 6481
f 6482 6483 6484
f 6485 6486 6487
f 6488 6489 6490
f 6491 6492 6493
f 6494 6495 6496
f 6497 6498 6499
f 6500 6501 6502
f 6503 6504 6505
f 6506 6507 6508
f 6509 6510 6511
f 6512 6513 6514
f 6515 6516 6517
f 6518 6519 6520
f 6521 6522 6523
f 6524 6525 6526
f 6527 6528 6529
f 6530 6531 6532
f 6533 6534 6535
f 6536 6537 6538
f 6539 6540 6541
f 6542 6543 6544
f 6545 6546 6547
f 6548 6549 6550
f 6551 6552 6553
f 6554 6555 6556
f 6557 6558 6559
f 6560 6561 6562
f 6563 6564 6565
f 6566 6567 6568
f 6569 6570 6571
f 6572 6573 6574
f 6575 6576 6577
f 6578 6579 6580
f 6581 6582 6583
f 6584 6585 6586
f 6587 6588 6589
f 6590 6591 6592
f 6593 6594 6595
f 6596 6597 6598
f 6599 6600 6601
f 6602 6603 6604
f 6605 6606 6607
f 6608 6609 6610
f 6611 6612 6613
f 6614 6615 6616
f 6617 6618 6619
f 6620 6621 6622
f 6623 6624 6625
f 6626 6627 6628
f 6629 6630 6631
f 6632 6633 6634
f 6635 6636 6637
f 6638 6639 6640
f 6641 6642 6643
f 6644 6645 6646
f 6647 6648 6649
f 6650 6651 6652
f 6653 6654 6655
f 6656 6657 6658
f 6659 6660 6661
f 6662 6663 6664
f 6665 6666 6667
f 6668 6669 6670
f 6671 6672 6673
f 6674 6675 6676
f 6677 6678 6679
f 6680 6681 6682
f 6683 6684 6685
f 6686 6687 6688
f 6689 6690 6691
f 6692 6693 6694
f 6695 6696 6697
f 6698 6699 6700
f 6701 6702 6703
f 6704 6705 6706
f 6707 6708 6709
f 6710 6711 6712
f 6713 6714 6715
f 6716 6717 6718
f 6719 6720 6721
f 6722 6723 6724
f 6725 6726 6727
f 6728 6729 6730
f 6731 6732 6733
f 6734 6735 6736
f 6737 6738 6739
f 6740 6741 6742
f 6743 6744 6745
f 6746 6747 6748
f 6749 6750 6751
f 6752 6753 6754
f 6755 6756 6757
f 6758 6759 6760
f 6761 6762 6763
f 6764 6765 6766
f 6767 6768 6769
f 6770 6771 6772
f 6773 6774 6775
f 6776 6777 6778
f 6779 6780 6781
f 6782 6783 6784
f 6785 6786 6787
f 6788 6789 6790
f 6791 6792 6793
f 6794 6795 6796
f 6797 6798 6799
f 6800 6801 6802
f 6803 6804 6805
f 6806 6807 6808
f 6809 6810 6811
f 6812 6813 6814
f 6815 6816 6817
f 6818 6819 6820
f 6821 6822 6823
f 6824 6825 6826
f 6827 6828 6829
f 6830 6831 6832
f 6833 6834 6835
f 6836 6837 6838
f 6839 6840 6841
f 6842 6843 6844
f 6845 6846 6847
f 6848 6849 6850
f 6851 6852 6853
f 6854 6855 6856
f 6857 6858 6859
f 6860 6861 6862
f 6863 6864 6865
f 6866 6867 6868
f 6869 6870 6871
f 6872 6873 6874
f 6875 6876 6877
f 6878 6879 6880
f 6881 6882 6883
f 6884 6885 6886
f 6887 6888 6889
f 6890 6891 6892
f 6893 6894 6895
f 6896 6897 6898
f 6899 6900 6901
f 6902 6903 6904
f 6905 6906 6907
f 6908 6909 6910
f 6911 6912 6913
f 6914 6915 6916
f 6917 6918 6919
f 6920 6921 6922
f 6923 6924 6925
f 6926 6927 6928
f 6929 6930 6931
f 6932 6933 6934
f 6935 6936 6937
f 6938 6939 6940
f 6941 6942 6943
f 6944 6945 6946
f 6947 6948 6949
f 6950 6951 6952
f 6953 6954 6955
f 6956 6957 6958
f 6959 6960 6961
f 6962 6963 6964
f 6965 6966 6967
f 6968 6969 6970
f 6971 6972 6973
f 6974 6975 6976
f 6977 6978 6979
f 6980 6981 6982
f 6983 6984 6985
f 6986 6987 6988
f 6989 6990 6991
f 6992 6993 6994
f 6995 6996 6997
f 6998 6999 7000
f 7001 7002 7003
f 7004 7005 7006
f 7007 7008 7009
f 7010 7011 7012
f 7013 7014 7015
f 7016 7017 7018
f 7019 7020 7021
f 7022 7023 7024
f 7025 7026 7027
f 7028 7029 7030
f 7031 7032 7033
f 7034 7035 7036
f 7037 7038 7039
f 7040 7041 7042
f 7043 7044 7045
f 7046 7047 7048
f 7049 7050 7051
f 7052 7053 7054
f 7055 7056 7057
f 7058 7059 7060
f 7061 7062 7063
f 7064 7065 7066
f 7067 7068 7069
f 7070 7071 7072
f 7073 7074 7075
f 7076 7077 7078
f 7079 7080 7081
f 7082 7083 7084
f 7085 7086 7087
f 7088 7089 7090
f 7091 7092 7093
f 7094 7095 7096
f 7097 7098 7099
f 7100 7101 7102
f 7103 7104 7105
f 7106 7107 7108
f 7109 7110 7111
f 7112 7113 7114
f 7115 7116 7117
f 7118 7119 7120
f 7121 7122 7123
f 7124 7125 7126
f 7127 7128 7129
f 7130 7131 7132
f 7133 7134 7135
f 7136 7137 7138
f 7139 7140 7141
f 7142 7143 7144
f 7145 7146 7147
f 7148 7149 7150
f 7151 7152 7153
f 7154 7155 7156
f 7157 7158 7159
f 7160 7161 7162
f 7163 7164 7165
f 7166 7167 7168
f 7169 7170 7171
f 7172 7173 7174
f 7175 7176 7177
f 7178 7179 7180
f 7181 7182 7183
f 7184 7185 7186
f 7187 7188 7189
f 7190 7191 7192
f 7193 7194 7195
f 7196 7197 7198
f 7199 7200 7201
f 7202 7203 7204
f 7205 7206 7207
f 7208 7209 7210
f 7211 7212 7213
f 7214 7215 7216
f 7217 7218 7219
f 7220 7221 7222
f 7223 7224 7225
f 7226 7227 7228
f 7229 7230 7231
f 7232 7233 7234
f 7235 7236 7237
f 7238 7239 7240
f 7241 7242 7243
f 7244 7245 7246
f 7247 7248 7249
f 7250 7251 7252
f 7253 7254 7255
f 7256 7257 7258
f 7259 7260 7261
f 7262 7263 7264
f 7265 7266 7267
f 7268 7269 7270
f 7271 7272 7273
f 7274 7275 7276
f 7277 7278 7279
f 7280 7281 7282
f 7283 7284 7285
f 7286 7287 7288
f 7289 7290 7291
f 7292 7293 7294
f 7295 7296 7297
f 7298 7299 7300
f 7301 7302 7303
f 7304 7305 7306
f 7307 7308 7309
f 7310 7311 7312
f 7313 7314 7315
f 7316 7317 7318
f 7319 7320 7321
f 7322 7323 7324
f 7325 7326 7327
f 7328 7329 7330
f 7331 7332 7333
f 7334 7335 7336
f 7337 7338 7339
f 7340 7341 7342
f 7343 7344 7345
f 7346 7347 7348
f 7349 7350 7351
f 7352 7353 7354
f 7355 7356 7357
f 7358 7359 7360
f 7361 7362 7363
f 7364 7365 7366
f 7367 7368 7369
f 7370 7371 7372
f 7373 7374 7375
f 7376 7377 7378
f 7379 7380 7381
f 7382 7383 7384
f 7385 7386 7387
f 7388 7389 7390
f 7391 7392 7393
f 7394 7395 7396
f 7397 7398 7399
f 7400 7401 7402
f 7403 7404 7405
f 7406 7407 7408
f 7409 7410 7411
f 7412 7413 7414
f 7415 7416 7417
f 7418 7419 7420
f 7421 7422 7423
f 7424 7425 7426
f 7427 7428 7429
f 7430 7431 7432
f 7433 7434 7435
f 7436 7437 7438
f 7439 7440 7441
f 7442 7443 7444
f 7445 7446 7447
f 7448 7449 7450
f 7451 7452 7453
f 7454 7455 7456
f 7457 7458 7459
f 7460 7461 7462
f 7463 7464 7465
f 7466 7467 7468
f 7469 7470 7471
f 7472 7473 7474
f 7475 7476 7477
f 7478 7479 7480
f 7481 7482 7483
f 7484 7485 7486
f 7487 7488 7489
f 7490 7491 7492
f 7493 7494 7495
f 7496 7497 7498
f 7499 7500 7501
f 7502 7503 7504
f 7505 7506 7507
f 7508 7509 7510
f 7511 7512 7513
f 7514 7515 7516
f 7517 7518 7519
f 7520 7521 7522
f 7523 7524 7525
f 7526 7527 7528
f 7529 7530 7531
f 7532 7533 7534
f 7535 7536 7537
f 7538 7539 7540
f 7541 7542 7543
f 7544 7545 7546
f 7547 7548 7549
f 7550 7551 7552
f 7553 7554 7555
f 7556 7557 7558
f 7559 7560 7561
f 7562 7563 7564
f 7565 7566 7567
f 7568 7569 7570
f 7571 7572 7573
f 7574 7575 7576
f 7577 7578 7579
f 7580 7581 7582
f 7583 7584 7585
f 7586 7587 7588
f 7589 7590 7591
f 7592 7593 7594
f 7595 7596 7597
f 7598 7599 7600
f 7601 7602 7603
f 7604 7605 7606
f 7607 7608 7609
f 7610 7611 7612
f 7613 7614 7615
f 7616 7617 7618
f 7619 7620 7621
f 7622 7623 7624
f 7625 7626 7627
f 7628 7629 7630
f 7631 7632 7633
f 7634 7635 7636
f 7637 7638 7639
f 7640 7641 7642
f 7643 7644 7645
f 7646 7647 7648
f 7649 7650 7651
f 7652 7653 7654
f 7655 7656 7657
f 7658 7659 7660
f 7661 7662 7663
f 7664 7665 7666
f 7667 7668 7669
f 7670 7671 7672
f 7673 7674 7675
f 7676 7677 7678
f 7679 7680 7681
f 7682 7683 7684
f 7685 7686 7687
f 7688 7689 7690
f 7691 7692 7693
f 7694 7695 7696
f 7697 7698 7699
f 7700 7701 7702
f 7703 7704 7705
f 7706 7707 7708
f 7709 7710 7711
f 7712 7713 7714
f 7715 7716 7717
f 7718 7719 7720
f 7721 7722 7723
f 7724 7725 7726
f 7727 7728 7729
f 7730 7731 7732
f 7733 7734 7735
f 7736 7737 7738
f 7739 7740 7741
f 7742 7743 7744
f 7745 7746 7747
f 7748 7749 7750
f 7751 7752 7753
f 7754 7755 7756
f 7757 7758 7759
f 7760 7761 7762
f 7763 7764 7765
f 7766 7767 7768
f 7769 7770 7771
f 7772 7773 7774
f 7775 7776 7777
f 7778 7779 7780
f 7781 7782 7783
f 7784 7785 7786
f 7787 7788 7789
f 7790 7791 7792
f 7793 7794 7795
f 7796 7797 7798
f 7799 7800 7801
f 7802 7803 7804
f 7805 7806 7807
f 7808 7809 7810
f 7811 7812 7813
f 7814 7815 7816
f 7817 7818 7819
f 7820 7821 7822
f 7823 7824 7825
f 7826 7827 7828
f 7829 7830 7831
f 7832 7833 7834
f 7835 7836 7837
f 7838 7839 7840
f 7841 7842 7843
f 7844 7845 7846
f 7847 7848 7849
f 7850 7851 7852
f 7853 7854 7855
f 7856 7857 7858
f 7859 7860 7861
f 7862 7863 7864
f 7865 7866 7867
f 7868 7869 7870
f 7871 7872 7873
f 7874 7875 7876
f 7877 7878 7879
f 7880 7881 7882
f 7883 7884 7885
f 7886 7887 7888
f 7889 7890 7891
f 7892 7893 7894
f 7895 7896 7897
f 7898 7899 7900
f 7901 7902 7903
f 7904 7905 7906
f 7907 7908 7909
f 7910 7911 7912
f 7913 7914 7915
f 7916 7917 7918
f 7919 7920 7921
f 7922 7923 7924
f 7925 7926 7927
f 7928 7929 7930
f 7931 7932 7933
f 7934 7935 7936
f 7937 7938 7939
f 7940 7941 7942
f 7943 7944 7945
f 7946 7947 7948
f 7949 7950 7951
f 7952 7953 7954
f 7955 7956 7957
f 7958 7959 7960
f 7961 7962 7963
f 7964 7965 7966
f 7967 7968 7969
f 7970 7971 7972
f 7973 7974 7975
f 7976 7977 7978
f 7979 7980 7981
f 7982 7983 7984
f 7985 7986 7987
f 7988 7989 7990
f 7991 7992 7993
f 7994 7995 7996
f 7997 7998 7999
f 8000 8001 8002
f 8003 8004 8005
f 8006 8007 8008
f 8009 8010 8011
f 8012 8013 8014
f 8015 8016 8017
f 8018 8019 8020
f 8021 8022 8023
f 8024 8025 8026
f 8027 8028 8029
f 8030 8031 8032
f 8033 8034 8035
f 8036 8037 8038
f 8039 8040 8041
f 8042 8043 8044
f 8045 8046 8047
f 8048 8049 8050
f 8051 8052 8053
f 8054 8055 8056
f 8057 8058 8059
f 8060 8061 8062
f 8063 8064 8065
f 8066 8067 8068
f 8069 8070 8071
f 8072 8073 8074
f 8075 8076 8077
f 8078 8079 8080
f 8081 8082 8083
f 8084 8085 8086
f 8087 8088 8089
f 8090 8091 8092
f 8093 8094 8095
f 8096 8097 8098
f 8099 8100 8101
f 8102 8103 8104
f 8105 8106 8107
f 8108 8109 8110
f 8111 8112 8113
f 8114 8115 8116
f 8117 8118 8119
f 8120 8121 8122
f 8123 8124 8125
f 8126 8127 8128
f 8129 8130 8131
f 8132 8133 8134
f 8135 8136 8137
f 8138 8139 8140
f 8141 8142 8143
f 8144 8145 8146
f 8147 8148 8149
f 8150 8151 8152
f 8153 8154 8155
f 8156 8157 8158
f 8159 8160 8161
f 8162 8163 8164
f 8165 8166 8167
f 8168 8169 8170
f 8171 8172 8173
f 8174 8175 8176
f 8177 8178 8179
f 8180 8181 8182
f 8183 8184 8185
f 8186 8187 8188
f 8189 8190 8191
f 8192 8193 8194
f 8195 8196 8197
f 8198 8199 8200
f 8201 8202 8203
f 8204 8205 8206
f 8207 8208 8209
f 8210 8211 8212
f 8213 8214 8215
f 8216 8217 8218
f 8219 8220 8221
f 8222 8223 8224
f 8225 8226 8227
f 8228 8229 8230
f 8231 8232 8233
f 8234 8235 8236
f 8237 8238 8239
f 8240 8241 8242
f 8243 8244 8245
f 8246 8247 8248
f 8249 8250 8251
f 8252 8253 8254
f 8255 8256 8257
f 8258 8259 8260
f 8261 8262 8263
f 8264 8265 8266
f 8267 8268 8269
f 8270 8271 8272
f 8273 8274 8275
f 8276 8277 8278
f 8279 8280 8281
f 8282 8283 8284
f 8285 8286 8287
f 8288 8289 8290
f 8291 8292 8293
f 8294 8295 8296
f 8297 8298 8299
f 8300 8301 8302
f 8303 8304 8305
f 8306 8307 8308
f 8309 8310 8311
f 8312 8313 8314
f 8315 8316 8317
f 8318 8319 8320
f 8321 8322 8323
f 8324 8325 8326
f 8327 8328 8329
f 8330 8331 8332
f 8333 8334 8335
f 8336 8337 8338
f 8339 8340 8341
f 8342 8343 8344
f 8345 8346 8347
f 8348 8349 8350
f 8351 8352 8353
f 8354 8355 8356
f 8357 8358 8359
f 8360 8361 8362
f 8363 8364 8365
f 8366 8367 8368
f 8369 8370 8371
f 8372 8373 8374
f 8375 8376 8377
f 8378 8379 8380
f 8381 8382 8383
f 8384 8385 8386
f 8387 8388 8389
f 8390 8391 8392
f 8393 8394 8395
f 8396 8397 8398
f 8399 8400 8401
f 8402 8403 8404
f 8405 8406 8407
f 8408 8409 8410
f 8411 8412 8413
f 8414 8415 8416
f 8417 8418 8419
f 8420 8421 8422
f 8423 8424 8425
f 8426 8427 8428
f 8429 8430 8431
f 8432 8433 8434
f 8435 8436 8437
f 8438 8439 8440
f 8441 8442 8443
f 8444 8445 8446
f 8447 8448 8449
f 8450 8451 8452
f 8453 8454 8455
f 8456 8457 8458
f 8459 8460 8461
f 8462 8463 8464
f 8465 8466 8467
f 8468 8469 8470
f 8471 8472 8473
f 8474 8475 8476
f 8477 8478 8479
f 8480 8481 8482
f 8483 8484 8485
f 8486 8487 8488
f 8489 8490 8491
f 8492 8493 8494
f 8495 8496 8497
f 8498 8499 8500
f 8501 8502 8503
f 8504 8505 8506
f 8507 8508 8509
f 8510 8511 8512
f 8513 8514 8515
f 8516 8517 8518
f 8519 8520 8521
f 8522 8523 8524
f 8525 8526 8527
f 8528 8529 8530
f 8531 8532 8533
f 8534 8535 8536
f 8537 8538 8539
f 8540 8541 8542
f 8543 8544 8545
f 8546 8547 8548
f 8549 8550 8551
f 8552 8553 8554
f 8555 8556 8557
f 8558 8559 8560
f 8561 8562 8563
f 8564 8565 8566
f 8567 8568 8569
f 8570 8571 8572
f 8573 8574 8575
f 8576 8577 8578
f 8579 8580 8581
f 8582 8583 8584
f 8585 8586 8587
f 8588 8589 8590
f 8591 8592 8593
f 8594 8595 8596
f 8597 8598 8599
f 8600 8601 8602
f 8603 8604 8605
f 8606 8607 8608
f 8609 8610 8611
f 8612 8613 8614
f 8615 8616 8617
f 8618 8619 8620
f 8621 8622 8623
f 8624 8625 8626
f 8627 8628 8629
f 8630 8631 8632
f 8633 8634 8635
f 8636 8637 8638
f 8639 8640 8641
f 8642 8643 8644
f 8645 8646 8647
f 8648 8649 8650
f 8651 8652 8653
f 8654 8655 8656
f 8657 8658 8659
f 8660 8661 8662
f 8663 8664 8665
f 8666 8667 8668
f 8669 8670 8671
f 8672 8673 8674
f 8675 8676 8677
f 8678 8679 8680
f 8681 8682 8683
f 8684 8685 8686
f 8687 8688 8689
f 8690 8691 8692
f 8693 8694 8695
f 8696 8697 8698
f 8699 8700 8701
f 8702 8703 8704
f 8705 8706 8707
f 8708 8709 8710
f 8711 8712 8713
f 8714 8715 8716
f 8717 8718 8719
f 8720 8721 8722
f 8723 8724 8725
f 8726 8727 8728
f 8729 8730 8731
f 8732 8733 8734
f 8735 8736 8737
f 8738 8739 8740
f 8741 8742 8743
f 8744 8745 8746
f 8747 8748 8749
f 8750 8751 8752
f 8753 8754 8755
f 8756 8757 8758
f 8759 8760 8761
f 8762 8763 8764
f 8765 8766 8767
f 8768 8769 8770
f 8771 8772 8773
f 8774 8775 8776
f 8777 8778 8779
f 8780 8781 8782
f 8783 8784 8785
f 8786 8787 8788
f 8789 8790 8791
f 8792 8793 8794
f 8795 8796 8797
f 8798 8799 8800
f 8801 8802 8803
f 8804 8805 8806
f 8807 8808 8809
f 8810 8811 8812
f 8813 8814 8815
f 8816 8817 8818
f 8819 8820 8821
f 8822 8823 8824
f 8825 8826 8827
f 8828 8829 8830
f 8831 8832 8833
f 8834 8835 8836
f 8837 8838 8839
f 8840 8841 8842
f 8843 8844 8845
f 8846 8847 8848
f 8849 8850 8851
f 8852 8853 8854
f 8855 8856 8857
f 8858 8859 8860
f 8861 8862 8863
f 8864 8865 8866
f 8867 8868 8869
f 8870 8871 8872
f 8873 8874 8875
f 8876 8877 8878
f 8879 8880 8881
f 8882 8883 8884
f 8885 8886 8887
f 8888 8889 8890
f 8891 8892 8893
f 8894 8895 8896
f 8897 8898 8899
f 8900 8901 8902
f 8903 8904 8905
f 8906 8907 8908
f 8909 8910 8911
f 8912 8913 8914
f 8915 8916 8917
f 8918 8919 8920
f 8921 8922 8923
f 8924 8925 8926
f 8927 8928 8929
f 8930 8931 8932
f 8933 8934 8935
f 8936 8937 8938
f 8939 8940 8941
f 8942 8943 8944
f 8945 8946 8947
f 8948 8949 8950
f 8951 8952 8953
f 8954 8955 8956
f 8957 8958 8959
f 8960 8961 8962
f 8963 8964 8965
f 8966 8967 8968
f 8969 8970 8971
f 8972 8973 8974
f 8975 8976 8977
f 8978 8979 8980
f 8981 8982 8983
f 8984 8985 8986
f 8987 8988 8989
f 8990 8991 8992
f 8993 8994 8995
f 8996 8997 8998
f 8999 9000 9001
f 9002 9003 9004
f 9005 9006 9007
f 9008 9009 9010
f 9011 9012 9013
f 9014 9015 9016
f 9017 9018 9019
f 9020 9021 9022
f 9023 9024 9025
f 9026 9027 9028
f 9029 9030 9031
f 9032 9033 9034
f 9035 9036 9037
f 9038 9039 9040
f 9041 9042 9043
f 9044 9045 9046
f 9047 9048 9049
f 9050 9051 9052
f 9053 9054 9055
f 9056 9057 9058
f 9059 9060 9061
f 9062 9063 9064
f 9065 9066 9067
f 9068 9069 9070
f 9071 9072 9073
f 9074 9075 9076
f 9077 9078 9079
f 9080 9081 9082
f 9083 9084 9085
f 9086 9087 9088
f 9089 9090 9091
f 9092 9093 9094
f 9095 9096 9097
f 9098 9099 9100
f 9101 9102 9103
f 9104 9105 9106
f 9107 9108 9109
f 9110 9111 9112
f 9113 9114 9115
f 9116 9117 9118
f 9119 9120 9121
f 9122 9123 9124
f 9125 9126 9127
f 9128 9129 9130
f 9131 9132 9133
f 9134 9135 9136
f 9137 9138 9139
f 9140 9141 9142
f 9143 9144 9145
f 9146 9147 9148
f 9149 9150 9151
f 9152 9153 9154
f 9155 9156 9157
f 9158 9159 9160
f 9161 9162 9163
f 9164 9165 9166
f 9167 9168 9169
f 9170 9171 9172
f 9173 9174 9175
f 9176 9177 9178
f 9179 9180 9181
f 9182 9183 9184
f 9185 9186 9187
f 9188 9189 9190
f 9191 9192 9193
f 9194 9195 9196
f 9197 9198 9199
f 9200 9201 9202
f 9203 9204 9205
f 9206 9207 9208
f 9209 9210 9211
f 9212 9213 9214
f 9215 9216 9217
f 9218 9219 9220
f 9221 9222 9223
f 9224 9225 9226
f 9227 9228 9229
f 9230 9231 9232
f 9233 9234 9235
f 9236 9237 9238
f 9239 9240 9241
f 9242 9243 9244
f 9245 9246 9247
f 9248 9249 9250
f 9251 9252 9253
f 9254 9255 9256
f 9257 9258 9259
f 9260 9261 9262
f 9263 9264 9265
f 9266 9267 9268
f 9269 9270 9271
f 9272 9273 9274
f 9275 9276 9277
f 9278 9279 9280
f 9281 9282 9283
f 9284 9285 9286
f 9287 9288 9289
f 9290 9291 9292
f 9293 9294 9295
f 9296 9297 9298
f 9299 9300 9301
f 9302 9303 9304
f 9305 9306 9307
f 9308 9309 9310
f 9311 9312 9313
f 9314 9315 9316
f 9317 9318 9319
f 9320 9321 9322
f 9323 9324 9325
f 9326 9327 9328
f 9329 9330 9331
f 9332 9333 9334
f 9335 9336 9337
f 9338 9339 9340
f 9341 9342 9343
f 9344 9345 9346
f 9347 9348 9349
f 9350 9351 9352
f 9353 9354 9355
f 9356 9357 9358
f 9359 9360 9361
f 9362 9363 9364
f 9365 9366 9367
f 9368 9369 9370
f 9371 9372 9373
f 9374 9375 9376
f 9377 9378 9379
f 9380 9381 9382
f 9383 9384 9385
f 9386 9387 9388
f 9389 9390 9391
f 9392 9393 9394
f 9395 9396 9397
f 9398 9399 9400
f 9401 9402 9403
f 320 9404 9405
f 9406 9407 9408
f 9409 9410 9411
f 9412 9413 9414
f 9415 9416 9417
f 9418 9419 9420
f 9421 9422 9423
f 318 9424 9425
f 9426 9427 9428
f 9429 9430 9431
f 9432 9433 9434
f 9435 9436 9437
f 9438 9439 9440
f 9441 9442 9443
f 9444 9445 9446
f 220 9447 9448
f 9449 9450 9451
f 9452 9453 9454
f 9455 9456 9457
f 9458 9459 9460
f 9461 9462 9463
f 9464 9465 9466
f 9467 9468 9469
f 9470 9471 9472
f 9473 9474 9475
f 9476 9477 9478
f 9479 9480 9481
f 9482 9483 9484
f 9485 9486 9487
f 9488 9489 9490
f 9491 9492 9493
f 9494 9495 9496
f 9497 9498 9499
f 9500 9501 9502
f 9503 9504 9505
f 9506 9507 9508
f 9509 9510 9511
f 9512 9513 9514
f 9515 9516 9517
f 9518 9519 9520
f 9521 9522 9523
f 9524 9525 9526
f 9527 9528 9529
f 9530 9531 9532
f 9533 9534 9535
f 9536 9537 9538
f 9539 9540 9541
f 9542 9543 9544
f 9545 9546 9547
f 9548 9549 9550
f 9551 9552 9553
f 9554 9555 9556
f 9557 9558 9559
f 9560 9561 9562
f 9563 9564 9565
f 9566 9567 9568
f 9569 9570 9571
f 9572 9573 9574
f 9575 9576 9577
f 9578 9579 9580
f 9581 9582 9583
f 9584 9585 9586
f 9587 9588 9589
f 9590 9591 9592
f 9593 9594 9595
f 9596 9597 9598
f 9599 9600 9601
f 9602 9603 9604
f 9605 9606 9607
f 369 9608 9609
f 9610 9611 9612
f 9613 9614 9615
f 9616 9617 9618
f 9619 9620 9621
f 9622 9623 9624
f 9625 9626 9627
f 9628 9629 9630
f 9631 9632 9633
f 365 9634 9635
f 9636 9637 9638
f 9639 9640 9641
f 364 9642 9643
f 269 9644 9645
f 9646 9647 9648
f 9649 63 9650
f 9651 9652 10
f 9653 9654 64
f 9655 9656 65
f 9657 9658 268
f 9659 361 9660
f 9661 9662 9663
f 9664 9665 9666
f 9667 359 9668
f 9669 9670 9671
f 267 9672 9673
f 9674 13 9675
f 9676 9677 14
f 9678 9679 265
f 9680 266 9681
f 9682 264 9683
f 9684 9685 9686
f 263 9687 9688
f 9689 15 9690
f 9691 9692 16
f 9693 9694 66
f 9695 358 9696
f 9697 357 9698
f 9699 9700 9701
f 262 9702 9703
f 9704 67 9705
f 9706 9707 19
f 9708 9709 68
f 9710 261 9711
f 9712 260 9713
f 9714 9715 9716
f 69 9717 9718
f 9719 20 9720
f 9721 9722 71
f 9723 9724 70
f 9725 356 9726
f 9727 355 9728
f 9729 9730 9731
f 259 9732 9733
f 9734 72 9735
f 9736 9737 23
f 9738 9739 73
f 9740 352 9741
f 9742 258 9743
f 9744 9745 9746
f 257 9747 9748
f 9749 24 9750
f 9751 9752 75
f 9753 9754 74
f 9755 350 9756
f 9757 256 9758
f 9759 9760 9761
f 255 9762 9763
f 9764 26 9765
f 9766 9767 76
f 9768 9769 254
f 9770 253 9771
f 9772 251 9773
f 9774 9775 9776
f 252 9777 9778
f 9779 77 9780
f 9781 9782 29
f 9783 9784 79
f 9785 346 9786
f 9787 345 9788
f 9789 9790 9791
f 80 9792 9793
f 9794 78 9795
f 9796 9797 81
f 9798 9799 82
f 9800 250 9801
f 9802 343 9803
f 9804 9805 9806
f 248 9807 9808
f 9809 32 9810
f 9811 9812 33
f 9813 9814 247
f 9815 249 9816
f 9817 340 9818
f 9819 9820 9821
f 83 9822 9823
f 9824 34 9825
f 9826 9827 84
f 9828 9829 246
f 9830 339 9831
f 9832 338 9833
f 9834 9835 9836
f 245 9837 9838
f 9839 38 9840
f 9841 9842 85
f 9843 9844 243
f 9845 337 9846
f 9847 244 9848
f 9849 9850 9851
f 87 9852 9853
f 9854 86 9855
f 9856 9857 40
f 9858 9859 88
f 9860 336 9861
f 9862 334 9863
f 9864 9865 9866
f 242 9867 9868
f 9869 89 9870
f 9871 9872 90
f 9873 9874 91
f 9875 333 9876
f 9877 241 9878
f 9879 9880 9881
f 92 9882 9883
f 9884 44 9885
f 9886 9887 45
f 9888 9889 93
f 9890 240 9891
f 9892 239 9893
f 9894 9895 9896
f 238 9897 9898
f 9899 47 9900
f 9901 9902 48
f 9903 9904 94
f 9905 237 9906
f 9907 236 9908
f 9909 9910 9911
f 235 9912 9913
f 9914 49 9915
f 9916 9917 50
f 9918 9919 95
f 9920 328 9921
f 9922 326 9923
f 9924 9925 9926
f 96 9927 9928
f 9929 51 9930
f 9931 9932 97
f 9933 9934 234
f 9935 324 9936
f 9937 233 9938
f 9939 9940 9941
f 9942 9943 9944
f 9945 9946 9947
f 9948 127 9949
f 9950 9951 9952
f 9953 128 9954
f 9955 9956 9957
f 9958 9959 9960
f 9961 130 9962
f 9963 9964 9965
f 9966 9967 9968
f 9969 131 9970
f 9971 9972 9973
f 9974 9975 9976
f 9977 9978 9979
f 9980 9981 9982
f 9983 9984 9985
f 9986 132 9987
f 9988 9989 9990
f 9991 9992 9993
f 9994 133 9995
f 9996 9997 9998
f 9999 10000 10001
f 10002 10003 10004
f 10005 10006 10007
f 10008 10009 10010
f 10011 134 10012
f 10013 10014 10015
f 10016 10017 105
f 10018 10019 46
f 10020 10021 107
f 10022 10023 10024
f 10025 10026 135
f 10027 108 10028
f 10029 10030 109
f 10031 10032 110
f 10033 10034 157
f 10035 158 10036
f 10037 10038 12
f 10039 10040 10041
f 10042 10043 10044
f 10045 11 10046
f 10047 10048 10049
f 10050 156 10051
f 10052 10053 10054
f 10055 10056 10057
f 10058 10059 155
f 112 10060 10061
f 113 10062 10063
f 10064 138 10065
f 10066 10067 139
f 10068 10069 154
f 10070 17 10071
f 10072 18 10073
f 10074 10075 10076
f 10077 10078 10079
f 10080 10081 10082
f 153 10083 10084
f 10085 114 10086
f 10087 10088 140
f 10089 10090 115
f 10091 152 10092
f 10093 21 10094
f 10095 10096 10097
f 10098 10099 10100
f 10101 10102 10103
f 151 10104 10105
f 10106 116 10107
f 10108 10109 141
f 10110 10111 117
f 10112 22 10113
f 10114 150 10115
f 10116 10117 10118
f 10119 10120 10121
f 10122 10123 10124
f 118 10125 10126
f 10127 143 10128
f 10129 10130 144
f 10131 10132 148
f 10133 149 10134
f 10135 25 10136
f 10137 10138 10139
f 10140 10141 10142
f 10143 10144 10145
f 119 10146 10147
f 10148 120 10149
f 10150 10151 147
f 10152 27 10153
f 10154 28 10155
f 10156 10157 10158
f 10159 10160 10161
f 10162 10163 146
f 10164 10165 10166
f 10167 10168 10169
f 10170 145 10171
f 10172 10173 10174
f 10175 10176 10177
f 10178 10179 142
f 10180 10181 10182
f 10183 10184 10185
f 10186 30 10187
f 10188 10189 10190
f 10191 10192 10193
f 10194 10195 31
f 10196 10197 10198
f 10199 10200 10201
f 10202 35 10203
f 10204 10205 10206
f 10207 10208 10209
f 10210 10211 36
f 10212 10213 10214
f 10215 10216 10217
f 10218 37 10219
f 10220 10221 10222
f 10223 10224 10225
f 10226 10227 39
f 10228 10229 10230
f 111 10231 10232
f 10233 137 10234
f 10235 10236 10237
f 10238 10239 10240
f 10241 10242 41
f 10243 10244 10245
f 10246 10247 10248
f 10249 10250 10251
f 10252 10253 10254
f 10255 10256 10257
f 10258 10259 10260
f 10261 10262 10263
f 10264 10265 10266
f 10267 10268 10269
f 10270 10271 10272
f 10273 10274 10275
f 10276 10277 10278
f 10279 10280 10281
f 10282 10283 10284
f 10285 10286 10287
f 10288 10289 10290
f 10291 10292 10293
f 10294 10295 10296
f 10297 10298 10299
f 10300 10301 10302
f 10303 10304 10305
f 10306 10307 10308
f 10309 10310 10311
f 10312 136 10313
f 10314 10315 10316
f 10317 10318 10319
f 10320 10321 42
f 10322 10323 10324
f 10325 10326 10327
f 10328 10329 10330
f 10331 43 10332
f 10333 10334 10335
f 10336 10337 10338
f 10339 10340 10341
f 10342 10343 10344
f 10345 10346 10347
f 10348 10349 10350
f 10351 10352 10353
f 10354 10355 10356
f 10357 10358 10359
f 10360 10361 10362
f 10363 10364 10365
f 10366 10367 10368
f 10369 10370 10371
f 10372 10373 10374
f 10375 10376 10377
f 10378 10379 10380
f 10381 10382 10383
f 10384 10385 10386
f 10387 10388 10389
f 10390 10391 10392
f 10393 10394 10395
f 10396 10397 10398
f 10399 10400 10401
f 10402 10403 10404
f 10405 10406 10407
f 10408 10409 10410
f 10411 10412 10413
f 10414 10415 10416
f 10417 10418 10419
f 10420 10421 10422
f 10423 10424 10425
f 10426 10427 10428
f 10429 10430 10431
f 10432 10433 10434
f 10435 10436 10437
f 10438 10439 10440
f 10441 10442 10443
f 10444 10445 10446
f 10447 10448 10449
f 10450 10451 10452
f 10453 10454 10455
f 10456 10457 10458
f 10459 10460 10461
f 10462 10463 10464
f 10465 10466 10467
f 10468 10469 10470
f 10471 10472 10473
f 10474 10475 10476
f 10477 10478 10479
f 10480 10481 10482
f 10483 10484 10485
f 10486 10487 10488
f 10489 10490 10491
f 10492 10493 10494
f 10495 10496 10497
f 10498 10499 10500
f 10501 10502 10503
f 10504 10505 10506
f 10507 10508 10509
f 10510 10511 10512
f 10513 10514 10515
f 10516 10517 10518
f 10519 10520 10521
f 10522 10523 10524
f 10525 10526 10527
f 10528 10529 10530
f 10531 10532 10533
f 10534 10535 10536
f 10537 10538 10539
f 10540 10541 10542
f 10543 10544 10545
f 10546 161 10547
f 10548 10549 10550
f 10551 10552 10553
f 10554 10555 10556
f 10557 10558 10559
f 10560 10561 10562
f 10563 10564 10565
f 10566 10567 10568
f 10569 10570 10571
f 10572 10573 10574
f 10575 10576 10577
f 10578 10579 10580
f 10581 10582 10583
f 10584 10585 10586
f 10587 10588 10589
f 10590 10591 10592
f 10593 10594 10595
f 10596 10597 10598
f 10599 10600 10601
f 10602 10603 10604
f 10605 10606 10607
f 10608 10609 10610
f 10611 10612 10613
f 10614 10615 10616
f 10617 10618 10619
f 10620 10621 10622
f 10623 10624 10625
f 10626 10627 10628
f 10629 10630 10631
f 10632 10633 10634
f 10635 10636 10637
f 10638 10639 10640
f 10641 10642 10643
f 10644 10645 10646
f 10647 10648 10649
f 10650 10651 10652
f 10653 10654 10655
f 10656 10657 10658
f 10659 10660 10661
f 10662 10663 10664
f 10665 10666 10667
f 10668 10669 10670
f 10671 10672 10673
f 10674 10675 10676
f 10677 10678 10679
f 10680 10681 10682
f 10683 10684 10685
f 10686 10687 10688
f 10689 10690 10691
f 10692 10693 10694
f 10695 10696 10697
f 10698 10699 10700
f 10701 10702 10703
f 10704 10705 10706
f 10707 10708 10709
f 10710 10711 10712
f 10713 10714 10715
f 10716 10717 10718
f 10719 10720 10721
f 10722 10723 10724
f 10725 10726 10727
f 10728 10729 10730
f 10731 10732 10733
f 10734 10735 10736
f 10737 10738 10739
f 10740 10741 10742
f 10743 10744 10745
f 10746 10747 10748
f 10749 10750 10751
f 10752 10753 10754
f 10755 10756 10757
f 10758 10759 10760
f 10761 10762 10763
f 10764 10765 10766
f 10767 10768 10769
f 10770 10771 10772
f 10773 10774 10775
f 10776 10777 10778
f 10779 10780 10781
f 10782 10783 10784
f 10785 10786 10787
f 10788 10789 10790
f 10791 10792 10793
f 10794 10795 10796
f 10797 10798 10799
f 10800 10801 10802
f 10803 10804 10805
f 10806 10807 10808
f 10809 10810 10811
f 10812 10813 10814
f 10815 10816 10817
f 10818 10819 10820
f 10821 10822 10823
f 10824 10825 10826
f 10827 10828 10829
f 10830 10831 10832
f 10833 196 10834
f 10835 194 10836
f 10837 10838 10839
f 10840 10841 10842
f 10843 10844 10845
f 10846 10847 10848
f 10849 10850 10851
f 10852 10853 10854
f 10855 10856 10857
f 10858 10859 10860
f 10861 10862 10863
f 10864 10865 10866
f 10867 10868 10869
f 10870 10871 10872
f 10873 10874 10875
f 10876 10877 10878
f 10879 10880 10881
f 10882 10883 10884
f 10885 10886 10887
f 10888 10889 10890
f 10891 10892 10893
f 10894 10895 10896
f 10897 10898 10899
f 10900 10901 10902
f 10903 10904 10905
f 10906 10907 10908
f 10909 10910 10911
f 10912 10913 10914
f 10915 10916 10917
f 10918 10919 10920
f 10921 10922 10923
f 10924 10925 10926
f 10927 10928 10929
f 10930 10931 10932
f 10933 10934 10935
f 10936 10937 10938
f 10939 10940 10941
f 10942 10943 10944
f 10945 10946 10947
f 10948 10949 10950
f 10951 10952 10953
f 10954 10955 10956
f 10957 10958 10959
f 10960 10961 10962
f 10963 10964 10965
f 10966 10967 10968
f 10969 10970 10971
f 10972 10973 10974
f 10975 10976 10977
f 10978 10979 10980
f 10981 10982 10983
f 10984 10985 10986
f 10987 10988 10989
f 10990 10991 10992
f 10993 10994 10995
f 10996 10997 10998
f 10999 11000 11001
f 11002 11003 11004
f 11005 11006 11007
f 11008 11009 11010
f 11011 11012 11013
f 11014 11015 11016
f 11017 11018 11019
f 11020 11021 11022
f 11023 11024 11025
f 11026 11027 11028
f 11029 11030 11031
f 11032 11033 11034
f 11035 11036 11037
f 11038 11039 11040
f 11041 11042 11043
f 11044 11045 11046
f 11047 11048 11049
f 11050 11051 11052
f 11053 11054 11055
f 11056 11057 11058
f 11059 11060 11061
f 11062 11063 11064
f 11065 11066 11067
f 11068 11069 11070
f 11071 11072 11073
f 11074 11075 11076
f 11077 11078 11079
f 11080 11081 11082
f 11083 11084 11085
f 11086 11087 11088
f 11089 11090 11091
f 11092 11093 11094
f 11095 11096 11097
f 11098 11099 11100
f 11101 11102 11103
f 11104 11105 11106
f 11107 11108 11109
f 11110 11111 11112
f 11113 11114 11115
f 11116 11117 11118
f 11119 11120 11121
f 11122 11123 11124
f 11125 11126 11127
f 11128 11129 11130
f 11131 11132 11133
f 11134 11135 11136
f 11137 11138 11139
f 11140 11141 11142
f 11143 11144 11145
f 11146 11147 11148
f 11149 11150 11151
f 11152 11153 11154
f 11155 11156 11157
f 11158 11159 11160
f 11161 11162 11163
f 11164 11165 11166
f 11167 11168 11169
f 11170 11171 11172
f 11173 11174 11175
f 11176 11177 11178
f 11179 11180 11181
f 11182 11183 11184
f 11185 11186 11187
f 11188 11189 11190
f 11191 11192 11193
f 11194 11195 11196
f 11197 11198 11199
f 11200 11201 11202
f 11203 11204 11205
f 11206 11207 11208
f 11209 11210 11211
f 11212 11213 11214
f 11215 11216 11217
f 11218 11219 11220
f 11221 11222 11223
f 11224 11225 11226
f 11227 11228 11229
f 11230 11231 11232

